link_id,lane_km,Avg. speed limit,road_capacity_utilization,congestion_index,speed_performance_index,Simulated traffic volume,vol_car
0,0.020555838523897398,50.00068830137205,0.0,1.0,1.0,0.0,0.0
2,0.0272622224755745,50.02242656068716,0.0,1.0,1.0,0.0,0.0
4,0.02950395680558637,50.00670645014638,0.0,1.0,1.0,0.0,0.0
6,0.060038114969572086,49.726061691804354,3.743055555555557E-4,0.9943562023150766,0.9943562023150766,21.0,21.0
8,0.847235687274848,50.00079465884349,0.0,1.0,1.0,0.0,0.0
9,0.847235687274848,50.00079465884349,0.0,1.0,1.0,0.0,0.0
10,0.03285162793150694,48.32696021087163,0.006523611111111116,0.9587001959153337,0.9664120627127045,366.0,366.0
12,0.0705887655931008,30.00230887073942,0.0,1.0,1.0,0.0,0.0
13,0.0705887655931008,30.00230887073942,0.0,1.0,1.0,0.0,0.0
14,0.10471817845450221,50.011334894694606,0.0,1.0,1.0,0.0,0.0
15,0.10471817845450221,50.011334894694606,0.0,1.0,1.0,0.0,0.0
16,0.1074574922530008,50.006071886091384,0.0,1.0,1.0,0.0,0.0
17,0.1074574922530008,50.006071886091384,0.0,1.0,1.0,0.0,0.0
18,0.06006681532650109,50.00937446239684,0.0,1.0,1.0,0.0,0.0
20,0.016744469751913498,49.40356792545246,5.525462962962965E-4,0.9875875284709027,0.9875875284709027,31.0,31.0
22,0.014574194996176881,48.282144122552644,0.05591412037037039,0.9653405951982976,0.9653405951982976,3137.0,3137.0
24,0.025269582144034863,49.86982945867046,6.951388888888888E-4,0.9971782799120392,0.9971782799120392,39.0,39.0
26,0.017250130946906597,49.40818756088166,1.425925925925926E-4,0.9881563973152699,0.9881563973152699,8.0,8.0
28,0.023989550599961634,49.79385791746452,5.525462962962965E-4,0.9957382444249568,0.9957382444249568,31.0,31.0
30,0.02010049729608641,49.57604642148907,1.425925925925926E-4,0.9913630594580972,0.9913630594580972,8.0,8.0
32,0.022612140150346068,50.002275516735786,0.0,1.0,1.0,0.0,0.0
34,0.019429136340889854,49.329695375176094,1.425925925925926E-4,0.9790621546385136,0.9859717617402405,8.0,8.0
36,0.057795219704088574,48.28356343351124,0.056448842592592585,0.9411404690806168,0.9656142714945669,3167.0,3167.0
38,0.024865879323199506,49.78386197658725,0.0023884259259259267,0.9954934369428627,0.9954934369428627,134.0,134.0
40,0.16547207560040297,50.00415278783268,0.0,1.0,1.0,0.0,0.0
41,0.16547207560040297,50.00415278783268,0.0,1.0,1.0,0.0,0.0
42,0.024203213941623784,48.09219128652992,0.05630625,0.9345304575089137,0.9615077959161775,3159.0,3159.0
44,0.036012657356065535,50.01757966120213,0.0,1.0,1.0,0.0,0.0
45,0.036012657356065535,50.01757966120213,0.0,1.0,1.0,0.0,0.0
46,0.36909615354330266,50.00173676359936,0.0,1.0,1.0,0.0,0.0
47,0.36909615354330266,50.00173676359936,0.0,1.0,1.0,0.0,0.0
48,0.08687261029168113,30.002052671724105,0.0,1.0,1.0,0.0,0.0
49,0.08687261029168113,30.002052671724105,0.0,1.0,1.0,0.0,0.0
50,0.16067372746801997,49.85013374315389,0.03049699074074074,0.996961932427883,0.996961932427883,1711.0,1711.0
52,0.03428961285672918,50.017263486314846,0.0,1.0,1.0,0.0,0.0
53,0.03428961285672918,50.017263486314846,0.0,1.0,1.0,0.0,0.0
54,0.04083608347865523,47.578848933164245,0.040424999999999996,0.9253786347848487,0.951514539139395,2268.0,2268.0
56,0.025948295365252557,49.86990106573513,2.6736111111111107E-4,0.9972557763812122,0.9972557763812122,15.0,15.0
58,0.2623304314762765,50.00209420842883,0.0,1.0,1.0,0.0,0.0
60,0.07313307637215156,50.00552230574466,0.0,1.0,1.0,0.0,0.0
61,0.07313307637215156,50.00552230574466,0.0,1.0,1.0,0.0,0.0
62,0.04689729514648393,50.008964018762484,0.0,1.0,1.0,0.0,0.0
63,0.04689729514648393,50.008964018762484,0.0,1.0,1.0,0.0,0.0
64,0.07042197742116815,50.00377094994188,0.0,1.0,1.0,0.0,0.0
65,0.07042197742116815,50.00377094994188,0.0,1.0,1.0,0.0,0.0
66,0.03576531460579369,50.00199323528438,0.0,1.0,1.0,0.0,0.0
67,0.03576531460579369,50.00199323528438,0.0,1.0,1.0,0.0,0.0
68,0.04358025859084222,50.01241024132355,1.7824074074074075E-5,1.0,1.0,1.0,1.0
70,0.5335405571222952,50.0011976269137,0.0,1.0,1.0,0.0,0.0
71,0.5335405571222952,50.0011976269137,0.0,1.0,1.0,0.0,0.0
72,0.01771851429887105,49.08419310367403,0.004295601851851853,0.9811388809770499,0.9811388809770499,241.0,241.0
74,0.2603073508233226,50.00034483854239,0.0,1.0,1.0,0.0,0.0
75,0.2603073508233226,50.00034483854239,0.0,1.0,1.0,0.0,0.0
76,0.06354728394070751,49.82732116203344,4.099537037037036E-4,0.9964617036977579,0.9964617036977579,23.0,23.0
78,0.10207357009977999,49.330510116684316,0.005222453703703702,0.972387186753523,0.9864410401737127,293.0,293.0
80,0.07155265102857675,50.007676898248164,0.0,1.0,1.0,0.0,0.0
81,0.07155265102857675,50.007676898248164,0.0,1.0,1.0,0.0,0.0
82,0.1071087005883592,50.011844632696906,0.0,1.0,1.0,0.0,0.0
83,0.1071087005883592,50.011844632696906,0.0,1.0,1.0,0.0,0.0
84,0.1267480366428471,49.964551141371956,3.564814814814815E-5,0.9990894360815469,0.9990894360815469,2.0,2.0
86,0.030064086164787496,50.01419140167975,0.0,1.0,1.0,0.0,0.0
88,0.051003329550528206,49.78970865742434,0.001657638888888889,0.9957322881202869,0.9957322881202869,93.0,93.0
90,0.03740185775348821,49.78764088918021,0.0013189814814814809,0.9954204063209915,0.9954204063209915,74.0,74.0
92,0.23960514959878426,50.00165431311943,0.0,1.0,1.0,0.0,0.0
93,0.23960514959878426,50.00165431311943,0.0,1.0,1.0,0.0,0.0
94,0.011149357557950232,50.046991531946176,0.0,1.0,1.0,0.0,0.0
95,0.011149357557950232,50.046991531946176,0.0,1.0,1.0,0.0,0.0
96,0.028567685088599432,50.021238481983445,0.0,1.0,1.0,0.0,0.0
98,0.024164486766194843,50.02423942398012,0.0,1.0,1.0,0.0,0.0
99,0.024164486766194843,50.02423942398012,0.0,1.0,1.0,0.0,0.0
100,0.03970435807087074,48.948595280191846,6.238425925925927E-4,0.9663037426260473,0.9787351648747975,35.0,35.0
102,0.04306841920537699,50.0149384320507,0.0,1.0,1.0,0.0,0.0
104,0.20738043311103993,70.00183396153247,0.0,1.0,1.0,0.0,0.0
105,0.20738043311103993,70.00183396153247,0.0,1.0,1.0,0.0,0.0
106,0.38898585758024734,49.687438817681624,0.0067018518518518555,0.9937170079071874,0.9937170079071874,376.0,376.0
108,0.03447161271373338,49.388296516355396,0.007396990740740743,0.9874086555823668,0.9874086555823668,415.0,415.0
110,0.12261485163484052,50.00152536083212,0.0,1.0,1.0,0.0,0.0
111,0.12261485163484052,50.00152536083212,0.0,1.0,1.0,0.0,0.0
112,0.1570382841407735,50.00334538358258,0.0,1.0,1.0,0.0,0.0
113,0.1570382841407735,50.00334538358258,0.0,1.0,1.0,0.0,0.0
114,0.22636126763436265,50.00003457379468,0.0,1.0,1.0,0.0,0.0
115,0.22636126763436265,50.00003457379468,0.0,1.0,1.0,0.0,0.0
116,0.06894446273684247,50.00001326604208,0.0,1.0,1.0,0.0,0.0
117,0.06894446273684247,50.00001326604208,0.0,1.0,1.0,0.0,0.0
118,0.28556371677375764,50.00142900707819,1.6041666666666664E-4,1.0,1.0,9.0,9.0
120,0.03675336359984564,30.002745795792357,2.199074074074075E-5,1.0,1.0,1.0,1.0
122,0.06469106989862157,30.003588203431804,0.0,1.0,1.0,0.0,0.0
124,0.2943069113564016,29.794964520313584,0.004244212962962964,0.9931429784609517,0.9931429784609517,193.0,193.0
126,0.10751164587620073,30.00092435891192,0.0,1.0,1.0,0.0,0.0
127,0.10751164587620073,30.00092435891192,0.0,1.0,1.0,0.0,0.0
128,0.0939937638877811,30.00066938523025,0.0,1.0,1.0,0.0,0.0
129,0.0939937638877811,30.00066938523025,0.0,1.0,1.0,0.0,0.0
130,0.025421348786724793,30.005526436789925,0.0,1.0,1.0,0.0,0.0
132,0.07551874060510379,30.0008238996219,0.0,1.0,1.0,0.0,0.0
133,0.07551874060510379,30.0008238996219,0.0,1.0,1.0,0.0,0.0
134,0.0939937638877811,30.00066938523025,0.0,1.0,1.0,0.0,0.0
135,0.0939937638877811,29.42018888507024,0.0048599537037037005,0.9694924565148542,0.980651579696375,221.0,221.0
136,0.15236309468854134,30.00093753097133,0.0,1.0,1.0,0.0,0.0
137,0.15236309468854134,30.00093753097133,0.0,1.0,1.0,0.0,0.0
138,0.09414749273457437,30.001856585329534,0.0,1.0,1.0,0.0,0.0
139,0.09414749273457437,30.001856585329534,0.0,1.0,1.0,0.0,0.0
140,0.07551874060510377,30.000823899621892,0.0,1.0,1.0,0.0,0.0
141,0.07551874060510377,30.000823899621892,0.001781250000000001,1.0,1.0,81.0,81.0
142,0.09414749273457437,30.001856585329534,0.0010995370370370362,1.0,1.0,50.0,50.0
143,0.09414749273457437,30.001856585329534,0.0,1.0,1.0,0.0,0.0
144,0.0037374211096341363,30.032848202417167,0.0,1.0,1.0,0.0,0.0
146,0.0647728811952825,28.162984037749492,0.014777777777777775,0.922169294639018,0.9386771785560718,672.0,672.0
148,0.013841338868711734,50.01851297511116,0.007896064814814818,0.9998216874243356,0.9998216874243356,443.0,443.0
150,0.07433511024726266,49.719938510395835,0.007896064814814818,0.9943761105712058,0.9943761105712058,443.0,443.0
152,0.030542416958406163,50.0012283084412,0.0,1.0,1.0,0.0,0.0
154,0.015373124883244549,50.039104502423484,0.0,1.0,1.0,0.0,0.0
156,0.04144688432798098,50.00294355922639,0.0,1.0,1.0,0.0,0.0
158,0.028759896547518284,50.01721138698832,0.0,1.0,1.0,0.0,0.0
160,0.014975082891114447,48.57627645776128,0.028465046296296287,0.9579853459076155,0.9713444153779581,1597.0,1597.0
162,0.04482428086415888,50.00539544808552,0.0,1.0,1.0,0.0,0.0
164,0.02950003841055066,48.7599007649625,0.02846504629629629,0.960267952467459,0.9751967810619231,1597.0,1597.0
166,0.01394150270808167,48.538313364636984,0.02905324074074074,0.957363887351182,0.9700213588581361,1630.0,1630.0
168,0.04474161836757891,49.49893137692656,0.02115717592592593,0.9898619338862719,0.9898619338862719,1187.0,1187.0
170,0.03142481377853227,49.37217509601298,0.007896064814814818,0.987197683889832,0.987197683889832,443.0,443.0
172,0.24266669738239444,50.00000632879006,0.0,1.0,1.0,0.0,0.0
173,0.24266669738239444,50.00000632879006,0.0,1.0,1.0,0.0,0.0
174,0.04427543080173279,49.37461514139432,5.881944444444444E-4,0.9872396989932889,0.9872396989932889,33.0,33.0
176,0.36315106248353035,50.001676162346406,0.0,1.0,1.0,0.0,0.0
177,0.36315106248353035,50.001676162346406,0.0,1.0,1.0,0.0,0.0
178,0.33536666354723565,50.000827829456156,0.0,1.0,1.0,0.0,0.0
179,0.33536666354723565,50.000827829456156,0.0,1.0,1.0,0.0,0.0
180,0.05943986399442841,50.00783135778038,0.0,1.0,1.0,0.0,0.0
181,0.05943986399442841,50.00783135778038,0.0,1.0,1.0,0.0,0.0
182,0.3631510624835304,49.9522532092878,4.634259259259258E-4,0.9990125885402942,0.9990125885402942,26.0,26.0
183,0.3631510624835304,49.968727526974,5.3472222222222244E-5,0.9993417256935294,0.9993417256935294,3.0,3.0
184,0.04212464769155621,49.76390809168886,5.3472222222222244E-5,0.9949634095510003,0.9949634095510003,3.0,3.0
186,0.011708962521435513,49.83913646913161,5.3472222222222244E-5,0.99673011044882,0.99673011044882,3.0,3.0
188,0.022425948888774902,49.819578927772376,5.3472222222222244E-5,0.9959861283332478,0.9959861283332478,3.0,3.0
190,0.027605537104330873,50.015064708400175,0.0,1.0,1.0,0.0,0.0
192,0.015522006574649699,48.18561673941501,0.025577546296296307,0.9632326863906158,0.9632326863906158,1435.0,1435.0
194,0.02583642653475951,49.70063262092172,0.025720138888888883,0.9939028936581508,0.9939028936581508,1443.0,1443.0
196,0.04348668211404921,50.000656534837816,5.3472222222222244E-5,1.0,1.0,3.0,3.0
198,0.0105782275990288,49.040961320212816,0.025773611111111122,0.9800574810657972,0.9800574810657972,1446.0,1446.0
200,0.024115046594809047,49.80187747660119,4.634259259259258E-4,0.9958794274191601,0.9958794274191601,26.0,26.0
202,0.03315027751741168,50.017183177989125,0.0,1.0,1.0,0.0,0.0
204,0.01228617136761985,49.85280813018555,4.634259259259258E-4,0.9963938855771447,0.9963938855771447,26.0,26.0
206,0.028913176467436078,50.01798908350307,0.0,1.0,1.0,0.0,0.0
208,0.04391173904854123,49.68240454203966,4.634259259259258E-4,0.9934503532148045,0.9934503532148045,26.0,26.0
210,0.01553596131244907,50.026351274433495,0.0,1.0,1.0,0.0,0.0
211,0.01553596131244907,50.026351274433495,0.0,1.0,1.0,0.0,0.0
212,0.028300566021253026,48.67780715201975,0.02552407407407407,0.9732677987091727,0.9732677987091727,1432.0,1432.0
214,0.042214072740356136,49.75650445610128,5.3472222222222244E-5,0.9949969439443003,0.9949969439443003,3.0,3.0
216,0.7400470066171497,50.00036078715048,0.0,1.0,1.0,0.0,0.0
217,0.7400470066171497,50.00036078715048,0.0,1.0,1.0,0.0,0.0
218,1.079229651098938,110.00075719015226,0.0,1.0,1.0,0.0,0.0
219,1.079229651098938,110.00075719015226,0.0,1.0,1.0,0.0,0.0
220,0.04408242991471295,49.58387687842313,0.005828472222222223,0.9913951557693681,0.9913951557693681,327.0,327.0
222,0.014099992618280311,48.983582730180956,0.0058462962962963,0.9794833222607537,0.9794833222607537,328.0,328.0
224,0.03309321328262664,48.84996770288438,0.0058462962962963,0.9629282897632424,0.9767131590529696,328.0,328.0
226,0.06187311177216078,50.00969968113579,0.0,1.0,1.0,0.0,0.0
228,0.01442104220729027,46.27158186059071,0.10478773148148146,0.8803081120805336,0.9251629081995264,5879.0,5879.0
230,0.03289056918294364,48.38266451307591,0.07159930555555556,0.9552916085207072,0.9676080543045963,4017.0,4017.0
232,0.05052241469418841,49.488429442263,0.03350925925925926,0.9896191469734302,0.9896191469734302,1880.0,1880.0
234,0.016354601692387803,47.373520803294426,0.07682175925925927,0.9377091084991527,0.9470707208891207,4310.0,4310.0
236,0.03697462002875046,49.47508346239986,0.016095138888888888,0.9894428950646885,0.9894428950646885,903.0,903.0
238,0.059498948569892164,49.189050501128,0.060726620370370375,0.9835899318069887,0.9835899318069887,3407.0,3407.0
240,0.010776355142382513,49.001998766390166,0.01613078703703704,0.9789903972110819,0.9789903972110819,905.0,905.0
242,0.03337898868298653,49.902317334875036,1.7824074074074075E-5,0.99792808050408,0.99792808050408,1.0,1.0
244,0.04706937858016652,49.297289802882574,0.016112962962962968,0.985679576354031,0.985679576354031,904.0,904.0
246,0.017702396318706612,49.071023954812766,0.0027270833333333344,0.9809944858322106,0.9809944858322106,153.0,153.0
248,0.02681338231867278,49.917219895820104,0.003279629629629629,0.998067622484925,0.998067622484925,184.0,184.0
250,0.0500950219319564,50.011669150039666,0.0,1.0,1.0,0.0,0.0
252,0.019309498911864103,49.13224719097866,0.010034953703703709,0.9824513221878765,0.9824513221878765,563.0,563.0
254,0.03608483295479918,49.72289972859338,0.005828472222222223,0.9944181662881325,0.9944181662881325,327.0,327.0
256,0.13783376941419215,49.98036646207946,0.004277777777777777,0.9996043301969887,0.9996043301969887,240.0,240.0
258,0.024400640504653414,49.71716889068797,0.005899768518518519,0.9938816115906658,0.9938816115906658,331.0,331.0
260,0.006167600588764161,48.8490635820902,0.004063888888888889,0.9583333333333334,0.9768361350996259,228.0,228.0
262,0.08688637465473191,29.93582058376446,0.0064872685185185155,0.9978271399945751,0.9978271399945751,295.0,295.0
264,0.007930787090412164,48.929386113457404,0.009321990740740737,0.9684465383922162,0.9785597434510989,523.0,523.0
266,0.03969273051089232,50.015341210784854,0.0,1.0,1.0,0.0,0.0
268,0.04380437071206941,49.46291283143744,0.004295601851851853,0.9889832642092318,0.9889832642092318,241.0,241.0
270,0.11378226930909136,49.95521271232767,7.12962962962963E-5,0.9990651891090909,0.9990651891090909,4.0,4.0
272,0.035098669041216585,49.91993971811377,1.7824074074074075E-5,0.9983580005936374,0.9983580005936374,1.0,1.0
274,0.13883376743352385,49.99973967063454,7.12962962962963E-5,0.9999917317816952,0.9999917317816952,4.0,4.0
276,0.03793346826092266,48.03923176160203,0.014900925925925925,0.9438784546569329,0.960711844261222,836.0,836.0
278,0.09850837380402137,50.00425066193979,0.0,1.0,1.0,0.0,0.0
280,0.014693396857259117,47.31264899828932,0.04006851851851851,0.9210916035995499,0.9454420462962378,2248.0,2248.0
282,0.02676290427187055,47.55587922640086,0.04006851851851851,0.9251675892592941,0.9506703570371765,2248.0,2248.0
284,0.03595221487426995,50.010808944115844,0.0,1.0,1.0,0.0,0.0
286,0.021620861743035596,47.491799587777535,0.040692361111111124,0.9248544261713814,0.9494177046855252,2283.0,2283.0
288,0.01872699529637483,49.33044780830214,0.0017824074074074085,0.9863646370884983,0.9863646370884983,100.0,100.0
290,0.03992738507352379,49.05592438144334,0.028465046296296287,0.9693812331859242,0.9808639534368007,1597.0,1597.0
292,0.14216952780631265,50.00100626247807,0.0,1.0,1.0,0.0,0.0
293,0.14216952780631265,50.00100626247807,0.0,1.0,1.0,0.0,0.0
294,0.020065592559464357,50.02502300143469,0.0,1.0,1.0,0.0,0.0
295,0.020065592559464357,50.02502300143469,0.0,1.0,1.0,0.0,0.0
296,0.31222698911619673,50.00076338159734,0.0,1.0,1.0,0.0,0.0
298,0.08296807987316131,50.00228539714758,0.0021210648148148156,0.9997726261309183,0.9997726261309183,119.0,119.0
300,0.03523076971735148,49.68983325119194,9.80324074074074E-4,0.9935641030506848,0.9935641030506848,55.0,55.0
302,0.009780455322412434,49.396856455070534,0.0017824074074074085,0.9876746993005706,0.9876746993005706,100.0,100.0
304,0.04824344915001482,50.00760637490739,0.0,1.0,1.0,0.0,0.0
306,0.17737648119120256,50.00433299047214,0.0,1.0,1.0,0.0,0.0
308,0.021120014636929727,45.21463328699547,0.014348379629629635,0.8874352246136655,0.9039148516508957,805.0,805.0
310,0.07400716452908362,50.00484089802948,0.0,1.0,1.0,0.0,0.0
311,0.07400716452908362,50.00484089802948,0.0,1.0,1.0,0.0,0.0
312,0.12381987021833149,45.33857975370958,0.04849930555555554,0.8823173461766276,0.9067685504207648,2721.0,2721.0
314,0.13313199063733608,50.00262559148773,0.0,1.0,1.0,0.0,0.0
315,0.13313199063733608,50.00262559148773,0.0,1.0,1.0,0.0,0.0
316,0.07305620253963145,49.73682216056728,0.0013724537037037047,0.9947279561578783,0.9947279561578783,77.0,77.0
318,0.07024784389423774,50.00835238664344,0.0,1.0,1.0,0.0,0.0
320,0.045269959246290785,50.00670551906929,0.0,1.0,1.0,0.0,0.0
321,0.045269959246290785,50.00670551906929,0.0,1.0,1.0,0.0,0.0
322,0.0637617300653974,49.790292971525126,0.0036895833333333338,0.9956314417914235,0.9956314417914235,207.0,207.0
324,0.019159163252679166,49.11416809953071,0.002210185185185186,0.9819673296033627,0.9819673296033627,124.0,124.0
326,0.17341636830098223,50.003918773210735,0.0,1.0,1.0,0.0,0.0
327,0.17341636830098223,50.003918773210735,0.0,1.0,1.0,0.0,0.0
328,0.1985249263583924,50.002780024502385,0.0,1.0,1.0,0.0,0.0
329,0.1985249263583924,50.002780024502385,0.0,1.0,1.0,0.0,0.0
330,0.05201024665534289,46.88018093177506,0.00987453703703704,0.9218552339694964,0.9374209358779858,554.0,554.0
332,0.054173085435184336,50.00592501709323,0.0,1.0,1.0,0.0,0.0
333,0.054173085435184336,50.00592501709323,0.0,1.0,1.0,0.0,0.0
334,0.06933010626672718,50.007690354682005,0.0,1.0,1.0,0.0,0.0
336,0.09031829087640239,49.82175725435594,0.001621990740740741,0.9963014653504536,0.9963014653504536,91.0,91.0
338,0.018718161296137546,46.396509457564804,0.01577430555555556,0.918842042362202,0.9274486408624483,885.0,885.0
340,0.03824993664739945,50.01807916114712,0.0,1.0,1.0,0.0,0.0
341,0.03824993664739945,50.01807916114712,0.0,1.0,1.0,0.0,0.0
342,0.005697595647250226,46.146827097228105,0.017984490740740735,0.9166666666666667,0.9224292751514362,1009.0,1009.0
344,0.009419076731047747,47.67950390294522,0.0046699074074074065,0.9350084023438159,0.9533501380209651,262.0,262.0
346,0.02316600481658115,46.4560497808477,0.013314583333333336,0.9192245580533565,0.9285973096175402,747.0,747.0
348,0.004280160897330035,47.25199637589197,0.007058333333333333,0.9271182259493441,0.9445176529406403,396.0,396.0
350,0.007863656719343875,50.01619114777023,0.0,1.0,1.0,0.0,0.0
352,0.019412465365652182,47.723770834806615,0.007058333333333333,0.9353370000988933,0.95400733353112,396.0,396.0
354,0.005650567384226248,48.309098459480964,0.002210185185185186,0.943282610820294,0.9642187738527358,124.0,124.0
356,0.009339766832114836,47.88010920294234,0.002210185185185186,0.9426805966017165,0.9569487818388505,124.0,124.0
358,0.0148659809445443,50.016384486317264,0.0,1.0,1.0,0.0,0.0
360,0.020923063149670167,48.983613085267656,0.0023884259259259267,0.9688562645421713,0.9793791957510094,134.0,134.0
362,0.19153138630404298,50.00094203731362,0.0,1.0,1.0,0.0,0.0
363,0.19153138630404298,50.00094203731362,0.0,1.0,1.0,0.0,0.0
364,0.037423376094672334,50.00896582806993,0.0,1.0,1.0,0.0,0.0
366,0.026605699409174136,48.66991132738708,0.0010159722222222221,0.962023195553426,0.973092782213704,57.0,57.0
368,0.02200326096639095,50.00741128725216,0.0,1.0,1.0,0.0,0.0
369,0.02200326096639095,50.00741128725216,0.0,1.0,1.0,0.0,0.0
370,0.017258872050891664,30.000936447711243,0.0,1.0,1.0,0.0,0.0
371,0.017258872050891664,30.000936447711243,0.0,1.0,1.0,0.0,0.0
372,0.052990199631685525,30.003887806553617,0.0,1.0,1.0,0.0,0.0
373,0.052990199631685525,30.003887806553617,0.0,1.0,1.0,0.0,0.0
374,0.08982978038691944,50.00575373324725,0.0,1.0,1.0,0.0,0.0
375,0.08982978038691944,50.00575373324725,0.0,1.0,1.0,0.0,0.0
376,0.168745180981814,50.00268759029801,0.0,1.0,1.0,0.0,0.0
377,0.168745180981814,50.00268759029801,0.0,1.0,1.0,0.0,0.0
378,0.07533879613355995,50.003625752362794,0.0,1.0,1.0,0.0,0.0
379,0.07533879613355995,50.003625752362794,0.0,1.0,1.0,0.0,0.0
380,0.07692142141327608,50.00309084286636,0.0,1.0,1.0,0.0,0.0
381,0.07692142141327608,50.00309084286636,0.0,1.0,1.0,0.0,0.0
382,0.09168352157958123,50.001617586197916,0.0,1.0,1.0,0.0,0.0
383,0.09168352157958123,50.001617586197916,0.0,1.0,1.0,0.0,0.0
384,0.12086502454169232,50.001618978406384,0.0,1.0,1.0,0.0,0.0
385,0.12086502454169232,50.001618978406384,0.0,1.0,1.0,0.0,0.0
386,0.0631260064087814,50.00079715547041,0.0,1.0,1.0,0.0,0.0
387,0.0631260064087814,50.00079715547041,0.0,1.0,1.0,0.0,0.0
388,0.07533879613355995,50.003625752362794,2.1388888888888898E-4,1.0,1.0,12.0,12.0
389,0.07533879613355995,50.003625752362794,0.0,1.0,1.0,0.0,0.0
390,0.018239227166050098,50.008543638827376,0.0,1.0,1.0,0.0,0.0
391,0.018239227166050098,50.008543638827376,0.0,1.0,1.0,0.0,0.0
392,0.03365574588320679,50.00440989663411,0.0,1.0,1.0,0.0,0.0
394,0.12658932540238996,50.00236684755364,0.0,1.0,1.0,0.0,0.0
395,0.12658932540238996,50.00236684755364,0.0,1.0,1.0,0.0,0.0
396,0.1111110210307439,50.006210240114775,0.0,1.0,1.0,0.0,0.0
397,0.1111110210307439,50.006210240114775,0.0,1.0,1.0,0.0,0.0
398,0.01571981828893569,50.036556887858964,0.0,1.0,1.0,0.0,0.0
400,0.08846088223432831,50.00929272041173,0.0,1.0,1.0,0.0,0.0
401,0.08846088223432831,50.00929272041173,0.0,1.0,1.0,0.0,0.0
402,0.39060376046719403,30.000288822365132,0.0,1.0,1.0,0.0,0.0
404,0.34097545125158385,50.00047350328725,0.0,1.0,1.0,0.0,0.0
405,0.34097545125158385,50.00047350328725,0.0,1.0,1.0,0.0,0.0
406,0.18089497302220228,50.001681732181225,0.0,1.0,1.0,0.0,0.0
407,0.18089497302220228,50.001681732181225,0.0,1.0,1.0,0.0,0.0
408,0.025420343788777715,49.87440196837135,2.317129629629629E-4,0.997347886762375,0.997347886762375,13.0,13.0
410,0.05105773855788465,50.00213786952794,0.0,1.0,1.0,0.0,0.0
412,0.06063166881139125,50.00550005063195,0.0,1.0,1.0,0.0,0.0
413,0.06063166881139125,50.00550005063195,0.0,1.0,1.0,0.0,0.0
414,0.0724323709369864,50.00125318756492,0.0,1.0,1.0,0.0,0.0
416,0.0619565031730567,46.15140088701096,0.0989414351851852,0.8835648769018183,0.9228556536260866,5551.0,5551.0
418,0.08871514552005366,50.00383965432805,0.0,1.0,1.0,0.0,0.0
419,0.08871514552005366,50.00383965432805,0.0,1.0,1.0,0.0,0.0
420,0.043626694019677496,48.325868696175846,0.0029944444444444454,0.9574656443260817,0.9664805649954721,168.0,168.0
422,0.07214239699551456,50.002431494773276,0.0,1.0,1.0,0.0,0.0
423,0.07214239699551456,50.002431494773276,0.0,1.0,1.0,0.0,0.0
424,0.04715171335478183,50.01360285127124,0.0,1.0,1.0,0.0,0.0
426,0.028013474207398446,45.95977111726773,0.08377314814814818,0.8825235033111423,0.9187693406381863,4700.0,4700.0
428,0.010982874276842912,45.95482033601193,0.027270833333333327,0.9011690148294176,0.9182166009430235,1530.0,1530.0
430,0.009338050084352153,50.02526830902939,0.0010159722222222221,1.0,1.0,57.0,57.0
432,0.02484657074560134,45.95262816063807,0.0867675925925926,0.8828541111547847,0.9185805917183064,4868.0,4868.0
434,0.0456850991309301,50.00497320503142,0.0,1.0,1.0,0.0,0.0
436,0.018681076810049584,45.683928224384466,0.0867675925925926,0.8816065008592906,0.9136538581873218,4868.0,4868.0
438,0.03746859691902438,46.176622360079705,0.02625486111111112,0.9022286872152774,0.9232841346445528,1473.0,1473.0
440,0.12288770320514586,50.00516915773992,0.0,1.0,1.0,0.0,0.0
441,0.12288770320514586,50.00516915773992,0.0,1.0,1.0,0.0,0.0
442,0.16859441521778404,50.00328676750886,0.0,1.0,1.0,0.0,0.0
443,0.16859441521778404,50.00328676750886,0.0,1.0,1.0,0.0,0.0
444,0.14813464752214273,50.007945525104454,0.0,1.0,1.0,0.0,0.0
446,0.09909084864349044,50.003792418918636,0.0,1.0,1.0,0.0,0.0
447,0.09909084864349044,50.003792418918636,0.0,1.0,1.0,0.0,0.0
448,0.11001421313562053,49.95565019101546,0.0014793981481481479,0.9991101793001119,0.9991101793001119,83.0,83.0
450,0.01413660730050368,47.98886386518581,0.0480002314814815,0.9590240011648342,0.9590240011648342,2693.0,2693.0
452,0.05115643312917624,50.003572974486694,0.0,1.0,1.0,0.0,0.0
454,0.20658079943962313,49.712324776391554,0.0480002314814815,0.9941344664565254,0.9941344664565254,2693.0,2693.0
456,0.004554785033427178,50.14442238635426,0.0,1.0,1.0,0.0,0.0
458,0.008457702786650942,50.078503342012155,0.0,1.0,1.0,0.0,0.0
460,0.04945201271274281,50.007653305020824,0.0,1.0,1.0,0.0,0.0
462,0.015116319248676912,48.11657796141349,0.07632268518518519,0.9620156244126974,0.9620156244126974,4282.0,4282.0
464,0.04904227148459611,49.510693756758855,0.046520833333333345,0.99020257012715,0.99020257012715,2610.0,2610.0
466,0.10175492189863412,49.65135997598893,0.02980185185185184,0.9929828580906422,0.9929828580906422,1672.0,1672.0
468,0.01722812274453822,49.42317712339402,2.1388888888888898E-4,0.9881316380876055,0.9881316380876055,12.0,12.0
470,0.05890166262245856,49.55241287129945,2.1388888888888898E-4,0.9908381234834219,0.9908381234834219,12.0,12.0
472,0.08050639363326159,50.003971200783596,0.0,1.0,1.0,0.0,0.0
474,0.008499645637847882,46.89348551856506,0.04821412037037035,0.9008280253356447,0.9349363040277365,2705.0,2705.0
476,0.08074744710436459,49.88502814400059,0.010088425925925923,0.9974141137710313,0.9974141137710313,566.0,566.0
478,0.049600197362227594,49.50023476900685,0.038125694444444434,0.989950333048759,0.989950333048759,2139.0,2139.0
480,0.009987371372172368,47.40106605146487,0.010088425925925923,0.9166666666666667,0.9466287807831838,566.0,566.0
482,0.07918514387973911,50.0116698187826,0.0,1.0,1.0,0.0,0.0
484,0.10706164008729682,49.850749786625926,0.010088425925925923,0.9969628967321393,0.9969628967321393,566.0,566.0
486,0.23927349777858448,49.93771661775225,2.1388888888888898E-4,0.998659187222323,0.998659187222323,12.0,12.0
488,0.20512160357586742,50.0025577514303,0.0,1.0,1.0,0.0,0.0
489,0.20512160357586742,50.0025577514303,0.0,1.0,1.0,0.0,0.0
490,0.06220089237279121,49.51575794981979,0.009749768518518517,0.9902212047032681,0.9902212047032681,547.0,547.0
492,0.09067706543764743,50.00573461634969,0.0,1.0,1.0,0.0,0.0
494,0.20605281103332895,50.0060752136972,0.0,1.0,1.0,0.0,0.0
495,0.20605281103332895,50.0060752136972,0.0,1.0,1.0,0.0,0.0
496,0.054359716953909,49.988833822078035,1.247685185185186E-4,0.9995515605243825,0.9995515605243825,7.0,7.0
498,0.05452282106624362,49.96912366986707,8.912037037037043E-4,0.999225449133016,0.999225449133016,50.0,50.0
500,0.08694796373974513,48.982451357797416,0.009625000000000003,0.9796123444054099,0.9796123444054099,540.0,540.0
502,0.04758829741739308,49.930468819946796,3.564814814814815E-5,0.9985061390990946,0.9985061390990946,2.0,2.0
504,0.0524326354253042,50.001983451945726,0.0,1.0,1.0,0.0,0.0
506,0.06458040688947107,49.90184173061099,8.912037037037032E-5,0.9976558841945172,0.9976558841945172,5.0,5.0
508,0.05096931550938711,50.010775642898224,0.0,1.0,1.0,0.0,0.0
510,0.08069541805792559,49.951123508037995,8.912037037037032E-5,0.9990107817717221,0.9990107817717221,5.0,5.0
512,0.020728977037320157,48.82528537387955,0.010516203703703703,0.9762102975009556,0.9762102975009556,590.0,590.0
514,0.1366767361854574,50.003683970289295,0.0,1.0,1.0,0.0,0.0
515,0.1366767361854574,50.003683970289295,0.0,1.0,1.0,0.0,0.0
516,0.05344352741105138,50.01213898616714,3.564814814814815E-5,1.0,1.0,2.0,2.0
518,0.029466475063461416,49.55588003026014,4.099537037037036E-4,0.990849856297596,0.990849856297596,23.0,23.0
520,0.01586194170421719,49.10882152934807,0.0013902777777777776,0.9821262458896591,0.9821262458896591,78.0,78.0
522,0.14905471742720883,50.00437822551037,0.0,1.0,1.0,0.0,0.0
523,0.14905471742720883,50.00437822551037,0.0,1.0,1.0,0.0,0.0
524,0.0168162488133576,50.03181465131187,0.0,1.0,1.0,0.0,0.0
525,0.0168162488133576,50.03181465131187,0.0,1.0,1.0,0.0,0.0
526,0.0965593377621116,50.001958564959985,0.0,1.0,1.0,0.0,0.0
527,0.0965593377621116,50.001958564959985,0.0,1.0,1.0,0.0,0.0
528,0.14264299464577904,50.00143921371028,3.386574074074076E-4,1.0,1.0,19.0,19.0
530,0.08516841601733785,49.41976507698804,0.006969212962962966,0.9883766868738615,0.9883766868738615,391.0,391.0
532,0.13715443007666767,50.000602357063656,0.0,1.0,1.0,0.0,0.0
534,0.10453468575003048,50.003304371526674,1.7824074074074075E-5,1.0,1.0,1.0,1.0
536,1.1374329959299945,50.00071782240433,0.0,1.0,1.0,0.0,0.0
537,1.1374329959299945,50.00071782240433,0.0,1.0,1.0,0.0,0.0
538,0.031113686332671184,28.901388911083174,0.010863425925925922,0.9445390483550558,0.9632165166071354,494.0,494.0
540,0.05297004196414963,30.001911748102373,0.0,1.0,1.0,0.0,0.0
541,0.05297004196414963,30.001911748102373,0.0,1.0,1.0,0.0,0.0
542,0.02671926067030823,30.002912792610612,0.0,1.0,1.0,0.0,0.0
544,0.07579162870354154,30.00328385009343,0.0,1.0,1.0,0.0,0.0
545,0.07579162870354154,30.00328385009343,0.0,1.0,1.0,0.0,0.0
546,0.042632280565241966,30.005124151489948,3.958333333333335E-4,1.0,1.0,18.0,18.0
548,0.04181899160274639,47.19005644138478,0.0330636574074074,0.9233757924934698,0.943503169973879,1855.0,1855.0
550,0.0386932201596587,50.01637076293405,0.0,1.0,1.0,0.0,0.0
552,0.03759533738089857,48.13268139833438,0.029944444444444458,0.9436221762439471,0.9623575192545739,1680.0,1680.0
554,0.07375411795787469,49.58349759180707,0.020301620370370383,0.9916181865464737,0.9916181865464737,1139.0,1139.0
556,0.011647205191343293,47.967307766531306,0.03265370370370371,0.9417789587690517,0.9586837290909704,1832.0,1832.0
558,0.07410750837774495,48.08279070481392,0.030300925925925933,0.9429535767826583,0.9615271166490166,1700.0,1700.0
560,0.042580567238057095,50.01306429266086,3.564814814814815E-5,1.0,1.0,2.0,2.0
562,0.16542582331932282,50.00276775395149,0.0,1.0,1.0,0.0,0.0
564,0.3941539984922425,50.000154852957216,0.0,1.0,1.0,0.0,0.0
565,0.3941539984922425,50.000154852957216,0.0,1.0,1.0,0.0,0.0
566,0.019841623216152758,49.275795891585254,0.0015506944444444444,0.9851197101969531,0.9851197101969531,87.0,87.0
568,0.009900938712680834,49.310012184222245,9.981481481481488E-4,0.9850451868392198,0.9850451868392198,56.0,56.0
570,0.3146830790298644,50.00040095809295,0.0,1.0,1.0,0.0,0.0
571,0.3146830790298644,50.00040095809295,0.0,1.0,1.0,0.0,0.0
572,0.013277356179655777,50.05076675053487,8.912037037037032E-5,1.0,1.0,5.0,5.0
574,0.030551510193027286,46.93009935204284,0.014562268518518521,0.9220757974213589,0.9383031896854355,817.0,817.0
576,0.018037172642232254,50.026056634850626,0.0,1.0,1.0,0.0,0.0
578,0.004497318523004117,47.71895062893285,0.005988888888888889,0.9402246305556757,0.952010882975878,336.0,336.0
580,0.1166825548407544,50.00085673452159,0.0,1.0,1.0,0.0,0.0
582,0.02297889188118992,47.86102834928193,0.005988888888888889,0.9423860289922247,0.9569453528232773,336.0,336.0
584,0.04708954541297303,50.00659689873242,0.0,1.0,1.0,0.0,0.0
585,0.04708954541297303,50.00659689873242,0.0,1.0,1.0,0.0,0.0
586,0.0911092117208041,50.006580606021465,0.0,1.0,1.0,0.0,0.0
587,0.0911092117208041,50.006580606021465,0.0,1.0,1.0,0.0,0.0
588,0.16615047420606252,50.00348663616661,0.0,1.0,1.0,0.0,0.0
589,0.16615047420606252,50.00348663616661,0.0,1.0,1.0,0.0,0.0
590,0.07565168833702368,50.00846089116513,0.0,1.0,1.0,0.0,0.0
591,0.07565168833702368,50.00846089116513,0.0,1.0,1.0,0.0,0.0
592,0.393081849601501,50.00157798542114,0.0,1.0,1.0,0.0,0.0
593,0.393081849601501,50.00157798542114,0.0,1.0,1.0,0.0,0.0
594,0.056049255091516724,50.00677034187366,0.0,1.0,1.0,0.0,0.0
595,0.056049255091516724,50.00677034187366,0.0,1.0,1.0,0.0,0.0
596,0.1178181755114329,50.005356265168416,0.0,1.0,1.0,0.0,0.0
597,0.1178181755114329,50.005356265168416,0.0,1.0,1.0,0.0,0.0
598,0.025897400681135878,50.01643908373882,0.0,1.0,1.0,0.0,0.0
599,0.025897400681135878,50.01643908373882,0.0,1.0,1.0,0.0,0.0
600,0.393081849601501,50.00157798542114,0.0,1.0,1.0,0.0,0.0
601,0.393081849601501,49.70961309852094,0.0013368055555555553,0.9941620172498469,0.9941620172498469,75.0,75.0
602,0.060763121903000504,50.01079992016503,0.0,1.0,1.0,0.0,0.0
603,0.060763121903000504,50.01079992016503,0.0,1.0,1.0,0.0,0.0
604,0.025791507662100446,50.02663124114311,0.0,1.0,1.0,0.0,0.0
606,1.0427198463753944,50.00121809083598,0.0,1.0,1.0,0.0,0.0
607,1.0427198463753944,50.00121809083598,0.0,1.0,1.0,0.0,0.0
608,0.03984261021780919,49.942878613505904,5.525462962962965E-4,0.9986319576633569,0.9986319576633569,31.0,31.0
610,0.03745064789480963,49.74435093149604,9.981481481481488E-4,0.9947299765351787,0.9947299765351787,56.0,56.0
612,0.04820870472170894,50.00038519105508,0.0,1.0,1.0,0.0,0.0
614,0.033470281583838864,50.01785541794102,0.0,1.0,1.0,0.0,0.0
616,0.03329528360159433,50.0054321926323,0.0,1.0,1.0,0.0,0.0
618,0.02920927388634149,49.222939169556035,9.981481481481488E-4,0.9844282590245935,0.9844282590245935,56.0,56.0
620,0.018356667211417658,30.010900073162386,0.0,1.0,1.0,0.0,0.0
621,0.018356667211417658,30.010900073162386,0.0,1.0,1.0,0.0,0.0
622,0.018024305814981958,50.02891359594067,0.0,1.0,1.0,0.0,0.0
624,0.051624802296907676,50.01326379678892,0.0,1.0,1.0,0.0,0.0
626,0.350468521847689,50.00145359852893,0.0,1.0,1.0,0.0,0.0
627,0.350468521847689,50.00145359852893,0.0,1.0,1.0,0.0,0.0
628,0.010332968034122487,48.415107772222655,0.09992175925925932,0.9671418205292778,0.9671418205292778,5606.0,5606.0
630,0.026202800089849276,50.01594927012587,0.0,1.0,1.0,0.0,0.0
632,0.0296458613449959,48.357553843640986,0.09992175925925932,0.9669427853654053,0.9669427853654053,5606.0,5606.0
634,0.034523512417707465,50.01394153068286,0.0,1.0,1.0,0.0,0.0
636,0.029652456124974642,50.02288755853267,0.0,1.0,1.0,0.0,0.0
638,0.0229031377044249,48.06101418195175,0.01925000000000001,0.9440607123415823,0.9612053867356595,1080.0,1080.0
640,0.02836696465948019,50.01031967391219,0.0,1.0,1.0,0.0,0.0
642,0.02706726211208855,47.978662638770075,0.019250000000000007,0.9436877144583066,0.9591631026299308,1080.0,1080.0
644,0.015035249763559808,45.73578823049709,0.10790694444444444,0.8794939369598698,0.9142755251518973,6054.0,6054.0
646,0.02693960254238454,49.84199859623413,0.09860277777777775,0.9965425271540029,0.9965425271540029,5532.0,5532.0
648,0.039082124510038514,49.78889689791793,0.009304166666666665,0.9954770512259007,0.9954770512259007,522.0,522.0
650,0.023923771229632757,50.01485274487684,0.0,1.0,1.0,0.0,0.0
652,0.08505565784725037,50.000060132283046,0.0,1.0,1.0,0.0,0.0
653,0.08505565784725037,50.000060132283046,0.0,1.0,1.0,0.0,0.0
654,0.03381000674028908,48.13456456030018,0.01916087962962963,0.9445259173759515,0.9625664788156738,1075.0,1075.0
656,0.029892313696705045,50.00572923240621,0.0,1.0,1.0,0.0,0.0
658,0.029282813446281877,50.008599813384606,0.0,1.0,1.0,0.0,0.0
660,0.03493920318619764,50.01237831821531,0.0,1.0,1.0,0.0,0.0
662,0.01101351894837187,48.034014419109546,0.008983333333333331,0.9435297483391093,0.9595153032478725,504.0,504.0
664,0.03469607043082325,48.07012100587004,0.008983333333333331,0.9442379517900296,0.9613579951492851,504.0,504.0
666,0.07153120993196072,50.002399175739534,0.0,1.0,1.0,0.0,0.0
668,0.024763692280184556,48.07741089399829,0.010248842592592592,0.9440568661969221,0.9610238081590927,575.0,575.0
670,0.017913659776391186,47.95954466045952,0.010248842592592594,0.9433895377725366,0.9586147129102259,575.0,575.0
672,0.03245204321536157,50.01171043463256,0.0,1.0,1.0,0.0,0.0
674,0.012394394188475268,48.07156967751348,0.010355787037037033,0.9439664042912692,0.9610101640695854,581.0,581.0
676,0.021606723108765023,50.02199562157819,0.0,1.0,1.0,0.0,0.0
678,0.02735692599853953,48.163529904144426,0.010355787037037033,0.9445996998914244,0.9629342432156177,581.0,581.0
680,0.0816663682597509,49.09491705186167,0.0012655092592592598,0.9700360835489382,0.9817388337645431,71.0,71.0
682,0.1452784137175657,50.00021887029029,0.0,1.0,1.0,0.0,0.0
683,0.1452784137175657,50.00021887029029,0.0,1.0,1.0,0.0,0.0
684,0.02228664274063589,30.004455447378156,0.0,1.0,1.0,0.0,0.0
686,0.0367828224829799,49.9457388669949,1.7824074074074075E-5,0.9987790389540783,0.9987790389540783,1.0,1.0
688,0.0016826665106895722,48.22925503345487,0.0038499999999999993,0.9583333333333334,0.9633813328654021,216.0,216.0
690,0.028587938108975985,49.3537829481928,0.001960648148148148,0.9869212714423093,0.9869212714423093,110.0,110.0
692,0.03389398401409424,49.61857004030518,0.0019071759259259267,0.9922273173474275,0.9922273173474275,107.0,107.0
694,0.09582286827357135,48.85450589673788,0.013528472222222228,0.9629016136373358,0.9770562468899813,759.0,759.0
696,0.04770427467149784,50.01030542148871,0.0,1.0,1.0,0.0,0.0
697,0.04770427467149784,50.01030542148871,0.0,1.0,1.0,0.0,0.0
698,0.010626985689014556,45.01825096585244,0.05938981481481479,0.8795967264833568,0.9001995452325025,3332.0,3332.0
700,0.19218366227331324,50.000808280980536,0.0,1.0,1.0,0.0,0.0
702,0.03873953826282999,50.00442371681174,5.347222222222221E-4,1.0,1.0,30.0,30.0
704,0.07257289662243757,45.57793531945044,0.05938981481481479,0.8821153024954523,0.9115165865139729,3332.0,3332.0
706,0.0444789071066953,50.00751579765868,0.0,1.0,1.0,0.0,0.0
708,0.013415877017669565,45.38621141739373,0.049034027777777794,0.8821465094457976,0.9068588640545052,2751.0,2751.0
710,0.03310271296578717,45.20726751406337,0.04951527777777781,0.8800701034662974,0.9039984619462839,2778.0,2778.0
712,0.05152653983078062,50.012279156325214,0.0,1.0,1.0,0.0,0.0
714,0.015375905403842979,47.191562496413965,0.007539583333333336,0.9287194609749506,0.9437760423768783,423.0,423.0
716,0.01122901462039415,50.030263160171955,6.060185185185188E-4,1.0,1.0,34.0,34.0
718,0.066817461976549,50.00891125063959,0.0,1.0,1.0,0.0,0.0
719,0.066817461976549,50.00891125063959,0.0,1.0,1.0,0.0,0.0
720,0.06383769863632714,30.00205157843051,0.0,1.0,1.0,0.0,0.0
721,0.06383769863632714,30.00205157843051,0.0,1.0,1.0,0.0,0.0
722,0.08787109928328463,49.564269870722,0.010872685185185181,0.9911811894847131,0.9911811894847131,610.0,610.0
724,0.03720667930879232,50.01644716641238,0.0,1.0,1.0,0.0,0.0
726,0.01132176648232233,47.78846062153162,0.00538287037037037,0.9420527915976217,0.9555747595653984,302.0,302.0
728,0.2617572290959698,30.000828549681355,0.0,1.0,1.0,0.0,0.0
729,0.2617572290959698,30.000828549681355,0.0,1.0,1.0,0.0,0.0
730,0.06383769863632714,30.00205157843051,0.0011874999999999995,1.0,1.0,54.0,54.0
731,0.06383769863632714,29.9439716165076,0.002374999999999999,0.9980668506837231,0.9980668506837231,108.0,108.0
732,0.12511113722385492,30.000672351020967,0.0,1.0,1.0,0.0,0.0
733,0.12511113722385492,30.000672351020967,0.0,1.0,1.0,0.0,0.0
734,0.19953947052405205,50.00293010487174,0.0,1.0,1.0,0.0,0.0
735,0.19953947052405205,50.00293010487174,0.0,1.0,1.0,0.0,0.0
736,0.08115864205629958,50.003613110162334,0.0,1.0,1.0,0.0,0.0
737,0.08115864205629958,50.003613110162334,0.0,1.0,1.0,0.0,0.0
738,0.02076298935303713,48.37158160805602,0.030960416666666664,0.9545440934067665,0.9668512845605658,1737.0,1737.0
740,0.07786887459174661,50.00498546740775,0.0,1.0,1.0,0.0,0.0
742,0.19145169491559375,49.01583593803277,0.017378472222222226,0.9692269131474307,0.9802808188291451,975.0,975.0
744,0.19605218111325304,50.006224458531314,0.0,1.0,1.0,0.0,0.0
746,0.04279317442074238,48.50111200157104,0.00951805555555556,0.960572034209153,0.9699895744733051,534.0,534.0
748,0.09875184036242515,50.00093182907603,1.425925925925926E-4,1.0,1.0,8.0,8.0
750,0.05687408003801434,49.02426385252027,0.013368055555555557,0.9743137512722473,0.9802690754722068,750.0,750.0
752,0.034903596005289646,49.00227453621032,0.013368055555555557,0.9683329171679074,0.9800232686678256,750.0,750.0
754,0.028641009129992397,50.003701681849,0.0,1.0,1.0,0.0,0.0
756,0.06299751753415112,50.00905471288733,0.0,1.0,1.0,0.0,0.0
758,0.06863652157794727,50.008394592311305,0.0010337962962962961,1.0,1.0,58.0,58.0
760,0.09094797008940461,46.889144574006124,0.011603472222222229,0.9219367378058473,0.937746951223389,651.0,651.0
762,0.01600687635495077,48.86446174652307,0.008145601851851855,0.9768818467139769,0.9768818467139769,457.0,457.0
764,0.12384321502531545,50.003989916008926,0.0,1.0,1.0,0.0,0.0
766,0.04849991685707452,50.01423680477463,0.0,1.0,1.0,0.0,0.0
767,0.04849991685707452,50.01423680477463,0.0,1.0,1.0,0.0,0.0
768,0.16970224988516144,50.0022998515781,0.0,1.0,1.0,0.0,0.0
769,0.16970224988516144,50.0022998515781,0.0,1.0,1.0,0.0,0.0
770,0.20189783386299884,50.0022153210509,0.0,1.0,1.0,0.0,0.0
771,0.20189783386299884,50.0022153210509,0.0,1.0,1.0,0.0,0.0
772,0.046929106780401214,50.01325767005458,0.0,1.0,1.0,0.0,0.0
773,0.046929106780401214,50.01325767005458,0.0,1.0,1.0,0.0,0.0
774,0.03161056947779712,50.04311790680282,0.0,1.0,1.0,0.0,0.0
775,0.03161056947779712,50.04311790680282,0.0,1.0,1.0,0.0,0.0
776,0.03626984644222054,49.738030899537634,0.004865972222222223,0.9946031797755539,0.9946031797755539,273.0,273.0
778,0.04708852854779875,49.664151008007444,2.495370370370372E-4,0.9931749780894081,0.9931749780894081,14.0,14.0
780,0.11371001222425457,50.000738244450524,0.0,1.0,1.0,0.0,0.0
781,0.11371001222425457,50.000738244450524,0.0,1.0,1.0,0.0,0.0
782,0.08686898273716134,50.004531156664676,0.0,1.0,1.0,0.0,0.0
783,0.08686898273716134,50.004531156664676,0.0,1.0,1.0,0.0,0.0
784,0.06419054571437423,50.00778285473863,0.0,1.0,1.0,0.0,0.0
785,0.06419054571437423,50.00778285473863,0.0,1.0,1.0,0.0,0.0
786,0.03747529084245252,50.00409452662308,0.0,1.0,1.0,0.0,0.0
787,0.03747529084245252,50.00409452662308,0.0,1.0,1.0,0.0,0.0
788,0.06419054571437423,50.00778285473863,0.0,1.0,1.0,0.0,0.0
789,0.06419054571437423,46.184080833975514,0.10992106481481485,0.8801028913332206,0.9235454167215843,6167.0,6167.0
790,0.03896293203723809,49.59960412547875,0.03646805555555557,0.9918887961117142,0.9918887961117142,2046.0,2046.0
792,0.03591979307220969,49.14177722744418,0.01887569444444445,0.982759379216629,0.982759379216629,1059.0,1059.0
794,0.032933229014691506,50.004059237827676,0.0,1.0,1.0,0.0,0.0
795,0.032933229014691506,50.004059237827676,0.0,1.0,1.0,0.0,0.0
796,0.038730664401070786,49.93727378856857,1.960648148148149E-4,0.998531998867202,0.998531998867202,11.0,11.0
798,0.03576531460579369,49.11654127174289,0.03898125000000001,0.9822959438173811,0.9822959438173811,2187.0,2187.0
799,0.03576531460579369,49.780630244399006,3.743055555555557E-4,0.9955739859543453,0.9955739859543453,21.0,21.0
800,0.02367542683290719,49.093165006686775,0.03655717592592593,0.9815394207480823,0.9815394207480823,2051.0,2051.0
802,0.11371001222425457,49.90663963289326,2.1388888888888898E-4,0.998118335370709,0.998118335370709,12.0,12.0
803,0.11371001222425457,49.43614657510694,0.03655717592592593,0.9887100122242546,0.9887100122242546,2051.0,2051.0
804,0.03629415369717816,49.19636632689917,0.01892916666666667,0.9838673636898302,0.9838673636898302,1062.0,1062.0
806,0.13547799014297196,50.002128820453045,0.0,1.0,1.0,0.0,0.0
807,0.13547799014297196,50.002128820453045,0.0,1.0,1.0,0.0,0.0
808,0.02110713790854227,49.898180691731085,1.7824074074074075E-5,0.9974985100490367,0.9974985100490367,1.0,1.0
810,0.02908080528569581,48.1292190489183,0.0189113425925926,0.9622424158570875,0.9622424158570875,1061.0,1061.0
812,0.13547799014297193,49.848372274330146,0.01889351851851852,0.9969301911286748,0.9969301911286748,1060.0,1060.0
813,0.13547799014297193,50.00212882045304,1.7824074074074075E-5,1.0,1.0,1.0,1.0
814,0.03507096604351188,49.919700552776,5.3472222222222244E-5,0.9983510748442113,0.9983510748442113,3.0,3.0
816,0.009731552250290772,30.020212597298013,0.0,1.0,1.0,0.0,0.0
817,0.009731552250290772,30.020212597298013,0.0,1.0,1.0,0.0,0.0
818,0.08807687118136323,30.000637359533314,0.0,1.0,1.0,0.0,0.0
819,0.08807687118136323,30.000637359533314,0.0,1.0,1.0,0.0,0.0
820,0.1536163170411874,30.00155923334642,0.0,1.0,1.0,0.0,0.0
821,0.1536163170411874,30.00155923334642,0.0,1.0,1.0,0.0,0.0
822,0.08807687118136322,29.95165904626832,0.0016932870370370368,0.9983682747794075,0.9983682747794075,77.0,77.0
823,0.08807687118136322,29.860302673527467,0.0424861111111111,0.9953246114924671,0.9953246114924671,1932.0,1932.0
824,0.06508648003280314,30.001450463263932,0.0,1.0,1.0,0.0,0.0
825,0.06508648003280314,30.001450463263932,0.0,1.0,1.0,0.0,0.0
826,0.027187524911212707,50.01282048051392,0.0,1.0,1.0,0.0,0.0
827,0.027187524911212707,50.01282048051392,0.0,1.0,1.0,0.0,0.0
828,0.27279874047893854,50.00129655945109,0.0,1.0,1.0,0.0,0.0
829,0.27279874047893854,50.00129655945109,0.0,1.0,1.0,0.0,0.0
830,0.06628603644023817,50.006230340498206,0.0,1.0,1.0,0.0,0.0
831,0.06628603644023817,50.006230340498206,0.0,1.0,1.0,0.0,0.0
832,0.11493743178970325,29.981794874893332,0.0021770833333333325,0.9993589888825709,0.9993589888825709,99.0,99.0
834,0.07590387211080005,50.00072087811166,0.0,1.0,1.0,0.0,0.0
835,0.07590387211080005,50.00072087811166,0.0,1.0,1.0,0.0,0.0
836,0.09382662821037982,50.00382850590191,0.0,1.0,1.0,0.0,0.0
837,0.09382662821037982,50.00382850590191,0.0,1.0,1.0,0.0,0.0
838,0.09168352157958123,50.001617586197916,0.0,1.0,1.0,0.0,0.0
839,0.09168352157958123,50.001617586197916,0.0,1.0,1.0,0.0,0.0
840,0.14653197170245985,50.00143110226118,0.0,1.0,1.0,0.0,0.0
841,0.14653197170245985,50.00143110226118,0.0,1.0,1.0,0.0,0.0
842,0.05893594901900595,30.00133151419986,0.0,1.0,1.0,0.0,0.0
843,0.05893594901900595,30.00133151419986,0.0,1.0,1.0,0.0,0.0
844,0.08737347566350494,30.002338075984145,0.0,1.0,1.0,0.0,0.0
845,0.08737347566350494,30.002338075984145,0.0,1.0,1.0,0.0,0.0
846,0.05794899962900748,50.00393064823273,0.0,1.0,1.0,0.0,0.0
847,0.05794899962900748,50.00393064823273,0.0,1.0,1.0,0.0,0.0
848,0.22144278064539824,50.00276047942255,0.0,1.0,1.0,0.0,0.0
849,0.22144278064539824,50.00276047942255,0.0,1.0,1.0,0.0,0.0
850,0.14653197170245985,49.958816246208116,3.921296296296298E-4,0.9991482991715476,0.9991482991715476,22.0,22.0
851,0.14653197170245985,50.00143110226118,0.0,1.0,1.0,0.0,0.0
852,0.06644538442211259,49.465507273116174,8.733796296296294E-4,0.9815556638803757,0.9892964407293898,49.0,49.0
854,0.06737480728943784,48.6963310911296,0.003743055555555556,0.9650362022599306,0.9737338869420147,210.0,210.0
856,0.10615249129463193,29.975511188091932,0.001473379629629629,0.9991612146004994,0.9991612146004994,67.0,67.0
858,0.07653557001207006,49.83493490214236,0.0015150462962962967,0.9966011183393684,0.9966011183393684,85.0,85.0
860,0.052990199631685525,28.79477875675158,0.04987499999999999,0.9274264536341041,0.9597058145364166,2268.0,2268.0
861,0.052990199631685525,29.888139349035217,0.0018692129629629638,0.9961471178140445,0.9961471178140445,85.0,85.0
862,0.3080838810896423,49.831146824900436,0.001728935185185185,0.9966212326306693,0.9966212326306693,97.0,97.0
864,0.05944269721545468,50.010214997811836,0.0,1.0,1.0,0.0,0.0
865,0.05944269721545468,50.010214997811836,0.0,1.0,1.0,0.0,0.0
866,0.0033609334797200896,50.20481546469844,0.0,1.0,1.0,0.0,0.0
867,0.0033609334797200896,50.20481546469844,0.0,1.0,1.0,0.0,0.0
868,0.036339969580932274,50.00913245082423,0.0,1.0,1.0,0.0,0.0
870,0.006249574013539776,50.10794309296925,0.0,1.0,1.0,0.0,0.0
871,0.006249574013539776,50.10794309296925,0.0,1.0,1.0,0.0,0.0
872,0.09382662821037982,50.00382850590191,0.0,1.0,1.0,0.0,0.0
873,0.09382662821037982,49.93090625599747,9.624999999999998E-4,0.9985447454234961,0.9985447454234961,54.0,54.0
874,0.16567237427298628,47.63885189577056,0.016487268518518526,0.931375474472563,0.9527447388353832,925.0,925.0
876,0.039234858806399986,50.01610895999998,0.0,1.0,1.0,0.0,0.0
877,0.039234858806399986,50.01610895999998,0.0,1.0,1.0,0.0,0.0
878,0.07374072495741617,50.00312862058734,0.0,1.0,1.0,0.0,0.0
879,0.07374072495741617,50.00312862058734,0.0,1.0,1.0,0.0,0.0
880,0.27806018880109795,30.000200188328375,0.0,1.0,1.0,0.0,0.0
882,0.2226212322159255,50.00227327036011,0.0,1.0,1.0,0.0,0.0
884,0.06667973797839107,29.237997047532854,0.009280092592592588,0.9623829504143869,0.9745318016575477,422.0,422.0
886,0.04603094415335883,50.003439635513516,0.0,1.0,1.0,0.0,0.0
887,0.04603094415335883,50.003439635513516,0.0,1.0,1.0,0.0,0.0
888,0.09939676653945946,50.00396304388682,0.0,1.0,1.0,0.0,0.0
889,0.09939676653945946,50.00396304388682,0.0,1.0,1.0,0.0,0.0
890,0.10802492468238943,50.00510850669949,0.0,1.0,1.0,0.0,0.0
891,0.10802492468238943,50.00510850669949,0.0,1.0,1.0,0.0,0.0
892,0.0440207523906275,50.00779697262828,0.0,1.0,1.0,0.0,0.0
893,0.0440207523906275,50.00779697262828,0.0,1.0,1.0,0.0,0.0
894,0.11145028242418499,50.0026192331837,0.0,1.0,1.0,0.0,0.0
895,0.11145028242418499,50.0026192331837,0.0,1.0,1.0,0.0,0.0
896,0.09844304855407228,50.00634609773673,0.0,1.0,1.0,0.0,0.0
897,0.09844304855407228,50.00634609773673,0.0,1.0,1.0,0.0,0.0
898,0.11145028242418499,50.0026192331837,0.0,1.0,1.0,0.0,0.0
899,0.11145028242418499,50.0026192331837,0.0,1.0,1.0,0.0,0.0
900,0.12321378327210862,50.00221167620234,0.0,1.0,1.0,0.0,0.0
901,0.12321378327210862,50.00221167620234,0.0,1.0,1.0,0.0,0.0
902,0.08852947827111839,50.00096042924792,0.0,1.0,1.0,0.0,0.0
903,0.08852947827111839,50.00096042924792,0.0,1.0,1.0,0.0,0.0
904,0.052755398773223695,50.00511732059118,0.0,1.0,1.0,0.0,0.0
905,0.052755398773223695,50.00511732059118,0.0,1.0,1.0,0.0,0.0
906,0.07194445985301323,47.54401894762684,0.024811111111111117,0.9309545927458049,0.9508801781652021,1392.0,1392.0
908,0.16123340673828232,47.60647586244103,0.02313564814814814,0.9312765535361894,0.9520644797889604,1298.0,1298.0
910,0.05866708758089446,50.000358733716865,0.0,1.0,1.0,0.0,0.0
912,0.06701831258639378,47.56663319358936,0.016255555555555558,0.9309711998976973,0.9510764243233667,912.0,912.0
914,0.04271662708369154,49.648311463354595,2.317129629629629E-4,0.9927781027345765,0.9927781027345765,13.0,13.0
916,0.13475409921702378,27.727482799004413,0.015855324074074067,0.9025255542680577,0.9242218576878198,721.0,721.0
918,0.01897562033331391,30.000980764132663,0.0,1.0,1.0,0.0,0.0
920,0.05327166612411768,28.844718543952425,0.007037037037037036,0.9436490035397258,0.9614016493762637,320.0,320.0
922,0.14361365444523516,29.52298990308695,0.003870370370370369,0.9766304028794297,0.98406454033063,176.0,176.0
924,0.16960855648830264,28.59056060824943,0.01015972222222222,0.9312960468501126,0.953017453465794,462.0,462.0
926,0.09167715595492504,30.000705521109914,1.5393518518518512E-4,1.0,1.0,7.0,7.0
928,0.0964951869658599,50.01910339483019,0.0,1.0,1.0,0.0,0.0
929,0.0964951869658599,50.01910339483019,0.0,1.0,1.0,0.0,0.0
930,0.035577659323018554,50.03108342299484,0.0,1.0,1.0,0.0,0.0
931,0.035577659323018554,50.03108342299484,0.0,1.0,1.0,0.0,0.0
932,0.019329819451459597,50.02685120435265,0.0,1.0,1.0,0.0,0.0
934,0.14963821530828314,30.00097878758183,0.0,1.0,1.0,0.0,0.0
936,0.05952719995690033,30.001108756102646,0.002660879629629628,1.0,1.0,121.0,121.0
938,0.06646737722194394,30.000320712010808,0.0,1.0,1.0,0.0,0.0
940,0.027342094525711538,30.00046945826319,0.0,1.0,1.0,0.0,0.0
941,0.027342094525711538,30.00046945826319,0.0,1.0,1.0,0.0,0.0
942,0.4361335529943738,50.00257295476897,0.0,1.0,1.0,0.0,0.0
943,0.4361335529943738,50.00257295476897,0.0,1.0,1.0,0.0,0.0
944,0.20434429740312832,50.00268288820432,0.0,1.0,1.0,0.0,0.0
945,0.20434429740312832,50.00268288820432,0.0,1.0,1.0,0.0,0.0
946,0.10794593172860037,29.99779582267537,5.71759259259259E-4,0.9998882495370962,0.9998882495370962,26.0,26.0
948,0.0807619714353127,29.034616574487536,0.013502314814814816,0.9500653274219657,0.967777849552348,614.0,614.0
950,0.15287993221532314,30.000967891805036,0.0,1.0,1.0,0.0,0.0
951,0.15287993221532314,30.000967891805036,0.0,1.0,1.0,0.0,0.0
952,0.15236309468854134,30.00093753097133,0.0,1.0,1.0,0.0,0.0
953,0.15236309468854134,29.372319072359115,0.008884259259259258,0.9686903434196376,0.9790473535059419,404.0,404.0
954,0.0040421530651262826,46.75360318274281,0.03334884259259258,0.9203351085717498,0.9349604928741709,1871.0,1871.0
956,0.024969006788561024,50.02138254803545,0.0,1.0,1.0,0.0,0.0
957,0.024969006788561024,50.02138254803545,0.0,1.0,1.0,0.0,0.0
958,0.03668899894759314,30.00463339648689,0.0,1.0,1.0,0.0,0.0
960,0.05314768298801442,45.857251485697425,0.014473148148148152,0.9011016426948736,0.9169950519387416,812.0,812.0
962,0.08725595519986025,30.002047633189772,8.136574074074073E-4,1.0,1.0,37.0,37.0
964,0.06053038393647135,30.00266861782967,0.0,1.0,1.0,0.0,0.0
966,0.021647385460722163,30.007927477319907,0.0,1.0,1.0,0.0,0.0
967,0.021647385460722163,30.007927477319907,0.0,1.0,1.0,0.0,0.0
968,0.15177387042799373,30.001423980934405,0.0,1.0,1.0,0.0,0.0
970,0.009759490129598177,30.003556333521292,0.0,1.0,1.0,0.0,0.0
972,0.04572249571333749,47.054264753808646,0.02450810185185185,0.9227699374133367,0.9410797496533466,1375.0,1375.0
974,0.017612301314881163,50.00337912742286,0.0,1.0,1.0,0.0,0.0
976,0.39415399849224253,49.910930438693754,0.03475694444444445,0.9982157698029928,0.9982157698029928,1950.0,1950.0
977,0.39415399849224253,50.00015485295722,0.0,1.0,1.0,0.0,0.0
978,0.023916486449924102,44.81048286126398,0.021139351851851864,0.880143317902976,0.8957018548723871,1186.0,1186.0
980,0.04849991685707451,50.014236804774626,0.0,1.0,1.0,0.0,0.0
981,0.04849991685707451,48.79593827609836,9.446759259259266E-4,0.9626607318573647,0.9756429274294588,53.0,53.0
982,0.04130076696645845,28.80175681044202,0.005915509259259256,0.943749833984336,0.9600409569512455,269.0,269.0
984,0.03133003322746267,30.00482032957318,0.0,1.0,1.0,0.0,0.0
985,0.03133003322746267,30.00482032957318,0.0,1.0,1.0,0.0,0.0
986,0.10917210340361276,30.001494065114958,0.0,1.0,1.0,0.0,0.0
988,0.03207529408876277,29.501212592327953,0.0014513888888888888,0.9708491498295606,0.9833649663257878,66.0,66.0
990,0.03806150033466269,49.43861719642845,0.0013724537037037047,0.9808262105808908,0.9886242668577436,77.0,77.0
992,0.1254259841210575,50.00371459975714,0.0,1.0,1.0,0.0,0.0
993,0.1254259841210575,50.00371459975714,0.0,1.0,1.0,0.0,0.0
994,0.07971807238868762,50.006109182658214,0.0,1.0,1.0,0.0,0.0
995,0.07971807238868762,50.006109182658214,0.0,1.0,1.0,0.0,0.0
996,0.07400716452908362,48.74615701868168,0.0025666666666666663,0.9624575891236838,0.9748303564947353,144.0,144.0
997,0.07400716452908362,50.00484089802948,0.0,1.0,1.0,0.0,0.0
998,0.13726718148160233,50.00119936595856,0.0,1.0,1.0,0.0,0.0
999,0.13726718148160233,50.00119936595856,0.0,1.0,1.0,0.0,0.0
1000,0.008129578373751644,47.78500616689618,0.005382870370370371,0.9420117634299586,0.955165979733565,302.0,302.0
1002,0.07847155101291214,50.008423375196266,0.0,1.0,1.0,0.0,0.0
1004,0.11062960303029756,50.00208046567122,0.0,1.0,1.0,0.0,0.0
1005,0.11062960303029756,50.00208046567122,0.0,1.0,1.0,0.0,0.0
1006,0.07666060348530282,45.19766181359646,0.038963425925925915,0.882173736674461,0.9038628414803507,2186.0,2186.0
1008,0.02694608610438708,50.003046379275,2.317129629629629E-4,1.0,1.0,13.0,13.0
1010,0.023532358003027682,49.161880281937655,0.003368749999999998,0.9764751290571108,0.9830530717702136,189.0,189.0
1012,0.008885307265789857,50.05806910304145,0.0,1.0,1.0,0.0,0.0
1013,0.008885307265789857,50.05806910304145,0.0,1.0,1.0,0.0,0.0
1014,0.16210044444413335,50.00099391644933,0.0,1.0,1.0,0.0,0.0
1015,0.16210044444413335,50.00099391644933,0.0,1.0,1.0,0.0,0.0
1016,0.03796589996424079,50.00996702205153,0.0,1.0,1.0,0.0,0.0
1017,0.03796589996424079,50.00996702205153,0.0,1.0,1.0,0.0,0.0
1018,0.09739036548699453,50.00075809372225,0.0,1.0,1.0,0.0,0.0
1019,0.09739036548699453,50.00075809372225,0.0,1.0,1.0,0.0,0.0
1020,0.123027933722918,50.00006337802041,0.0,1.0,1.0,0.0,0.0
1021,0.123027933722918,50.00006337802041,0.0,1.0,1.0,0.0,0.0
1022,0.11617868768670446,50.00517404018843,0.0,1.0,1.0,0.0,0.0
1023,0.11617868768670446,50.00517404018843,0.0,1.0,1.0,0.0,0.0
1024,0.05748613037623042,50.00001675632508,0.0,1.0,1.0,0.0,0.0
1025,0.05748613037623042,50.00001675632508,0.0,1.0,1.0,0.0,0.0
1026,0.123027933722918,49.95610364522044,0.0010872685185185187,0.9991208581590175,0.9991208581590175,61.0,61.0
1027,0.123027933722918,50.00006337802041,0.0,1.0,1.0,0.0,0.0
1028,0.08049934821745151,49.93703096172752,0.0015863425925925923,0.9985830074420591,0.9985830074420591,89.0,89.0
1030,0.11617868768670446,50.00517404018843,0.0,1.0,1.0,0.0,0.0
1031,0.11617868768670446,50.00517404018843,0.0,1.0,1.0,0.0,0.0
1032,0.012694804975082333,49.79227891836912,0.0021388888888888885,0.9958183610653975,0.9958183610653975,120.0,120.0
1034,0.20210270995235585,49.73726588107738,0.0019962962962962977,0.9947192951228037,0.9947192951228037,112.0,112.0
1036,0.09033211771186359,49.8590783806055,9.624999999999998E-4,0.9970470980669892,0.9970470980669892,54.0,54.0
1038,0.03244632764338384,48.5462284855869,0.0034222222222222236,0.96146723610015,0.9708689444005998,192.0,192.0
1040,0.011914517754432438,50.04931612130313,0.0,1.0,1.0,0.0,0.0
1042,0.11419351332909423,50.00567424701852,8.912037037037043E-4,1.0,1.0,50.0,50.0
1044,0.053387815598121176,30.00251891246273,0.0,1.0,1.0,0.0,0.0
1046,0.006270002658948116,48.903935373057294,5.347222222222221E-4,0.9583333333333334,0.9771433413101777,30.0,30.0
1048,0.18923406695369174,30.000116304090643,0.0,1.0,1.0,0.0,0.0
1050,0.1105701978716664,28.78319488782125,0.008092592592592589,0.9430635564629933,0.9594095556591066,368.0,368.0
1052,0.03914329254816364,30.001246151456062,0.0,1.0,1.0,0.0,0.0
1054,0.1567236408431921,29.657921665599225,0.0025509259259259244,0.9809986939509645,0.9885538141568415,116.0,116.0
1056,0.01627578094758162,30.001439534712663,0.0,1.0,1.0,0.0,0.0
1058,0.14736679060161081,29.338118728666355,0.003210648148148148,0.9681349091666466,0.9779364849999598,146.0,146.0
1060,0.006835599246169848,27.811630586057454,0.01367824074074074,0.9189495635929025,0.9267503889514882,622.0,622.0
1062,0.028265690913480964,29.622362274692655,0.006685185185185187,0.9871734046888392,0.9871734046888392,304.0,304.0
1064,0.02681863488669827,45.87974832654352,0.08865694444444443,0.880118134373067,0.9171629419918299,4974.0,4974.0
1066,0.07477567951518206,50.00788524143701,0.0,1.0,1.0,0.0,0.0
1067,0.07477567951518206,50.00788524143701,0.0,1.0,1.0,0.0,0.0
1068,0.05891841275248144,50.001481826716926,0.0,1.0,1.0,0.0,0.0
1069,0.05891841275248144,50.001481826716926,0.0,1.0,1.0,0.0,0.0
1070,0.07477567951518206,46.05112583342527,0.08865694444444441,0.8830727536954972,0.920882882184725,4974.0,4974.0
1071,0.07477567951518206,50.00788524143701,0.0,1.0,1.0,0.0,0.0
1072,0.15028725694598152,50.00315388221196,0.0,1.0,1.0,0.0,0.0
1073,0.15028725694598152,50.00315388221196,0.0,1.0,1.0,0.0,0.0
1074,0.03275562538736468,50.008588377656004,0.0,1.0,1.0,0.0,0.0
1075,0.03275562538736468,50.008588377656004,0.0,1.0,1.0,0.0,0.0
1076,0.04330247536793433,50.01248358182983,0.0,1.0,1.0,0.0,0.0
1077,0.04330247536793433,50.01248358182983,0.0,1.0,1.0,0.0,0.0
1078,0.2579572884997175,50.0024896941085,0.0,1.0,1.0,0.0,0.0
1079,0.2579572884997175,50.0024896941085,0.0,1.0,1.0,0.0,0.0
1080,0.2579572884997175,50.0024896941085,7.307870370370375E-4,1.0,1.0,41.0,41.0
1081,0.2579572884997175,50.0024896941085,0.0,1.0,1.0,0.0,0.0
1082,0.16432567444481594,50.00189569785626,0.0,1.0,1.0,0.0,0.0
1083,0.16432567444481594,50.00189569785626,0.0,1.0,1.0,0.0,0.0
1084,0.130106915657786,50.00372545831425,0.0,1.0,1.0,0.0,0.0
1085,0.130106915657786,50.00372545831425,0.0,1.0,1.0,0.0,0.0
1086,0.1705742406492491,50.00547771476357,0.0,1.0,1.0,0.0,0.0
1087,0.1705742406492491,50.00547771476357,0.0,1.0,1.0,0.0,0.0
1088,0.1178181755114329,50.005356265168416,0.0,1.0,1.0,0.0,0.0
1089,0.1178181755114329,47.63969328201921,0.0330636574074074,0.9317776795291195,0.9526945515570531,1855.0,1855.0
1090,0.1912336649704386,30.000052026040567,0.0,1.0,1.0,0.0,0.0
1091,0.1912336649704386,30.000052026040567,0.0,1.0,1.0,0.0,0.0
1092,0.13010691565778604,50.00372545831426,0.0,1.0,1.0,0.0,0.0
1093,0.13010691565778604,50.00372545831426,0.0014972222222222227,1.0,1.0,84.0,84.0
1094,0.19860466511495814,48.84067221596878,0.022796990740740736,0.9658083587732478,0.9767138572146437,1279.0,1279.0
1096,0.08370001841041698,50.00332994980105,0.0,1.0,1.0,0.0,0.0
1098,0.017068245243760126,48.226479827691854,0.06300810185185188,0.9638553276976904,0.9638553276976904,3535.0,3535.0
1100,0.021087305281021464,47.87001211415007,0.030158333333333346,0.9406974537102184,0.9572255864805094,1692.0,1692.0
1102,0.03364752323400222,49.812087915638585,5.3472222222222244E-5,0.9959904282836678,0.9959904282836678,3.0,3.0
1104,0.02090762990470417,50.011606416568114,0.0,1.0,1.0,0.0,0.0
1106,0.04446087962639386,48.6320596293011,0.0027092592592592606,0.9618965763235457,0.972586305294183,152.0,152.0
1108,0.028981567711669754,50.01612836146267,0.0,1.0,1.0,0.0,0.0
1110,0.07658151147529012,49.88103689178047,8.912037037037032E-5,0.9974680668032337,0.9974680668032337,5.0,5.0
1112,0.08084994431937839,50.010274836728904,0.0,1.0,1.0,0.0,0.0
1114,1.9054469631523072,50.00006609239829,0.0,1.0,1.0,0.0,0.0
1115,1.9054469631523072,50.00006609239829,0.0,1.0,1.0,0.0,0.0
1116,0.034306005166534884,49.08050435515896,0.09674907407407406,0.9815983462496706,0.9815983462496706,5428.0,5428.0
1118,0.0397045655976267,50.01274882836114,0.0,1.0,1.0,0.0,0.0
1120,0.04313848110839892,48.84990138799824,0.07903194444444443,0.9767179854115813,0.9767179854115813,4434.0,4434.0
1122,0.07641648300672645,49.57573164160024,0.017717129629629638,0.9913539370917414,0.9913539370917414,994.0,994.0
1124,0.017149105866504966,48.033825599141906,0.0342400462962963,0.960142480332727,0.960142480332727,1921.0,1921.0
1126,0.015921444727859,50.01500961631099,0.0,1.0,1.0,0.0,0.0
1128,0.036344153490434385,50.01489012445099,0.0,1.0,1.0,0.0,0.0
1130,0.04931575125881679,50.010339304715615,0.0,1.0,1.0,0.0,0.0
1132,0.1426683941516401,50.00060542697666,0.0,1.0,1.0,0.0,0.0
1133,0.1426683941516401,50.00060542697666,0.0,1.0,1.0,0.0,0.0
1134,0.16060466869799556,50.00231837004099,0.0,1.0,1.0,0.0,0.0
1135,0.16060466869799556,50.00231837004099,0.0,1.0,1.0,0.0,0.0
1136,0.07457488574153741,50.003648476352154,0.0,1.0,1.0,0.0,0.0
1137,0.07457488574153741,50.003648476352154,0.0,1.0,1.0,0.0,0.0
1138,0.07626565897506422,50.00116050086164,0.0,1.0,1.0,0.0,0.0
1139,0.07626565897506422,50.00116050086164,0.0,1.0,1.0,0.0,0.0
1140,0.1426683941516401,50.00060542697666,0.0,1.0,1.0,0.0,0.0
1141,0.1426683941516401,50.00060542697666,0.0,1.0,1.0,0.0,0.0
1142,0.08593160406011421,50.00061008831601,0.0,1.0,1.0,0.0,0.0
1143,0.08593160406011421,50.00061008831601,0.0,1.0,1.0,0.0,0.0
1144,0.08593160406011421,50.00061008831601,0.0,1.0,1.0,0.0,0.0
1145,0.08593160406011421,50.00061008831601,0.0010516203703703707,1.0,1.0,59.0,59.0
1146,0.07692142141327607,49.82674871471435,0.0026379629629629617,0.9964757331393487,0.9964757331393487,148.0,148.0
1147,0.07692142141327607,50.00309084286635,0.0,1.0,1.0,0.0,0.0
1148,0.0745748857415374,50.00364847635214,0.0,1.0,1.0,0.0,0.0
1149,0.0745748857415374,49.784535266709234,8.199074074074072E-4,0.995620776204102,0.995620776204102,46.0,46.0
1150,0.04134459679428031,50.01362515437135,0.0,1.0,1.0,0.0,0.0
1151,0.04134459679428031,50.01362515437135,0.0,1.0,1.0,0.0,0.0
1152,0.07590387211080005,49.79810135751989,8.199074074074072E-4,0.9959482103199243,0.9959482103199243,46.0,46.0
1153,0.07590387211080005,50.00072087811166,2.851851851851852E-4,1.0,1.0,16.0,16.0
1154,0.07626565897506422,50.00116050086164,0.0,1.0,1.0,0.0,0.0
1155,0.07626565897506422,50.00116050086164,5.168981481481481E-4,1.0,1.0,29.0,29.0
1156,0.08982978038691944,49.84710452646261,8.912037037037043E-4,0.9968318106420131,0.9968318106420131,50.0,50.0
1157,0.08982978038691944,50.00575373324725,0.0,1.0,1.0,0.0,0.0
1158,0.02200326096639095,48.42616339981796,0.005471990740740741,0.9463994367087505,0.9683827623422037,307.0,307.0
1159,0.02200326096639095,50.00741128725216,0.0,1.0,1.0,0.0,0.0
1160,0.16874518098181404,50.00268759029802,0.0,1.0,1.0,0.0,0.0
1161,0.16874518098181404,49.843672590475926,0.005133333333333331,0.9968219396621398,0.9968219396621398,288.0,288.0
1162,0.16988574402273957,50.00316233193218,0.0,1.0,1.0,0.0,0.0
1163,0.16988574402273957,50.00316233193218,0.0,1.0,1.0,0.0,0.0
1164,0.05858904161364199,50.00487193198463,0.0,1.0,1.0,0.0,0.0
1165,0.05858904161364199,50.00487193198463,0.0,1.0,1.0,0.0,0.0
1166,0.06473097747253874,50.00676371269087,0.0,1.0,1.0,0.0,0.0
1167,0.06473097747253874,50.00676371269087,0.0,1.0,1.0,0.0,0.0
1168,0.0631260064087814,50.00079715547041,0.0,1.0,1.0,0.0,0.0
1169,0.0631260064087814,50.00079715547041,1.0694444444444449E-4,1.0,1.0,6.0,6.0
1170,0.05232044636760694,45.16656296169525,0.04128055555555558,0.8820503668618962,0.9033143034065596,2316.0,2316.0
1172,0.04480265236859155,50.012263109125456,0.0,1.0,1.0,0.0,0.0
1174,0.056631044754332706,50.005337531419606,2.495370370370372E-4,1.0,1.0,14.0,14.0
1176,0.021647385460722163,30.007927477319907,0.0,1.0,1.0,0.0,0.0
1177,0.021647385460722163,28.102864661083096,0.011391203703703707,0.9216292935748702,0.9365171742994811,518.0,518.0
1178,0.04823285951934558,28.25627417804106,0.011391203703703705,0.9229311783919528,0.9417247135678115,518.0,518.0
1180,0.03731529675074524,44.952003971637595,0.03650370370370372,0.8809402368784433,0.8988088801798322,2048.0,2048.0
1182,0.0028789479145746714,50.06865938390733,0.0,1.0,1.0,0.0,0.0
1183,0.0028789479145746714,50.06865938390733,0.0,1.0,1.0,0.0,0.0
1184,0.10672806403201011,50.00273692285742,0.0,1.0,1.0,0.0,0.0
1185,0.10672806403201011,50.00273692285742,0.0,1.0,1.0,0.0,0.0
1186,0.1513606097931344,50.004422800338055,0.0,1.0,1.0,0.0,0.0
1187,0.1513606097931344,50.004422800338055,0.0,1.0,1.0,0.0,0.0
1188,0.016072384171986448,50.009146948272445,0.0,1.0,1.0,0.0,0.0
1190,0.033421403675385784,45.9069552758772,0.012209490740740748,0.9011848440242252,0.9180106392586403,685.0,685.0
1192,0.09959191809043232,50.00431033829238,0.0,1.0,1.0,0.0,0.0
1193,0.09959191809043232,50.00431033829238,0.0,1.0,1.0,0.0,0.0
1194,0.03286702142202396,49.66006045624254,1.0694444444444449E-4,0.9843507523327596,0.9930232253325684,6.0,6.0
1196,0.046178706038147506,27.810669272367576,0.019857638888888893,0.91919184170145,0.9269487367641339,903.0,903.0
1198,0.07013296006395069,30.003405374952173,0.0,1.0,1.0,0.0,0.0
1199,0.07013296006395069,30.003405374952173,0.0,1.0,1.0,0.0,0.0
1200,0.08252113638002738,29.72629908311238,0.0012974537037037039,0.9827014544089576,0.9908241614341657,59.0,59.0
1202,0.07740465927705148,30.00180592133778,0.0,1.0,1.0,0.0,0.0
1203,0.07740465927705148,30.00180592133778,0.0,1.0,1.0,0.0,0.0
1204,0.07497859322708163,30.00143777008935,0.0,1.0,1.0,0.0,0.0
1205,0.07497859322708163,30.00143777008935,0.0,1.0,1.0,0.0,0.0
1206,0.07740465927705148,30.00180592133778,0.0,1.0,1.0,0.0,0.0
1207,0.07740465927705148,30.00180592133778,0.0,1.0,1.0,0.0,0.0
1208,0.07603350911002708,29.945319228545003,0.0015173611111111106,0.9981750439441734,0.9981750439441734,69.0,69.0
1210,0.04936050990234712,29.19646260498591,0.003518518518518518,0.9620432900644859,0.9731731602579435,160.0,160.0
1212,0.014393431909148074,30.003679717969348,0.0,1.0,1.0,0.0,0.0
1214,0.10731134304648372,29.997884606457763,8.7962962962963E-5,0.9999017317031875,0.9999017317031875,4.0,4.0
1216,0.04526032547225178,49.62486284341345,3.921296296296298E-4,0.9922785774375221,0.9922785774375221,22.0,22.0
1218,0.4034160754248028,50.00336976756955,0.0,1.0,1.0,0.0,0.0
1219,0.4034160754248028,50.00336976756955,0.0,1.0,1.0,0.0,0.0
1220,0.014262680133524285,50.044491696576436,0.0,1.0,1.0,0.0,0.0
1221,0.014262680133524285,50.044491696576436,0.0,1.0,1.0,0.0,0.0
1222,0.05964199365369439,49.41423900841391,0.07632268518518519,0.9882370590510999,0.9882370590510999,4282.0,4282.0
1224,0.46185694006139183,50.00255576269128,0.0,1.0,1.0,0.0,0.0
1225,0.46185694006139183,50.00255576269128,0.0,1.0,1.0,0.0,0.0
1226,0.05381962765221706,50.00017020593069,0.0,1.0,1.0,0.0,0.0
1227,0.05381962765221706,50.00017020593069,0.0,1.0,1.0,0.0,0.0
1228,0.06790196355108098,49.623443984691384,4.2777777777777795E-4,0.9922843151088738,0.9922843151088738,24.0,24.0
1230,0.004157398480960253,50.05563388447127,0.0,1.0,1.0,0.0,0.0
1231,0.004157398480960253,50.05563388447127,0.0,1.0,1.0,0.0,0.0
1232,0.01817253938026354,50.016163431918,0.0,1.0,1.0,0.0,0.0
1233,0.01817253938026354,50.016163431918,0.0,1.0,1.0,0.0,0.0
1234,0.04659576844542883,50.013347168617706,0.0,1.0,1.0,0.0,0.0
1236,0.024164486766194843,49.75223262211223,6.238425925925927E-4,0.9945800634826256,0.9945800634826256,35.0,35.0
1237,0.024164486766194843,50.02423942398012,0.0,1.0,1.0,0.0,0.0
1238,0.08616650849191965,50.00796881684841,0.0,1.0,1.0,0.0,0.0
1239,0.08616650849191965,50.00796881684841,0.0,1.0,1.0,0.0,0.0
1240,0.007164796303335149,50.084012994187454,0.0,1.0,1.0,0.0,0.0
1241,0.007164796303335149,50.084012994187454,0.0,1.0,1.0,0.0,0.0
1242,0.06340434211863628,30.002054630269534,0.0,1.0,1.0,0.0,0.0
1243,0.06340434211863628,30.002054630269534,0.0,1.0,1.0,0.0,0.0
1244,0.0940256989733575,50.006281031775295,0.0,1.0,1.0,0.0,0.0
1245,0.0940256989733575,50.006281031775295,0.0,1.0,1.0,0.0,0.0
1246,0.04276972797979676,50.006827128050766,0.0,1.0,1.0,0.0,0.0
1247,0.04276972797979676,50.006827128050766,0.0,1.0,1.0,0.0,0.0
1248,0.3195262452821838,30.00011691875601,0.0,1.0,1.0,0.0,0.0
1250,0.04416202892749761,50.01047629411495,0.0,1.0,1.0,0.0,0.0
1251,0.04416202892749761,50.01047629411495,0.0,1.0,1.0,0.0,0.0
1252,0.15280406081892858,48.73895875231116,0.004063888888888889,0.9664738210152599,0.9746143086971865,228.0,228.0
1254,0.032442912865635276,50.0190519555833,0.0,1.0,1.0,0.0,0.0
1255,0.032442912865635276,50.0190519555833,0.0,1.0,1.0,0.0,0.0
1256,0.011029035338427563,20.002280714528577,4.6238425925925917E-4,1.0,1.0,17.0,17.0
1258,0.09275038104302247,50.00020541402829,0.0,1.0,1.0,0.0,0.0
1259,0.09275038104302247,50.00020541402829,0.0,1.0,1.0,0.0,0.0
1260,0.03252173526030519,50.01206618415151,0.0,1.0,1.0,0.0,0.0
1261,0.03252173526030519,50.01206618415151,0.0,1.0,1.0,0.0,0.0
1262,0.061760747959766604,50.00870280143045,0.0,1.0,1.0,0.0,0.0
1263,0.061760747959766604,50.00870280143045,0.0,1.0,1.0,0.0,0.0
1264,0.05198996066812421,50.003702486039856,0.0,1.0,1.0,0.0,0.0
1265,0.05198996066812421,50.003702486039856,0.0,1.0,1.0,0.0,0.0
1266,0.11235393836280172,50.00298901051875,0.0,1.0,1.0,0.0,0.0
1267,0.11235393836280172,50.00298901051875,0.0,1.0,1.0,0.0,0.0
1268,0.1747342200415041,50.00343339820467,0.0,1.0,1.0,0.0,0.0
1269,0.1747342200415041,50.00343339820467,0.0,1.0,1.0,0.0,0.0
1270,0.09130642204971333,50.000474502428965,0.0,1.0,1.0,0.0,0.0
1271,0.09130642204971333,50.000474502428965,0.0,1.0,1.0,0.0,0.0
1272,0.061760747959766604,50.00870280143045,0.0,1.0,1.0,0.0,0.0
1273,0.061760747959766604,49.950984423613804,8.912037037037032E-5,0.9988474455272983,0.9988474455272983,5.0,5.0
1274,0.035410959610956,50.01155535482212,0.0,1.0,1.0,0.0,0.0
1275,0.035410959610956,50.01155535482212,0.0,1.0,1.0,0.0,0.0
1276,0.016934721214013924,50.012302190689184,0.0,1.0,1.0,0.0,0.0
1277,0.016934721214013924,50.012302190689184,0.0,1.0,1.0,0.0,0.0
1278,0.040537081823315925,50.01147860313136,0.0,1.0,1.0,0.0,0.0
1279,0.040537081823315925,50.01147860313136,0.0,1.0,1.0,0.0,0.0
1280,0.01731140236782377,50.01689287653738,0.0,1.0,1.0,0.0,0.0
1281,0.01731140236782377,50.01689287653738,0.0,1.0,1.0,0.0,0.0
1282,0.10802492468238942,50.005108506699486,0.0,1.0,1.0,0.0,0.0
1283,0.10802492468238942,48.972367532417834,0.0034400462962962974,0.9686972526155765,0.9793505018755123,193.0,193.0
1284,0.04770427467149784,48.639709620799934,0.013065046296296302,0.9607956183257482,0.9725988188002752,733.0,733.0
1285,0.04770427467149784,50.01030542148871,2.317129629629629E-4,1.0,1.0,13.0,13.0
1286,0.12658932540238998,49.91007081208087,3.564814814814813E-4,0.9981550654770251,0.9981550654770251,20.0,20.0
1287,0.12658932540238998,48.61132030129358,0.005864120370370369,0.9611035331891346,0.9721815345410004,329.0,329.0
1288,0.28960118250772676,50.003081871837715,0.0,1.0,1.0,0.0,0.0
1289,0.28960118250772676,50.003081871837715,0.0,1.0,1.0,0.0,0.0
1290,0.024485319355551628,48.72485576144237,0.018394444444444453,0.961321447499438,0.9739898057227565,1032.0,1032.0
1292,0.05198996066812421,50.003702486039856,0.0,1.0,1.0,0.0,0.0
1293,0.05198996066812421,49.02652103146182,0.003956944444444445,0.9693963948234029,0.9804594563134725,222.0,222.0
1294,0.032245664991460504,50.01481859942171,0.0,1.0,1.0,0.0,0.0
1296,0.3072279077377625,47.99963340412418,0.006309722222222219,0.9439458771030228,0.9599753185210474,354.0,354.0
1298,0.10070185579027333,30.00055286701291,0.0,1.0,1.0,0.0,0.0
1299,0.10070185579027333,30.00055286701291,0.0,1.0,1.0,0.0,0.0
1300,0.18316021436503252,47.9253443951047,0.010569675925925932,0.9375321940279078,0.9583977213891488,593.0,593.0
1302,0.02463493646243038,50.02017555823427,0.0,1.0,1.0,0.0,0.0
1304,0.10417374719621386,50.003398654182654,0.0,1.0,1.0,0.0,0.0
1306,0.036247003161960396,48.64190710123087,5.525462962962964E-4,0.9529452326412248,0.9725532119861109,31.0,31.0
1308,0.15287993221532314,29.77221171049207,0.001759259259259259,0.9923758021768647,0.9923758021768647,80.0,80.0
1309,0.15287993221532314,30.000967891805036,0.0,1.0,1.0,0.0,0.0
1310,0.13532594890208666,29.944254085989538,8.576388888888886E-4,0.9981350830104176,0.9981350830104176,39.0,39.0
1312,0.15114897454477588,30.001450535435474,0.0,1.0,1.0,0.0,0.0
1313,0.15114897454477588,30.001450535435474,0.0,1.0,1.0,0.0,0.0
1314,0.002551746236636653,30.020543960431212,0.0,1.0,1.0,0.0,0.0
1316,0.20253481721882768,30.0002197987072,0.0,1.0,1.0,0.0,0.0
1318,0.009508177169541316,30.025822640656788,0.0,1.0,1.0,0.0,0.0
1320,0.05643263223902224,28.945279311823626,0.008598379629629631,0.9485726130961115,0.9647144252680273,391.0,391.0
1322,0.20434429740312832,49.8349655560168,0.0010337962962962961,0.9966478890964199,0.9966478890964199,58.0,58.0
1323,0.20434429740312832,49.8349655560168,8.199074074074072E-4,0.9966478890964199,0.9966478890964199,46.0,46.0
1324,0.07016168061327464,49.6767896129952,0.0013368055555555553,0.9934141736399706,0.9934141736399706,75.0,75.0
1326,0.03224021598646338,45.733837163334094,0.014900925925925925,0.9005100020960184,0.9145613433887261,836.0,836.0
1328,0.017167010537010915,50.00100156410946,0.0,1.0,1.0,0.0,0.0
1330,0.0075021989158465825,45.623471168834556,0.012601620370370367,0.8999142567152764,0.9122037210452291,707.0,707.0
1332,0.08063489443371999,49.853773637049464,0.007486111111111114,0.9969642562379349,0.9969642562379349,420.0,420.0
1334,0.18784463087455136,49.932169737572075,8.733796296296294E-4,0.9985857542350229,0.9985857542350229,49.0,49.0
1336,0.022115311868361458,49.58441845661393,8.733796296296294E-4,0.9915063011358756,0.9915063011358756,49.0,49.0
1338,0.062289089668483726,50.00908180342137,0.0,1.0,1.0,0.0,0.0
1339,0.062289089668483726,50.00908180342137,0.0,1.0,1.0,0.0,0.0
1340,0.04144392615755917,50.01613616064802,0.0,1.0,1.0,0.0,0.0
1342,0.04272174952406508,49.5337845853718,8.733796296296294E-4,0.9903746454763821,0.9903746454763821,49.0,49.0
1344,0.04818596867503206,50.00561753534604,0.0,1.0,1.0,0.0,0.0
1346,0.02891702815357975,50.000625049417444,0.0,1.0,1.0,0.0,0.0
1347,0.02891702815357975,50.000625049417444,0.0,1.0,1.0,0.0,0.0
1348,0.04833192531624573,50.01291495788578,0.0,1.0,1.0,0.0,0.0
1350,0.024381942678617707,49.82278062420745,4.099537037037036E-4,0.9961796855134449,0.9961796855134449,23.0,23.0
1352,0.036151437639885514,49.731196364366895,0.0018002314814814819,0.9942911587174811,0.9942911587174811,101.0,101.0
1354,0.012466042703732047,49.50335857768904,0.009482407407407405,0.9895063728709313,0.9895063728709313,532.0,532.0
1356,0.013980010336933165,48.99187618522964,0.0014972222222222227,0.979303348838733,0.979303348838733,84.0,84.0
1358,0.10294267555075765,50.01263589510493,0.0,1.0,1.0,0.0,0.0
1359,0.10294267555075765,50.01263589510493,0.0,1.0,1.0,0.0,0.0
1360,0.08917452548464194,49.07854396890582,0.010427083333333333,0.9814910058776667,0.9814910058776667,585.0,585.0
1362,0.17485747629391213,50.006904564512524,0.0,1.0,1.0,0.0,0.0
1363,0.17485747629391213,50.006904564512524,0.0,1.0,1.0,0.0,0.0
1364,0.06856652960099656,49.638500177512384,6.416666666666666E-4,0.9926165981338316,0.9926165981338316,36.0,36.0
1366,0.039043298139442746,48.855568863810426,0.010124074074074079,0.967702331892898,0.9770713304524626,568.0,568.0
1368,0.03659178720250468,50.01155426310436,0.0,1.0,1.0,0.0,0.0
1369,0.03659178720250468,50.01155426310436,0.0,1.0,1.0,0.0,0.0
1370,0.1355448595053479,50.0063019285973,0.0,1.0,1.0,0.0,0.0
1372,0.01925965571959069,50.02507979114465,0.0,1.0,1.0,0.0,0.0
1373,0.01925965571959069,50.02507979114465,0.0,1.0,1.0,0.0,0.0
1374,0.0686546472959424,50.00136157503392,0.0,1.0,1.0,0.0,0.0
1375,0.0686546472959424,50.00136157503392,0.0,1.0,1.0,0.0,0.0
1376,0.27907810548150797,49.889073081809,0.01860833333333333,0.9977520426455073,0.9977520426455073,1044.0,1044.0
1378,0.03684091561430148,50.01029268909703,0.0,1.0,1.0,0.0,0.0
1380,0.07523183724515389,50.00639107875813,0.0,1.0,1.0,0.0,0.0
1381,0.07523183724515389,50.00639107875813,0.0,1.0,1.0,0.0,0.0
1382,0.01861402134928291,49.32021104524551,0.0015328703703703698,0.9862543653572577,0.9862543653572577,86.0,86.0
1384,0.06963829489051006,50.00954749767329,0.0,1.0,1.0,0.0,0.0
1385,0.06963829489051006,50.00954749767329,0.0,1.0,1.0,0.0,0.0
1386,0.05064542754938899,49.77595765617188,0.005186805555555555,0.9953967549942189,0.9953967549942189,291.0,291.0
1388,0.08427840179545014,50.000370214835286,0.0,1.0,1.0,0.0,0.0
1389,0.08427840179545014,50.000370214835286,0.0,1.0,1.0,0.0,0.0
1390,0.12298944844601047,50.001356793409116,0.0,1.0,1.0,0.0,0.0
1391,0.12298944844601047,50.001356793409116,0.0,1.0,1.0,0.0,0.0
1392,0.24930378233535516,50.00521597990186,0.0,1.0,1.0,0.0,0.0
1393,0.24930378233535516,50.00521597990186,0.0,1.0,1.0,0.0,0.0
1394,0.23359758552054555,50.00007776169594,0.0,1.0,1.0,0.0,0.0
1395,0.23359758552054555,50.00007776169594,0.0,1.0,1.0,0.0,0.0
1396,0.2268642173109619,50.00068460386083,0.0,1.0,1.0,0.0,0.0
1397,0.2268642173109619,50.00068460386083,0.0,1.0,1.0,0.0,0.0
1398,0.4057406104874865,50.00226611512226,0.0,1.0,1.0,0.0,0.0
1399,0.4057406104874865,50.00226611512226,0.0,1.0,1.0,0.0,0.0
1400,0.08899694006975646,50.00608463416938,0.0,1.0,1.0,0.0,0.0
1402,0.1049965161960024,48.50727811254295,0.007450462962962966,0.9608016134494206,0.9699261836175569,418.0,418.0
1404,0.07022813888057196,45.34622068934262,0.04484537037037036,0.8825094597419832,0.9068498119336492,2516.0,2516.0
1406,0.27410840392197283,50.00203973240953,0.0,1.0,1.0,0.0,0.0
1408,0.07726053731758711,50.006820270282915,0.0,1.0,1.0,0.0,0.0
1410,0.018742305659012113,50.016531039617206,0.0,1.0,1.0,0.0,0.0
1411,0.018742305659012113,50.016531039617206,0.0,1.0,1.0,0.0,0.0
1412,0.11062960303029756,45.11107040966766,0.03495300925925926,0.8817593087082993,0.9021845666137589,1961.0,1961.0
1413,0.11062960303029756,50.00208046567122,0.0,1.0,1.0,0.0,0.0
1414,0.008878732266148114,50.02102685153867,0.0,1.0,1.0,0.0,0.0
1415,0.008878732266148114,50.02102685153867,0.0,1.0,1.0,0.0,0.0
1416,0.07335914559559353,50.00812803335292,0.0,1.0,1.0,0.0,0.0
1417,0.07335914559559353,50.00812803335292,0.0,1.0,1.0,0.0,0.0
1418,0.06540400871309304,50.00094104207581,0.0,1.0,1.0,0.0,0.0
1419,0.06540400871309304,50.00094104207581,0.0,1.0,1.0,0.0,0.0
1420,0.061588109587408825,50.00387787881637,0.0,1.0,1.0,0.0,0.0
1421,0.061588109587408825,50.00387787881637,0.0,1.0,1.0,0.0,0.0
1422,0.09179274983324667,50.00815668881478,0.0,1.0,1.0,0.0,0.0
1423,0.09179274983324667,50.00815668881478,0.0,1.0,1.0,0.0,0.0
1424,0.07078409233065673,50.00446083013427,0.0,1.0,1.0,0.0,0.0
1426,0.4446726460213312,50.00067234122915,0.0,1.0,1.0,0.0,0.0
1427,0.4446726460213312,50.00067234122915,0.0,1.0,1.0,0.0,0.0
1428,0.09179274983324667,50.00815668881478,0.0,1.0,1.0,0.0,0.0
1429,0.09179274983324667,46.373128642724005,0.011246990740740743,0.9190071539423131,0.9273130335595425,631.0,631.0
1430,0.05205496776087398,46.45628531099204,0.011514351851851855,0.9192810933895488,0.9288914195324419,646.0,646.0
1432,0.06115924259999411,44.98524097734653,0.029231481481481494,0.8810831996263311,0.899611216908663,1640.0,1640.0
1434,0.068081119855147,44.95052688270363,0.02666481481481482,0.8809428106682099,0.8988586691716631,1496.0,1496.0
1436,0.10320202671164215,50.00367377683873,0.0,1.0,1.0,0.0,0.0
1437,0.10320202671164215,50.00367377683873,0.0,1.0,1.0,0.0,0.0
1438,0.07575510392878472,50.003368929890904,0.0,1.0,1.0,0.0,0.0
1439,0.07575510392878472,50.003368929890904,0.0,1.0,1.0,0.0,0.0
1440,0.24624936143809348,50.00269057347491,0.0,1.0,1.0,0.0,0.0
1441,0.24624936143809348,50.00269057347491,0.0,1.0,1.0,0.0,0.0
1442,0.049319228375237695,50.01386539460724,0.0,1.0,1.0,0.0,0.0
1443,0.049319228375237695,50.01386539460724,0.0,1.0,1.0,0.0,0.0
1444,0.026968270787754742,50.01843113648484,3.564814814814813E-4,1.0,1.0,20.0,20.0
1446,0.12360126651493798,50.00163607751172,0.0,1.0,1.0,0.0,0.0
1447,0.12360126651493798,50.00163607751172,0.0,1.0,1.0,0.0,0.0
1448,0.020942846641135198,50.02936158466272,0.0,1.0,1.0,0.0,0.0
1450,0.009798102473389171,50.03286369390216,0.0,1.0,1.0,0.0,0.0
1451,0.009798102473389171,50.03286369390216,0.0,1.0,1.0,0.0,0.0
1452,0.03393222375585317,50.002458256680896,0.0,1.0,1.0,0.0,0.0
1453,0.03393222375585317,50.002458256680896,0.0,1.0,1.0,0.0,0.0
1454,0.03284478448528713,50.01743830246771,0.0,1.0,1.0,0.0,0.0
1456,0.03747529084245252,49.95165967750141,5.3472222222222244E-5,0.9989521560439465,0.9989521560439465,3.0,3.0
1457,0.03747529084245252,49.37487633716307,0.05471990740740743,0.9874258725273576,0.9874258725273576,3070.0,3070.0
1458,0.138951986457065,50.002714038927834,0.0,1.0,1.0,0.0,0.0
1459,0.138951986457065,50.002714038927834,0.0,1.0,1.0,0.0,0.0
1460,0.212500371956426,50.00008751915906,0.0,1.0,1.0,0.0,0.0
1461,0.212500371956426,50.00008751915906,0.0,1.0,1.0,0.0,0.0
1462,0.0892969770530969,48.98515614330805,0.0019071759259259267,0.9689897309257166,0.9796461285181,107.0,107.0
1464,0.018046190067492522,50.012535983812995,0.0,1.0,1.0,0.0,0.0
1465,0.018046190067492522,50.012535983812995,0.0,1.0,1.0,0.0,0.0
1466,0.03359066678483674,50.010918290079516,9.268518518518516E-4,1.0,1.0,52.0,52.0
1468,0.09783318691463325,50.00702440617346,0.0,1.0,1.0,0.0,0.0
1469,0.09783318691463325,50.00702440617346,0.0,1.0,1.0,0.0,0.0
1470,0.05779397363454762,50.00199593472037,0.0,1.0,1.0,0.0,0.0
1471,0.05779397363454762,50.00199593472037,0.0,1.0,1.0,0.0,0.0
1472,0.07116435054273641,30.00253682560617,0.0,1.0,1.0,0.0,0.0
1473,0.07116435054273641,30.00253682560617,0.0,1.0,1.0,0.0,0.0
1474,0.1912336649704386,28.933613671218357,0.020737268518518513,0.9453782322419715,0.9644521451622468,943.0,943.0
1475,0.1912336649704386,29.997932457147424,4.6180555555555547E-4,0.9999294018973541,0.9999294018973541,21.0,21.0
1476,0.07865583312016451,30.002224966369173,0.0,1.0,1.0,0.0,0.0
1477,0.07865583312016451,30.002224966369173,0.0,1.0,1.0,0.0,0.0
1478,0.11721668470130352,50.00356261697982,0.0,1.0,1.0,0.0,0.0
1479,0.11721668470130352,50.00356261697982,0.0,1.0,1.0,0.0,0.0
1480,0.040085619576855025,50.002851863020815,0.0,1.0,1.0,0.0,0.0
1481,0.040085619576855025,50.002851863020815,0.0,1.0,1.0,0.0,0.0
1482,0.06684265682223832,30.000444403448196,0.0,1.0,1.0,0.0,0.0
1483,0.06684265682223832,30.000444403448196,0.0,1.0,1.0,0.0,0.0
1484,0.10698173401265094,50.0109391566736,0.0,1.0,1.0,0.0,0.0
1485,0.10698173401265094,50.0109391566736,0.0,1.0,1.0,0.0,0.0
1486,0.04773502580620213,50.013414697999906,0.0,1.0,1.0,0.0,0.0
1487,0.04773502580620213,50.013414697999906,0.0,1.0,1.0,0.0,0.0
1488,0.018046190067492522,50.012535983812995,0.0,1.0,1.0,0.0,0.0
1489,0.018046190067492522,50.012535983812995,0.0,1.0,1.0,0.0,0.0
1490,0.13347248212276197,30.001307170450996,0.0,1.0,1.0,0.0,0.0
1492,0.03358502784307243,50.002522843284005,0.0,1.0,1.0,0.0,0.0
1494,0.06510019651747012,50.00228450243065,0.0,1.0,1.0,0.0,0.0
1495,0.06510019651747012,50.00228450243065,0.0,1.0,1.0,0.0,0.0
1496,0.026516007469177406,29.43265888412297,0.0071689814814814784,0.9808262710070614,0.9808262710070614,326.0,326.0
1498,0.040092233989293936,27.533341395828597,0.015063657407407413,0.9011043496349858,0.9175768102831883,685.0,685.0
1500,0.23560742993160946,27.647524670045367,0.022232638888888892,0.9020362369239672,0.9215555759758143,1011.0,1011.0
1502,0.12287603560437003,30.000252843386377,0.0,1.0,1.0,0.0,0.0
1504,0.09668648839313623,27.576503641792325,0.01609722222222223,0.9024487472818266,0.9191872144729865,732.0,732.0
1506,0.10922335207625113,30.001836370708382,0.0,1.0,1.0,0.0,0.0
1508,0.06050182568539593,48.39759481715734,0.004687731481481484,0.9607307442710301,0.9679229770841203,263.0,263.0
1510,0.057995275315930496,50.0079020688263,0.0,1.0,1.0,0.0,0.0
1511,0.057995275315930496,50.0079020688263,0.0,1.0,1.0,0.0,0.0
1512,0.03398267040643403,27.811853896911146,0.014206018518518519,0.9188672603197414,0.9268548442193969,646.0,646.0
1514,0.10388617573616858,30.000820844714173,0.0,1.0,1.0,0.0,0.0
1515,0.10388617573616858,30.000820844714173,0.0,1.0,1.0,0.0,0.0
1516,0.13591768897183587,50.00037607792859,0.0,1.0,1.0,0.0,0.0
1517,0.13591768897183587,50.00037607792859,0.0,1.0,1.0,0.0,0.0
1518,0.06839268286302855,50.002773823497726,0.0,1.0,1.0,0.0,0.0
1519,0.06839268286302855,50.002773823497726,0.0,1.0,1.0,0.0,0.0
1520,0.04715060911526676,50.01243158955815,0.0,1.0,1.0,0.0,0.0
1522,0.06435879219171828,50.0089902633684,0.0,1.0,1.0,0.0,0.0
1523,0.06435879219171828,50.0089902633684,0.0,1.0,1.0,0.0,0.0
1524,0.05484091088937907,50.00690962557362,0.0,1.0,1.0,0.0,0.0
1525,0.05484091088937907,50.00690962557362,0.0,1.0,1.0,0.0,0.0
1526,0.13591768897183587,49.954369258347455,0.0024597222222222212,0.9990801770066511,0.9990801770066511,138.0,138.0
1527,0.13591768897183587,48.05852834223729,0.004705555555555555,0.934975360764491,0.9611635153835847,264.0,264.0
1528,0.17102458697539077,30.00138939242797,0.0,1.0,1.0,0.0,0.0
1529,0.17102458697539077,30.00138939242797,0.0,1.0,1.0,0.0,0.0
1530,0.05371006933282834,30.000969681641898,0.0,1.0,1.0,0.0,0.0
1531,0.05371006933282834,30.000969681641898,0.0,1.0,1.0,0.0,0.0
1532,0.28223309742363684,30.00086074128481,0.0,1.0,1.0,0.0,0.0
1533,0.28223309742363684,30.00086074128481,0.0,1.0,1.0,0.0,0.0
1534,0.10963907871382535,50.00008656825073,0.0,1.0,1.0,0.0,0.0
1535,0.10963907871382535,50.00008656825073,0.0,1.0,1.0,0.0,0.0
1536,0.10799138372388672,50.00887334782509,0.0,1.0,1.0,0.0,0.0
1537,0.10799138372388672,50.00887334782509,0.0,1.0,1.0,0.0,0.0
1538,0.06620679053594646,50.0093256251379,0.0,1.0,1.0,0.0,0.0
1539,0.06620679053594646,50.0093256251379,0.0,1.0,1.0,0.0,0.0
1540,0.10921485024861903,50.00934379229566,0.0,1.0,1.0,0.0,0.0
1541,0.10921485024861903,50.00934379229566,0.0,1.0,1.0,0.0,0.0
1542,0.09209147143324631,50.0044188777808,0.0,1.0,1.0,0.0,0.0
1543,0.09209147143324631,50.0044188777808,0.0,1.0,1.0,0.0,0.0
1544,0.2822330974236368,30.000860741284804,0.0,1.0,1.0,0.0,0.0
1545,0.2822330974236368,30.000860741284804,0.0,1.0,1.0,0.0,0.0
1546,0.10518679477145773,30.00098725853651,0.0,1.0,1.0,0.0,0.0
1547,0.10518679477145773,30.00098725853651,0.0,1.0,1.0,0.0,0.0
1548,0.13803021089467607,30.001132598009654,0.0,1.0,1.0,0.0,0.0
1549,0.13803021089467607,30.001132598009654,0.0,1.0,1.0,0.0,0.0
1550,0.05917393574868051,30.003685731725337,0.0,1.0,1.0,0.0,0.0
1551,0.05917393574868051,30.003685731725337,0.0,1.0,1.0,0.0,0.0
1552,0.05709055731723278,30.003796546282924,0.0,1.0,1.0,0.0,0.0
1553,0.05709055731723278,30.003796546282924,0.0,1.0,1.0,0.0,0.0
1554,0.14568076890770876,50.00484058617006,0.0,1.0,1.0,0.0,0.0
1555,0.14568076890770876,50.00484058617006,0.0,1.0,1.0,0.0,0.0
1556,0.008058313949380622,47.01098031109011,0.03040787037037036,0.9263615529289715,0.9399057200279152,1706.0,1706.0
1558,0.01743024195976443,47.20360027034047,0.03040787037037036,0.9233393790741002,0.9433575162964007,1706.0,1706.0
1560,0.2544567234358558,30.000792702203476,0.0,1.0,1.0,0.0,0.0
1562,0.022764206615053014,49.82132036958965,3.564814814814815E-5,0.9964125953178492,0.9964125953178492,2.0,2.0
1564,0.16682207533412674,47.04260617943769,0.030390046296296314,0.922690335114805,0.9407613404592203,1705.0,1705.0
1566,0.020363309951058495,46.88058114774542,0.03158425925925926,0.9196664560306955,0.9375126301605512,1772.0,1772.0
1568,0.03686828898371502,48.94031123616178,0.004010416666666666,0.9678776890889749,0.9786216392653544,225.0,225.0
1570,0.02138151933382804,48.60562942614159,9.446759259259266E-4,0.9617050746755204,0.9718202987020814,53.0,53.0
1572,0.0069786701102698325,48.51218274666321,0.0049550925925925925,0.9653129358640093,0.9693670247355561,278.0,278.0
1574,0.11569438318124432,50.00597664215147,7.12962962962963E-5,1.0,1.0,4.0,4.0
1576,0.0898047842879634,50.00730447589609,5.3472222222222244E-5,1.0,1.0,3.0,3.0
1578,0.01803484709994135,47.824996502583296,0.03659282407407408,0.9561568119497361,0.9561568119497361,2053.0,2053.0
1580,0.025758767993729465,49.978991450940256,5.3472222222222244E-5,0.9992428713309819,0.9992428713309819,3.0,3.0
1582,0.09600560857598392,50.00292113332496,0.0,1.0,1.0,0.0,0.0
1583,0.09600560857598392,50.00292113332496,0.0,1.0,1.0,0.0,0.0
1584,0.021905326233726884,50.0058176546714,0.0,1.0,1.0,0.0,0.0
1585,0.021905326233726884,50.0058176546714,0.0,1.0,1.0,0.0,0.0
1586,0.013522168205882366,47.373806204941125,0.016255555555555558,0.9278387924582234,0.9459366653569915,912.0,912.0
1588,0.059653383136437484,50.00050740190336,0.0,1.0,1.0,0.0,0.0
1590,0.1367839227242659,30.000129268146534,0.0,1.0,1.0,0.0,0.0
1592,0.0387893650431767,49.906574895451044,7.129629629629626E-4,0.9978420237823825,0.9978420237823825,40.0,40.0
1594,0.09733412534935335,28.818968295876097,0.010709490740740743,0.9433218683901584,0.9606245631882548,487.0,487.0
1596,0.1838195346647106,50.00002454045774,0.0,1.0,1.0,0.0,0.0
1597,0.1838195346647106,50.00002454045774,0.0,1.0,1.0,0.0,0.0
1598,0.11957966856610858,50.00427539063665,0.0,1.0,1.0,0.0,0.0
1599,0.11957966856610858,50.00427539063665,0.0,1.0,1.0,0.0,0.0
1600,0.012464886979555624,49.54323577789682,0.07872893518518517,0.9903879871120005,0.9903879871120005,4417.0,4417.0
1602,0.030517275750259944,48.750722941668954,0.06274074074074074,0.9749138704380849,0.9749138704380849,3520.0,3520.0
1604,0.0339909769464229,49.14297235547327,0.015988194444444454,0.9827296981294515,0.9827296981294515,897.0,897.0
1606,0.037092879107613316,50.01287070689436,0.0,1.0,1.0,0.0,0.0
1608,0.9658068560579314,70.00009425827568,0.0,1.0,1.0,0.0,0.0
1609,0.9658068560579314,70.00009425827568,0.0,1.0,1.0,0.0,0.0
1610,0.5045113264714897,70.0008007129177,0.0,1.0,1.0,0.0,0.0
1611,0.5045113264714897,70.0008007129177,0.0,1.0,1.0,0.0,0.0
1612,0.018963456677311606,50.01351211598665,0.0,1.0,1.0,0.0,0.0
1613,0.018963456677311606,50.01351211598665,0.0,1.0,1.0,0.0,0.0
1614,0.9658068560579314,70.00009425827568,0.0,1.0,1.0,0.0,0.0
1615,0.9658068560579314,69.99528175179543,1.6038359788359778E-5,0.999931263933954,0.999931263933954,1.0,1.0
1616,0.2213803293571243,50.00434092644293,0.0,1.0,1.0,0.0,0.0
1617,0.2213803293571243,50.00434092644293,0.0,1.0,1.0,0.0,0.0
1618,0.04308946494855043,50.007115994449244,0.0,1.0,1.0,0.0,0.0
1619,0.04308946494855043,50.007115994449244,0.0,1.0,1.0,0.0,0.0
1620,1.905446963152307,50.000066092398285,0.0,1.0,1.0,0.0,0.0
1621,1.905446963152307,50.000066092398285,0.0,1.0,1.0,0.0,0.0
1622,0.05492552304759157,50.008063472769265,0.0,1.0,1.0,0.0,0.0
1623,0.05492552304759157,50.008063472769265,0.0,1.0,1.0,0.0,0.0
1624,0.00835040799427701,47.94016469759324,0.09674907407407406,0.9584613932904109,0.9584613932904109,5428.0,5428.0
1626,0.0724357774979583,49.740206360724024,0.003939120370370373,0.9945512220823125,0.9945512220823125,221.0,221.0
1628,0.07286732203249648,50.00426216488511,0.0,1.0,1.0,0.0,0.0
1630,0.05384353809046776,50.00947810260164,0.0,1.0,1.0,0.0,0.0
1631,0.05384353809046776,50.00947810260164,0.0,1.0,1.0,0.0,0.0
1632,0.07272171437506511,49.74352797761438,0.006969212962962966,0.9946941905208659,0.9946941905208659,391.0,391.0
1634,0.13829295564104035,50.00548817876108,0.0,1.0,1.0,0.0,0.0
1635,0.13829295564104035,50.00548817876108,0.0,1.0,1.0,0.0,0.0
1636,0.059132213850816455,49.773884678855595,3.564814814814813E-4,0.9953594962328675,0.9953594962328675,20.0,20.0
1638,0.1810134279112672,50.003709367753366,0.0,1.0,1.0,0.0,0.0
1639,0.1810134279112672,50.003709367753366,0.0,1.0,1.0,0.0,0.0
1640,0.6913948195278298,50.00042889313353,0.0,1.0,1.0,0.0,0.0
1641,0.6913948195278298,50.00042889313353,0.0,1.0,1.0,0.0,0.0
1642,0.9815113086925937,50.00057609233793,0.0,1.0,1.0,0.0,0.0
1643,0.9815113086925937,50.00057609233793,0.0,1.0,1.0,0.0,0.0
1644,0.0326723966848077,50.00877043593016,0.0,1.0,1.0,0.0,0.0
1646,0.03821821127822728,49.969686084701834,1.7824074074074075E-5,0.9991378861528901,0.9991378861528901,1.0,1.0
1648,0.0343975052306259,50.012527798971426,0.0,1.0,1.0,0.0,0.0
1650,0.03223653723912433,50.000660948232465,0.0,1.0,1.0,0.0,0.0
1652,0.01702411455463429,49.62616250403215,3.564814814814815E-5,0.9919347525826424,0.9919347525826424,2.0,2.0
1654,0.004363539877071709,49.31286442924463,3.564814814814815E-5,0.9720226549078038,0.9857119764822743,2.0,2.0
1656,0.10542976831976841,50.00621422281506,0.0,1.0,1.0,0.0,0.0
1657,0.10542976831976841,50.00621422281506,0.0,1.0,1.0,0.0,0.0
1658,0.01218772631807447,49.837134643263106,8.912037037037032E-5,0.9961723842156676,0.9961723842156676,5.0,5.0
1660,0.035103751160021235,49.92716788577081,3.564814814814815E-5,0.9983592711233387,0.9983592711233387,2.0,2.0
1662,1.03896292683781,70.00049664276307,0.0,1.0,1.0,0.0,0.0
1663,1.03896292683781,70.00049664276307,0.0,1.0,1.0,0.0,0.0
1664,0.19799870851030707,50.00318138457421,0.0,1.0,1.0,0.0,0.0
1666,0.11206555021607585,50.00445968987024,0.0,1.0,1.0,0.0,0.0
1668,0.016041433068008332,50.04259882567591,0.0,1.0,1.0,0.0,0.0
1669,0.016041433068008332,50.04259882567591,0.0,1.0,1.0,0.0,0.0
1670,0.06963829489051006,49.57606104623246,0.004990740740740742,0.9913402162812598,0.9913402162812598,280.0,280.0
1671,0.06963829489051006,50.00954749767329,0.0,1.0,1.0,0.0,0.0
1672,0.08198862718571737,50.00153445173345,0.0,1.0,1.0,0.0,0.0
1673,0.08198862718571737,50.00153445173345,0.0,1.0,1.0,0.0,0.0
1674,0.04026090118583811,49.92497619874309,0.00524027777777778,0.9982427931489642,0.9982427931489642,294.0,294.0
1676,0.13270349931303874,50.003411924527896,0.0,1.0,1.0,0.0,0.0
1677,0.13270349931303874,50.003411924527896,0.0,1.0,1.0,0.0,0.0
1678,0.1357657672961823,50.00069179194438,0.0,1.0,1.0,0.0,0.0
1679,0.1357657672961823,50.00069179194438,0.0,1.0,1.0,0.0,0.0
1680,0.1111110210307439,50.006210240114775,0.0,1.0,1.0,0.0,0.0
1681,0.1111110210307439,49.423715915667415,0.0028696759259259257,0.9808497998666946,0.9883552887111484,161.0,161.0
1682,0.10854510987448385,50.001586122602916,0.0,1.0,1.0,0.0,0.0
1683,0.10854510987448385,50.001586122602916,0.0,1.0,1.0,0.0,0.0
1684,0.03690098706243483,50.01639812679419,5.3472222222222244E-5,1.0,1.0,3.0,3.0
1686,0.049074789418242636,49.88381850575432,5.3472222222222244E-5,0.9975697126985077,0.9975697126985077,3.0,3.0
1688,0.05100022315393474,50.00021877836739,0.0,1.0,1.0,0.0,0.0
1690,0.11500413393568286,50.00179736334038,0.0,1.0,1.0,0.0,0.0
1692,0.03730203710939097,49.10600661094061,0.005792824074074076,0.9695493509685764,0.9818565259931386,325.0,325.0
1694,0.036052175616002116,48.93317093642901,0.02418726851851853,0.9622940397496306,0.9783870272865207,1357.0,1357.0
1696,0.03301976806518347,49.46800917779656,0.0036004629629629637,0.9891913767481461,0.9891913767481461,202.0,202.0
1698,0.024128928567195965,46.62586758509469,0.03119212962962964,0.918922889737341,0.9323680797186273,1750.0,1750.0
1700,0.01841345161269222,49.14718239520509,0.003974768518518518,0.9823938447094521,0.9823938447094521,223.0,223.0
1702,0.11166341830833702,46.60693817336893,0.046752546296296285,0.9043872359630076,0.9320523976732511,2623.0,2623.0
1704,0.09993809002224997,49.740770773612496,0.003208333333333334,0.994743945374697,0.994743945374697,180.0,180.0
1706,0.1678210765049909,49.64782085045896,0.003974768518518518,0.9928687407305035,0.9928687407305035,223.0,223.0
1708,0.02042260665200288,50.0145469028642,0.0,1.0,1.0,0.0,0.0
1710,0.12807180185741712,50.00092036511242,0.0,1.0,1.0,0.0,0.0
1711,0.12807180185741712,50.00092036511242,0.0,1.0,1.0,0.0,0.0
1712,0.28048605001668625,50.00246509161486,0.0,1.0,1.0,0.0,0.0
1714,0.02508164284919787,50.02432922831708,0.0,1.0,1.0,0.0,0.0
1716,0.03312824399135404,29.928279231502938,0.0030567129629629625,0.9975154563945722,0.9975154563945722,139.0,139.0
1718,0.11938156446278547,30.00164970792515,0.00235300925925926,1.0,1.0,107.0,107.0
1720,0.2076810054996102,30.00086753334925,0.0011655092592592596,1.0,1.0,53.0,53.0
1722,0.14140997720161286,50.00745755656251,0.0,1.0,1.0,0.0,0.0
1723,0.14140997720161286,50.00745755656251,0.0,1.0,1.0,0.0,0.0
1724,0.03627625527181093,49.814377290211326,2.6736111111111107E-4,0.9959571914538582,0.9959571914538582,15.0,15.0
1726,0.03424118977753922,49.17135561436331,0.07872893518518517,0.9832926769994632,0.9832926769994632,4417.0,4417.0
1728,0.8472356872748481,50.000794658843496,0.0,1.0,1.0,0.0,0.0
1729,0.8472356872748481,48.848649283127166,0.07872893518518517,0.976958582471005,0.976958582471005,4417.0,4417.0
1730,0.015793302110113386,49.78041532685921,1.7824074074074075E-5,0.9955058216246259,0.9955058216246259,1.0,1.0
1732,0.029700205645662857,49.860018993711066,1.7824074074074075E-5,0.9970083847447491,0.9970083847447491,1.0,1.0
1734,0.03544433571727889,49.317611358010566,0.0629902777777778,0.9859997553638775,0.9859997553638775,3534.0,3534.0
1736,0.047832890820269425,50.01405952743826,0.0,1.0,1.0,0.0,0.0
1738,0.023435599106643345,46.88083458837728,0.03158425925925926,0.9198289602062929,0.9374193744161563,1772.0,1772.0
1740,0.12807180185741712,50.00092036511242,0.0,1.0,1.0,0.0,0.0
1741,0.12807180185741712,50.00092036511242,0.0,1.0,1.0,0.0,0.0
1742,0.18478326355772082,27.981093948757245,0.019175925925925923,0.9197468846301315,0.932662136209678,872.0,872.0
1744,0.008033155094631714,44.88040809708883,0.056038888888888895,0.8789859035779989,0.8970150755240629,3144.0,3144.0
1746,0.02069473272034283,50.00069650552631,0.0,1.0,1.0,0.0,0.0
1748,0.04595525859462951,45.94452579638831,0.09657083333333336,0.8903117910887082,0.9186796596136981,5418.0,5418.0
1750,0.08293102349740758,50.000282128733424,0.0,1.0,1.0,0.0,0.0
1751,0.08293102349740758,50.000282128733424,0.0,1.0,1.0,0.0,0.0
1752,0.07152905763965874,49.26303423605137,0.09657083333333336,0.9852446553829067,0.9852446553829067,5418.0,5418.0
1754,0.06619564257541154,50.00090500870364,0.0,1.0,1.0,0.0,0.0
1756,0.07006949918150122,50.00003905914855,0.0,1.0,1.0,0.0,0.0
1758,0.5499457605690116,50.00011965977477,0.0,1.0,1.0,0.0,0.0
1759,0.5499457605690116,50.00011965977477,0.0,1.0,1.0,0.0,0.0
1760,0.5499457605690116,50.00011965977477,0.0,1.0,1.0,0.0,0.0
1761,0.5499457605690116,48.82286337900003,0.09674907407407406,0.9764551236757028,0.9764551236757028,5428.0,5428.0
1762,0.05551977589386544,50.001395616949075,0.09674907407407406,0.9999329131343311,0.9999329131343311,5428.0,5428.0
1764,0.009234779842302867,48.31570056048217,0.09674907407407413,0.9650941821506048,0.9650941821506048,5428.0,5428.0
1766,0.14431654753324982,50.00380857744941,0.0,1.0,1.0,0.0,0.0
1767,0.14431654753324982,50.00380857744941,0.0,1.0,1.0,0.0,0.0
1768,0.04416202892749761,49.58278253330799,0.0020141203703703714,0.9914548550289566,0.9914548550289566,113.0,113.0
1769,0.04416202892749761,49.5750628459648,0.001301157407407408,0.9913004612820927,0.9913004612820927,73.0,73.0
1770,0.050916283452225486,47.664220003848826,0.01579212962962963,0.9315041938861102,0.9530356598245289,886.0,886.0
1772,0.023952640549180827,30.003307577261996,0.0,1.0,1.0,0.0,0.0
1774,0.03417901892589982,30.00352795250899,0.0,1.0,1.0,0.0,0.0
1776,0.034594151489036426,30.00215498928719,0.0,1.0,1.0,0.0,0.0
1777,0.034594151489036426,30.00215498928719,0.0,1.0,1.0,0.0,0.0
1778,0.02480387741206892,30.0046904178253,0.0,1.0,1.0,0.0,0.0
1780,0.02396961889632429,29.519339981649313,0.001781250000000001,0.9710966422977783,0.983859951262223,81.0,81.0
1782,0.014469413037839086,30.005695239758474,0.0,1.0,1.0,0.0,0.0
1784,0.008170618014650695,29.399343925155872,0.0030567129629629625,0.9689238927909499,0.9795144522485665,139.0,139.0
1786,0.021242474836778068,50.0149832651413,0.0,1.0,1.0,0.0,0.0
1788,0.03643413541986568,49.743081989650015,0.0017824074074074085,0.994767468753199,0.994767468753199,100.0,100.0
1790,0.028962649953004363,50.00745315626653,0.0,1.0,1.0,0.0,0.0
1792,0.05608686139249052,46.1398838985289,0.027270833333333327,0.9018835751371592,0.9227406680993532,1530.0,1530.0
1794,0.029809979406100216,50.00742118451108,0.0,1.0,1.0,0.0,0.0
1795,0.029809979406100216,50.00742118451108,0.0,1.0,1.0,0.0,0.0
1796,0.044204437396273215,50.01130566517397,0.0,1.0,1.0,0.0,0.0
1798,0.031322935283543726,50.00557295820728,0.0,1.0,1.0,0.0,0.0
1800,0.09600560857598392,49.97672912701703,0.002406250000000001,0.9994785941516121,0.9994785941516121,135.0,135.0
1801,0.09600560857598392,49.97672912701703,2.317129629629629E-4,0.9994785941516121,0.9994785941516121,13.0,13.0
1802,0.03393222375585317,49.61563368377852,2.317129629629629E-4,0.9922655570891865,0.9922655570891865,13.0,13.0
1803,0.03393222375585317,49.61563368377852,0.002406250000000001,0.9922655570891865,0.9922655570891865,135.0,135.0
1804,0.009798102473389171,49.41787641099794,0.002406250000000001,0.9877276407535008,0.9877276407535008,135.0,135.0
1805,0.009798102473389171,49.41787641099794,2.317129629629629E-4,0.9877276407535008,0.9877276407535008,13.0,13.0
1806,0.027187524911212707,49.96801732883346,2.317129629629629E-4,0.9991146207001524,0.9991146207001524,13.0,13.0
1807,0.027187524911212707,49.96801732883346,0.002370601851851851,0.9991146207001524,0.9991146207001524,133.0,133.0
1808,0.03967942332875275,50.016079826158936,0.0,1.0,1.0,0.0,0.0
1809,0.03967942332875275,50.016079826158936,0.0,1.0,1.0,0.0,0.0
1810,0.08222297059248891,49.97962156707286,1.425925925925926E-4,0.9995836139721833,0.9995836139721833,8.0,8.0
1812,0.06038073613774251,49.7241974187944,0.001425925925925925,0.9943928985704513,0.9943928985704513,80.0,80.0
1814,0.15274215982308914,29.128577069415286,0.004771990740740742,0.9614873687033549,0.9709494748134199,217.0,217.0
1816,0.05707495761748985,48.735319830129995,0.0028696759259259257,0.965546366882527,0.9746148234557639,161.0,161.0
1818,0.06112128922351356,50.00832754651109,0.0,1.0,1.0,0.0,0.0
1819,0.06112128922351356,50.00832754651109,0.0,1.0,1.0,0.0,0.0
1820,0.2832665405487306,50.0029197791228,0.0,1.0,1.0,0.0,0.0
1821,0.2832665405487306,50.0029197791228,0.0,1.0,1.0,0.0,0.0
1822,0.20472302232358863,30.00093138341281,0.0,1.0,1.0,0.0,0.0
1823,0.20472302232358863,30.00093138341281,0.0,1.0,1.0,0.0,0.0
1824,0.33796112365468095,30.000247692192115,0.0,1.0,1.0,0.0,0.0
1825,0.33796112365468095,30.000247692192115,0.0,1.0,1.0,0.0,0.0
1826,0.20472302232358863,30.00093138341281,0.0,1.0,1.0,0.0,0.0
1827,0.20472302232358863,30.00093138341281,0.0,1.0,1.0,0.0,0.0
1828,0.03487476398551498,50.019581811894,0.0,1.0,1.0,0.0,0.0
1829,0.03487476398551498,50.019581811894,0.0,1.0,1.0,0.0,0.0
1830,0.03388701083129372,50.01772816427117,0.0,1.0,1.0,0.0,0.0
1832,0.06484504361645202,50.009031066672506,0.0,1.0,1.0,0.0,0.0
1834,0.06082482881859007,50.004426523618235,0.0,1.0,1.0,0.0,0.0
1835,0.06082482881859007,50.004426523618235,0.0,1.0,1.0,0.0,0.0
1836,0.10301715654175934,50.001586025392164,0.0,1.0,1.0,0.0,0.0
1837,0.10301715654175934,50.001586025392164,0.0,1.0,1.0,0.0,0.0
1838,0.05595230080181268,50.007021570636965,0.0,1.0,1.0,0.0,0.0
1840,0.06396042589858596,50.00163588163072,0.0,1.0,1.0,0.0,0.0
1841,0.06396042589858596,50.00163588163072,0.0,1.0,1.0,0.0,0.0
1842,0.08460803201739292,50.00638897760869,0.0,1.0,1.0,0.0,0.0
1843,0.08460803201739292,50.00638897760869,0.0,1.0,1.0,0.0,0.0
1844,0.05859425650509422,50.009322763949555,0.0,1.0,1.0,0.0,0.0
1845,0.05859425650509422,50.009322763949555,0.0,1.0,1.0,0.0,0.0
1846,0.022706567361218084,50.02670899656372,0.0,1.0,1.0,0.0,0.0
1847,0.022706567361218084,50.02670899656372,0.0,1.0,1.0,0.0,0.0
1848,0.06368226066547546,50.0013387995009,0.0,1.0,1.0,0.0,0.0
1849,0.06368226066547546,50.0013387995009,0.0,1.0,1.0,0.0,0.0
1850,0.03285409240275015,49.45912721254392,0.0015506944444444444,0.9889842821701044,0.9889842821701044,87.0,87.0
1852,0.09471514770480816,30.004798639326765,0.0,1.0,1.0,0.0,0.0
1854,0.09556170665952063,49.346926356774986,0.00581064814814815,0.9868801899939705,0.9868801899939705,326.0,326.0
1856,0.0561775876921719,49.61131119604534,0.0014437499999999995,0.9920398859486365,0.9920398859486365,81.0,81.0
1858,0.02843442384803668,49.67585525390941,5.3472222222222244E-5,0.993383878590685,0.993383878590685,3.0,3.0
1860,0.037982688691281144,49.598042183440214,0.008787268518518517,0.9917110495553826,0.9917110495553826,493.0,493.0
1862,0.026523076991150724,49.92250244509062,6.951388888888888E-4,0.9981179488200594,0.9981179488200594,39.0,39.0
1864,0.042185867181914666,48.69594608776714,0.0802439814814815,0.9738061130954274,0.9738061130954274,4502.0,4502.0
1866,0.05018050975692308,30.00329432401978,0.0,1.0,1.0,0.0,0.0
1868,0.03254204561479162,49.09503699346884,0.010908333333333338,0.9756936189930661,0.9814803808796436,612.0,612.0
1870,0.0677595890724565,50.00707680624095,0.0,1.0,1.0,0.0,0.0
1872,0.153268278259014,49.838235206858144,0.010908333333333338,0.9966504028980868,0.9966504028980868,612.0,612.0
1874,0.0658050520295994,50.020732117094134,0.0,1.0,1.0,0.0,0.0
1876,0.06443986906595549,50.01800962428628,0.0,1.0,1.0,0.0,0.0
1878,0.2592184605685107,50.00463283927975,0.0,1.0,1.0,0.0,0.0
1880,0.09856747943740082,49.77060417110753,0.003939120370370373,0.9952961381223586,0.9952961381223586,221.0,221.0
1882,0.15484864268507517,50.00494381649359,0.0,1.0,1.0,0.0,0.0
1884,0.11279843214293474,50.009157107705065,0.0,1.0,1.0,0.0,0.0
1885,0.11279843214293474,50.009157107705065,0.0,1.0,1.0,0.0,0.0
1886,0.028954420729390366,49.01897288694751,0.010908333333333338,0.9800491488803761,0.9800491488803761,612.0,612.0
1888,0.06758093077190966,49.624188393287945,0.010908333333333338,0.9921237987192881,0.9921237987192881,612.0,612.0
1890,0.05974644862244797,50.008652648410305,0.0,1.0,1.0,0.0,0.0
1892,0.03551925335419182,50.00755263007062,1.425925925925926E-4,1.0,1.0,8.0,8.0
1894,0.3379611236546809,30.000247692192115,0.0,1.0,1.0,0.0,0.0
1895,0.3379611236546809,30.000247692192115,0.0,1.0,1.0,0.0,0.0
1896,0.07839577318996538,27.22557139357758,0.019329861111111103,0.8882691638029352,0.9074721184995072,879.0,879.0
1898,0.23490834595237442,44.85375032645789,0.025631018518518525,0.8804714735138324,0.8970016628798436,1438.0,1438.0
1900,0.08708246686778087,28.5395119379602,0.009851851851851848,0.9309777168538511,0.9512366719653735,448.0,448.0
1902,0.0790837854799058,30.000171520301464,3.0787037037037024E-4,1.0,1.0,14.0,14.0
1904,0.1213253922636706,50.00245130500449,0.0,1.0,1.0,0.0,0.0
1906,0.11440261617930195,50.0060002726429,1.0694444444444449E-4,1.0,1.0,6.0,6.0
1908,0.17407058468861913,49.92548729182613,0.005668055555555557,0.9985034682614762,0.9985034682614762,318.0,318.0
1910,0.2728519919072943,50.000874057839624,0.0,1.0,1.0,0.0,0.0
1912,0.7916276033360542,50.0010416873078,0.0,1.0,1.0,0.0,0.0
1914,0.025344741820427674,50.02251675084409,0.0,1.0,1.0,0.0,0.0
1916,0.2812103901478839,30.00021942605963,0.0,1.0,1.0,0.0,0.0
1917,0.2812103901478839,30.00021942605963,0.0,1.0,1.0,0.0,0.0
1918,0.7732311152614523,50.000575063608785,0.0,1.0,1.0,0.0,0.0
1920,0.2503390645437902,40.0009157726429,0.0,1.0,1.0,0.0,0.0
1922,0.027611618576207385,49.985293663706415,0.006416666666666668,0.9996884514970555,0.9996884514970555,360.0,360.0
1924,0.015933707598356644,50.00989307243585,0.0,1.0,1.0,0.0,0.0
1926,0.024491482129712246,49.70230603992884,0.006416666666666668,0.9938381956598771,0.9938381956598771,360.0,360.0
1928,0.05515479070432973,50.001824864161925,1.7824074074074075E-5,1.0,1.0,1.0,1.0
1930,0.01986568574145207,49.86304486214384,1.7824074074074075E-5,0.9970329654863779,0.9970329654863779,1.0,1.0
1932,0.02203300005780055,50.01185385124967,0.0,1.0,1.0,0.0,0.0
1934,0.07419461565441948,49.714524442440315,0.006416666666666668,0.9942883014506788,0.9942883014506788,360.0,360.0
1936,0.03661668403969101,49.69159066046459,0.018055787037037047,0.9936875217162804,0.9936875217162804,1013.0,1013.0
1938,0.029293480963359358,49.22961154430849,0.006131481481481479,0.9845335178708658,0.9845335178708658,344.0,344.0
1940,0.3690961535433026,50.00173676359936,0.0,1.0,1.0,0.0,0.0
1941,0.3690961535433026,50.00173676359936,0.0,1.0,1.0,0.0,0.0
1942,0.04134459679428031,50.01362515437135,5.525462962962965E-4,1.0,1.0,31.0,31.0
1943,0.04134459679428031,50.01362515437135,0.0,1.0,1.0,0.0,0.0
1944,0.08616650849191965,49.76628759748035,5.525462962962965E-4,0.9951730162933458,0.9951730162933458,31.0,31.0
1945,0.08616650849191965,50.00796881684841,0.0,1.0,1.0,0.0,0.0
1946,0.05035789245453273,50.01059664450147,0.0,1.0,1.0,0.0,0.0
1947,0.05035789245453273,50.01059664450147,0.0,1.0,1.0,0.0,0.0
1948,0.05208975871769368,50.00616836898594,0.0,1.0,1.0,0.0,0.0
1950,0.004157398480960253,50.05563388447127,0.0,1.0,1.0,0.0,0.0
1951,0.004157398480960253,50.05563388447127,0.0,1.0,1.0,0.0,0.0
1952,0.05858904161364199,50.00487193198463,0.0,1.0,1.0,0.0,0.0
1953,0.05858904161364199,50.00487193198463,0.0,1.0,1.0,0.0,0.0
1954,0.006249574013539776,50.10794309296925,0.0,1.0,1.0,0.0,0.0
1955,0.006249574013539776,48.957548232793165,9.624999999999998E-4,0.9583333333333334,0.9770820553739527,54.0,54.0
1956,0.06473097747253874,50.00676371269087,0.0,1.0,1.0,0.0,0.0
1957,0.06473097747253874,49.865077882171576,1.0694444444444449E-4,0.9971719198168566,0.9971719198168566,6.0,6.0
1958,0.04260944906972013,49.52827471524801,0.0010694444444444443,0.9902904201356234,0.9902904201356234,60.0,60.0
1960,0.05035789245453273,49.81524275135889,4.812499999999999E-4,0.9961017526742328,0.9961017526742328,27.0,27.0
1961,0.05035789245453273,50.01059664450147,0.0,1.0,1.0,0.0,0.0
1962,0.05944269721545468,49.70973695603332,0.0010694444444444443,0.9939989516626061,0.9939989516626061,60.0,60.0
1963,0.05944269721545468,49.70973695603332,4.812499999999999E-4,0.9939989516626061,0.9939989516626061,27.0,27.0
1964,0.003037818536308672,50.165810691335864,0.0,1.0,1.0,0.0,0.0
1965,0.003037818536308672,50.165810691335864,0.0,1.0,1.0,0.0,0.0
1966,0.04018701257376012,48.13180819671041,0.014259259259259265,0.9443635107526555,0.9624838336568278,800.0,800.0
1968,0.2865456240879314,50.0031142373511,0.0,1.0,1.0,0.0,0.0
1969,0.2865456240879314,50.0031142373511,0.0,1.0,1.0,0.0,0.0
1970,0.3415332737297748,50.00080461273645,0.0,1.0,1.0,0.0,0.0
1971,0.3415332737297748,50.00080461273645,0.0,1.0,1.0,0.0,0.0
1972,0.0639821435825218,50.007754428371356,0.0,1.0,1.0,0.0,0.0
1973,0.0639821435825218,50.007754428371356,0.0,1.0,1.0,0.0,0.0
1974,0.06470330561966957,50.006848482355174,0.0,1.0,1.0,0.0,0.0
1975,0.06470330561966957,50.006848482355174,0.0,1.0,1.0,0.0,0.0
1976,0.14486737455983498,30.00014659545593,0.0,1.0,1.0,0.0,0.0
1977,0.14486737455983498,30.00014659545593,0.0,1.0,1.0,0.0,0.0
1978,0.13684074323766163,30.001624583165764,0.0,1.0,1.0,0.0,0.0
1979,0.13684074323766163,30.001624583165764,0.0,1.0,1.0,0.0,0.0
1980,0.08686898273716134,46.05069713070685,0.10929722222222224,0.8793922453426761,0.9209346473725052,6132.0,6132.0
1981,0.08686898273716134,50.004531156664676,0.0,1.0,1.0,0.0,0.0
1982,0.0695386612105044,30.002298700601127,0.0,1.0,1.0,0.0,0.0
1983,0.0695386612105044,30.002298700601127,0.0,1.0,1.0,0.0,0.0
1984,0.20189783386299884,50.0022153210509,0.0,1.0,1.0,0.0,0.0
1985,0.20189783386299884,46.076368175931336,0.0995652777777778,0.8793238991927292,0.9214885954002361,5586.0,5586.0
1986,0.13743764790214683,50.002580338325274,0.0,1.0,1.0,0.0,0.0
1987,0.13743764790214683,50.002580338325274,0.0,1.0,1.0,0.0,0.0
1988,0.028866218406033574,50.008848056651054,0.0,1.0,1.0,0.0,0.0
1989,0.028866218406033574,50.008848056651054,0.0,1.0,1.0,0.0,0.0
1990,0.13492624843512951,50.00355099510667,0.0,1.0,1.0,0.0,0.0
1991,0.13492624843512951,50.00355099510667,0.0,1.0,1.0,0.0,0.0
1992,0.06470330561966957,49.614099600758856,0.002513194444444446,0.9836963804108605,0.9921507294367029,141.0,141.0
1993,0.06470330561966957,50.006848482355174,0.0,1.0,1.0,0.0,0.0
1994,0.05837363332333216,50.01072821608657,0.0,1.0,1.0,0.0,0.0
1995,0.05837363332333216,50.01072821608657,0.0,1.0,1.0,0.0,0.0
1996,0.14296461920908665,50.00219849924338,0.0,1.0,1.0,0.0,0.0
1997,0.14296461920908665,50.00219849924338,0.0,1.0,1.0,0.0,0.0
1998,0.13743764790214683,50.002580338325274,1.960648148148149E-4,1.0,1.0,11.0,11.0
1999,0.13743764790214683,50.002580338325274,0.0,1.0,1.0,0.0,0.0
2000,0.10140248283014795,50.00670386144282,0.0,1.0,1.0,0.0,0.0
2002,0.046929106780401214,46.18211699503605,0.09694513888888891,0.8837790622694939,0.9234075686601712,5439.0,5439.0
2003,0.046929106780401214,50.01325767005458,0.0,1.0,1.0,0.0,0.0
2004,0.041343339408623114,46.15078283541376,0.09694513888888891,0.8835361963881523,0.9228013128575616,5439.0,5439.0
2006,0.029338948640798706,30.00574292808958,0.0,1.0,1.0,0.0,0.0
2007,0.029338948640798706,30.00574292808958,0.0,1.0,1.0,0.0,0.0
2008,0.08683348409270264,50.00008680961764,0.0,1.0,1.0,0.0,0.0
2009,0.08683348409270264,50.00008680961764,0.0,1.0,1.0,0.0,0.0
2010,0.0053961933046942625,50.067772930152955,0.0,1.0,1.0,0.0,0.0
2011,0.0053961933046942625,50.067772930152955,0.0,1.0,1.0,0.0,0.0
2012,0.02645618290221205,50.02219456300598,0.0,1.0,1.0,0.0,0.0
2013,0.02645618290221205,50.02219456300598,0.0,1.0,1.0,0.0,0.0
2014,0.07958656997540924,50.002033492403704,0.0,1.0,1.0,0.0,0.0
2016,0.2268642173109619,46.856178089251294,0.010926157407407412,0.92177771702211,0.9371108680884397,613.0,613.0
2017,0.2268642173109619,50.00068460386083,0.0,1.0,1.0,0.0,0.0
2018,0.03675056911249384,28.604068387906192,0.024167824074074064,0.9322072136161369,0.9534544280876766,1099.0,1099.0
2020,0.14568076890770879,50.00484058617007,0.0,1.0,1.0,0.0,0.0
2021,0.14568076890770879,45.55320619320504,0.0583916666666667,0.8890923939876386,0.9109773966952204,3276.0,3276.0
2022,0.08501517688568964,46.022698627188134,0.0583916666666667,0.8908674660057877,0.9204404002853657,3276.0,3276.0
2024,1.8866375034207095,50.00069946343056,0.0,1.0,1.0,0.0,0.0
2025,1.8866375034207095,50.00069946343056,0.0,1.0,1.0,0.0,0.0
2026,0.05090259201619505,50.01346377137068,0.0,1.0,1.0,0.0,0.0
2028,1.8866375034207103,50.000699463430585,0.0,1.0,1.0,0.0,0.0
2029,1.8866375034207103,50.000699463430585,0.0,1.0,1.0,0.0,0.0
2030,0.05750419707514777,50.00364963056328,0.0,1.0,1.0,0.0,0.0
2032,0.2872834714021191,50.000990961498196,0.0,1.0,1.0,0.0,0.0
2034,0.03822591744995622,50.00483387348925,0.0,1.0,1.0,0.0,0.0
2035,0.03822591744995622,50.00483387348925,0.0,1.0,1.0,0.0,0.0
2036,0.023993415103624287,50.015225462100425,0.0,1.0,1.0,0.0,0.0
2038,0.028793902475189658,50.00388273549579,0.0,1.0,1.0,0.0,0.0
2039,0.028793902475189658,50.00388273549579,0.0,1.0,1.0,0.0,0.0
2040,0.12399028002958572,50.00168120382084,0.0,1.0,1.0,0.0,0.0
2041,0.12399028002958572,50.00168120382084,0.0,1.0,1.0,0.0,0.0
2042,0.08716499754459338,50.00701054351173,0.0,1.0,1.0,0.0,0.0
2043,0.08716499754459338,50.00701054351173,0.0,1.0,1.0,0.0,0.0
2044,0.12334910956690784,30.001810312875364,0.0,1.0,1.0,0.0,0.0
2046,0.022189233298839803,49.14285832728656,2.495370370370372E-4,0.9704037092690441,0.9824740852047547,14.0,14.0
2048,0.05070786549319543,28.152717245129224,0.014975694444444443,0.9220700205947655,0.9382800823790622,681.0,681.0
2050,0.11280091545986447,30.000243473368208,0.003914351851851853,1.0,1.0,178.0,178.0
2052,0.19406161717141174,30.00050765736601,0.0,1.0,1.0,0.0,0.0
2054,0.009017379547617804,48.376418715907334,0.0012120370370370375,0.9605393141295,0.9671572565180001,68.0,68.0
2056,0.04807875312748851,50.00968253653818,0.0,1.0,1.0,0.0,0.0
2058,0.06698566597326559,30.001044725523286,0.0,1.0,1.0,0.0,0.0
2060,0.021768863191631047,30.003027369782455,0.0,1.0,1.0,0.0,0.0
2061,0.021768863191631047,30.003027369782455,0.0,1.0,1.0,0.0,0.0
2062,0.03650516050779989,28.438743659986894,0.00941203703703704,0.9297166990503263,0.9478255747101825,428.0,428.0
2064,0.036889556440849576,30.005061723239603,0.0,1.0,1.0,0.0,0.0
2066,0.03534345679933804,28.81883920523116,0.005409722222222223,0.9447426338974185,0.960579959456451,246.0,246.0
2068,0.04708954541297303,50.00659689873242,0.0,1.0,1.0,0.0,0.0
2069,0.04708954541297303,47.871217945890635,0.005775,0.9425829497907809,0.9572992927126773,324.0,324.0
2070,0.02082580558701821,50.015276926794904,0.0,1.0,1.0,0.0,0.0
2071,0.02082580558701821,50.015276926794904,0.0,1.0,1.0,0.0,0.0
2072,0.0570753442582717,50.0051689777995,0.0,1.0,1.0,0.0,0.0
2073,0.0570753442582717,50.0051689777995,0.0,1.0,1.0,0.0,0.0
2074,0.03280469015135276,50.01985791819988,0.0,1.0,1.0,0.0,0.0
2075,0.03280469015135276,50.01985791819988,0.0,1.0,1.0,0.0,0.0
2076,0.06162060588551407,50.007705407540726,0.0,1.0,1.0,0.0,0.0
2077,0.06162060588551407,50.007705407540726,0.0,1.0,1.0,0.0,0.0
2078,0.12889353582507074,50.0018026907602,0.0,1.0,1.0,0.0,0.0
2079,0.12889353582507074,50.0018026907602,0.0,1.0,1.0,0.0,0.0
2080,0.03883148897826669,50.03341457471728,0.0,1.0,1.0,0.0,0.0
2081,0.03883148897826669,50.03341457471728,0.0,1.0,1.0,0.0,0.0
2082,0.012763075329535996,30.01115035031325,0.0,1.0,1.0,0.0,0.0
2083,0.012763075329535996,30.01115035031325,0.0,1.0,1.0,0.0,0.0
2084,0.040048748366604756,50.02619504503023,0.0,1.0,1.0,0.0,0.0
2085,0.040048748366604756,50.02619504503023,0.0,1.0,1.0,0.0,0.0
2086,0.019127311233209144,28.639939449178776,0.02469560185185186,0.9322623317767855,0.9545513525604129,1123.0,1123.0
2088,0.11188492596957188,30.00042704382979,0.0,1.0,1.0,0.0,0.0
2090,0.036053062846106945,28.730588475342884,0.02469560185185186,0.9332202788409922,0.9576066315204372,1123.0,1123.0
2092,0.3413636690204132,50.00037466325526,0.0,1.0,1.0,0.0,0.0
2093,0.3413636690204132,50.00037466325526,0.0,1.0,1.0,0.0,0.0
2094,0.16957923274542785,46.68430144425695,0.0959113425925926,0.8930647447451885,0.9336343174088978,5381.0,5381.0
2096,0.030620927054996326,50.016033302171856,0.0,1.0,1.0,0.0,0.0
2097,0.030620927054996326,50.016033302171856,0.0,1.0,1.0,0.0,0.0
2098,0.09850781326578956,28.735607666603002,0.025487268518518513,0.9333541571366102,0.9577792240473992,1159.0,1159.0
2100,0.030620927054996326,50.016033302171856,0.0,1.0,1.0,0.0,0.0
2101,0.030620927054996326,50.016033302171856,0.0,1.0,1.0,0.0,0.0
2102,0.07939887264125152,30.002722946206095,0.0,1.0,1.0,0.0,0.0
2104,0.3413636690204132,47.7961870065056,0.019802546296296297,0.932468515520978,0.9559167151940758,1111.0,1111.0
2105,0.3413636690204132,50.00037466325526,0.0,1.0,1.0,0.0,0.0
2106,0.03474621459581402,50.01454320069192,0.0,1.0,1.0,0.0,0.0
2107,0.03474621459581402,50.01454320069192,0.0,1.0,1.0,0.0,0.0
2108,0.02276492771107905,50.00228173269346,0.0,1.0,1.0,0.0,0.0
2109,0.02276492771107905,50.00228173269346,0.0,1.0,1.0,0.0,0.0
2110,0.19661240548685135,50.000329171564346,0.0,1.0,1.0,0.0,0.0
2111,0.19661240548685135,50.000329171564346,0.0,1.0,1.0,0.0,0.0
2112,0.04336773512210601,50.00763819333173,0.0,1.0,1.0,0.0,0.0
2113,0.04336773512210601,50.00763819333173,0.0,1.0,1.0,0.0,0.0
2114,0.022246973805971258,50.02442579731201,0.0,1.0,1.0,0.0,0.0
2115,0.022246973805971258,50.02442579731201,0.0,1.0,1.0,0.0,0.0
2116,0.03885544878564192,50.01058835477687,0.0,1.0,1.0,0.0,0.0
2118,0.045597618074507025,50.00043407500009,0.0,1.0,1.0,0.0,0.0
2119,0.045597618074507025,50.00043407500009,0.0,1.0,1.0,0.0,0.0
2120,0.07126366431399792,48.04918131332474,0.007967361111111113,0.9441593550196504,0.9608018349545342,447.0,447.0
2122,0.2573778122523257,50.00054633362326,0.0010159722222222221,1.0,1.0,57.0,57.0
2124,0.007164796303335149,50.084012994187454,0.0,1.0,1.0,0.0,0.0
2125,0.007164796303335149,47.35155105406852,0.009161574074074072,0.9292002204845533,0.9454557774403558,514.0,514.0
2126,0.024986708221624482,50.001194884851664,0.0,1.0,1.0,0.0,0.0
2127,0.024986708221624482,50.001194884851664,0.0,1.0,1.0,0.0,0.0
2128,0.42040039109482213,50.00136804352318,0.0,1.0,1.0,0.0,0.0
2129,0.42040039109482213,50.00136804352318,0.0,1.0,1.0,0.0,0.0
2130,0.029669934572906405,30.003304624287377,0.0,1.0,1.0,0.0,0.0
2131,0.029669934572906405,30.003304624287377,0.0,1.0,1.0,0.0,0.0
2132,0.08813222515545943,50.00409937898408,0.0,1.0,1.0,0.0,0.0
2133,0.08813222515545943,50.00409937898408,0.0,1.0,1.0,0.0,0.0
2134,0.20393984306924293,30.00095762705437,0.0,1.0,1.0,0.0,0.0
2135,0.20393984306924293,30.00095762705437,0.0,1.0,1.0,0.0,0.0
2136,0.039143988054873784,50.00651419359319,0.0,1.0,1.0,0.0,0.0
2137,0.039143988054873784,50.00651419359319,0.0,1.0,1.0,0.0,0.0
2138,0.039143988054873784,50.00651419359319,0.0,1.0,1.0,0.0,0.0
2139,0.039143988054873784,50.00651419359319,5.347222222222221E-4,1.0,1.0,30.0,30.0
2140,0.06197613351662719,50.00315568351813,0.0,1.0,1.0,0.0,0.0
2141,0.06197613351662719,50.00315568351813,0.0,1.0,1.0,0.0,0.0
2142,0.11177228814078309,49.4480583845501,0.0017645833333333337,0.9809752035735538,0.9888899300941612,99.0,99.0
2144,0.07562770495846775,50.00178840229273,0.0,1.0,1.0,0.0,0.0
2145,0.07562770495846775,50.00178840229273,0.0,1.0,1.0,0.0,0.0
2146,0.016082869752418204,50.04177278194083,0.0,1.0,1.0,0.0,0.0
2147,0.016082869752418204,50.04177278194083,0.0,1.0,1.0,0.0,0.0
2148,0.05402611123278686,50.01131407509198,0.0,1.0,1.0,0.0,0.0
2149,0.05402611123278686,50.01131407509198,0.0,1.0,1.0,0.0,0.0
2150,0.046829281542886646,50.01050535579707,0.0,1.0,1.0,0.0,0.0
2151,0.046829281542886646,50.01050535579707,0.0,1.0,1.0,0.0,0.0
2152,0.13384599912719292,50.00473192796747,0.0,1.0,1.0,0.0,0.0
2153,0.13384599912719292,50.00473192796747,0.0,1.0,1.0,0.0,0.0
2154,0.024646844355753348,50.0161441266697,0.0,1.0,1.0,0.0,0.0
2155,0.024646844355753348,50.0161441266697,0.0,1.0,1.0,0.0,0.0
2156,0.20394126989224826,50.00262695716773,0.0,1.0,1.0,0.0,0.0
2157,0.20394126989224826,50.00262695716773,0.0,1.0,1.0,0.0,0.0
2158,0.44925377211276585,50.000419823346235,0.0,1.0,1.0,0.0,0.0
2159,0.44925377211276585,50.000419823346235,0.0,1.0,1.0,0.0,0.0
2160,0.05823093504137234,50.00748238285793,0.0,1.0,1.0,0.0,0.0
2161,0.05823093504137234,50.00748238285793,0.0,1.0,1.0,0.0,0.0
2162,0.11912119314920068,45.83709122979452,0.04395416666666668,0.8915453649605323,0.9166659977002773,2466.0,2466.0
2164,0.1003251700216034,50.00285367268064,0.0,1.0,1.0,0.0,0.0
2165,0.1003251700216034,50.00285367268064,0.0,1.0,1.0,0.0,0.0
2166,0.07562770495846775,50.00178840229273,0.0,1.0,1.0,0.0,0.0
2167,0.07562770495846775,50.00178840229273,0.0,1.0,1.0,0.0,0.0
2168,0.053171555435583905,50.00459758832342,0.0,1.0,1.0,0.0,0.0
2169,0.053171555435583905,50.00459758832342,0.0,1.0,1.0,0.0,0.0
2170,0.09628707223875171,50.00482689837077,0.0,1.0,1.0,0.0,0.0
2171,0.09628707223875171,50.00482689837077,0.0,1.0,1.0,0.0,0.0
2172,0.03133003322746267,29.23772516001717,0.0026388888888888903,0.9623592139792462,0.9744368559169846,120.0,120.0
2173,0.03133003322746267,30.00482032957318,0.0,1.0,1.0,0.0,0.0
2174,0.030859910772309578,49.614670705483285,7.129629629629626E-4,0.9918949330792322,0.9918949330792322,40.0,40.0
2176,0.09657062154267725,47.83815382610626,0.014081018518518527,0.9366417304745229,0.9566167942823791,790.0,790.0
2178,0.11865874675565859,47.39339633782982,0.007093981481481482,0.9298285261747612,0.9477110072989806,398.0,398.0
2180,0.07952951188481061,50.00109025241324,0.0,1.0,1.0,0.0,0.0
2182,0.1289948973876179,30.000751378992476,0.0,1.0,1.0,0.0,0.0
2184,0.09132093343722637,50.00081526600988,0.0,1.0,1.0,0.0,0.0
2185,0.09132093343722637,50.00081526600988,0.0,1.0,1.0,0.0,0.0
2186,0.07374072495741617,45.34794018148185,0.045914814814814804,0.8824987068231531,0.9069034009734029,2576.0,2576.0
2187,0.07374072495741617,50.00312862058734,0.0,1.0,1.0,0.0,0.0
2188,0.029809979406100216,50.00742118451108,0.0,1.0,1.0,0.0,0.0
2189,0.029809979406100216,45.229708089806174,0.04185092592592595,0.8820473351931959,0.9044627449870732,2348.0,2348.0
2190,0.17189130370624056,30.001391124913507,0.0,1.0,1.0,0.0,0.0
2191,0.17189130370624056,30.001391124913507,0.0,1.0,1.0,0.0,0.0
2192,0.012181584484823909,47.27661534331389,0.011585648148148144,0.927224350981965,0.9443828174534767,650.0,650.0
2194,0.18143496704104514,30.000270133555144,0.0,1.0,1.0,0.0,0.0
2195,0.18143496704104514,30.000270133555144,0.0,1.0,1.0,0.0,0.0
2196,0.06864843285796374,50.00695230446569,0.0,1.0,1.0,0.0,0.0
2197,0.06864843285796374,50.00695230446569,0.0,1.0,1.0,0.0,0.0
2198,0.08245129390088649,50.00415398301741,2.6736111111111107E-4,1.0,1.0,15.0,15.0
2200,0.07146247999198775,47.64081689255358,0.010765740740740742,0.9310631740703061,0.952579673881559,604.0,604.0
2202,0.18131275857364432,50.00198643060514,0.0,1.0,1.0,0.0,0.0
2203,0.18131275857364432,50.00198643060514,0.0,1.0,1.0,0.0,0.0
2204,0.10934067062505871,30.002013281266112,0.0,1.0,1.0,0.0,0.0
2206,0.06523479487202202,50.009638317563734,0.0,1.0,1.0,0.0,0.0
2208,0.028600940921458845,50.00650185393484,0.0,1.0,1.0,0.0,0.0
2209,0.028600940921458845,50.00650185393484,0.0,1.0,1.0,0.0,0.0
2210,0.0518813805501669,50.01954204086793,3.921296296296298E-4,1.0,1.0,22.0,22.0
2212,0.3632100522174507,50.00023662509359,0.0,1.0,1.0,0.0,0.0
2214,0.12092395600747917,50.003014200198145,0.0,1.0,1.0,0.0,0.0
2215,0.12092395600747917,50.003014200198145,0.0,1.0,1.0,0.0,0.0
2216,0.04141660351436637,45.174140986959245,0.023527777777777786,0.8816380710837828,0.9031871502633302,1320.0,1320.0
2218,0.060307327183451026,50.00146887619155,0.0,1.0,1.0,0.0,0.0
2220,0.1003251700216034,48.65123987553151,0.0035826388888888874,0.9612342876753256,0.9729706966327264,201.0,201.0
2221,0.1003251700216034,50.00285367268064,0.0,1.0,1.0,0.0,0.0
2222,0.19414680569064074,50.00203895309105,0.0,1.0,1.0,0.0,0.0
2223,0.19414680569064074,50.00203895309105,0.0,1.0,1.0,0.0,0.0
2224,0.04173034950312173,50.009739750745084,0.0,1.0,1.0,0.0,0.0
2225,0.04173034950312173,50.009739750745084,0.0,1.0,1.0,0.0,0.0
2226,0.44925377211276585,50.000419823346235,0.0,1.0,1.0,0.0,0.0
2227,0.44925377211276585,50.000419823346235,0.0,1.0,1.0,0.0,0.0
2228,0.08401088260694396,50.006477742228554,0.0,1.0,1.0,0.0,0.0
2230,0.05020701909603311,50.012525939601325,0.0,1.0,1.0,0.0,0.0
2231,0.05020701909603311,50.012525939601325,0.0,1.0,1.0,0.0,0.0
2232,0.03329895668534621,50.0109487139117,0.0,1.0,1.0,0.0,0.0
2233,0.03329895668534621,50.0109487139117,0.0,1.0,1.0,0.0,0.0
2234,0.037449636225299135,48.70622469107479,3.921296296296298E-4,0.9622479045311367,0.973991618124547,22.0,22.0
2236,0.023942786550381213,50.025555183617165,0.0,1.0,1.0,0.0,0.0
2238,0.04173034950312173,50.009739750745084,0.0,1.0,1.0,0.0,0.0
2239,0.04173034950312173,49.45927364576321,0.0020854166666666677,0.9889987943593167,0.9889987943593167,117.0,117.0
2240,0.02145322672566464,49.04185595807328,0.0020854166666666677,0.9693889900413782,0.9804446467494231,117.0,117.0
2242,0.007162938435136373,30.01929961174731,0.0,1.0,1.0,0.0,0.0
2244,0.08815575287320941,27.4056968603629,0.016559027777777766,0.8894365149876917,0.9134647645201311,753.0,753.0
2246,0.0896938285563697,30.00072310721276,0.0,1.0,1.0,0.0,0.0
2248,0.029297949773937897,29.071834205764205,0.0067291666666666645,0.9600186596328378,0.9688578106182846,306.0,306.0
2250,0.06406930851047644,47.50944151202085,0.008448611111111112,0.930606801411169,0.949987545666011,474.0,474.0
2252,0.18835476896458198,50.00200341217426,0.0,1.0,1.0,0.0,0.0
2253,0.18835476896458198,50.00200341217426,0.0,1.0,1.0,0.0,0.0
2254,0.10388617573616858,29.91963168086909,0.005321759259259256,0.9972954046316518,0.9972954046316518,242.0,242.0
2255,0.10388617573616858,29.5611383861444,0.003958333333333334,0.9718391957215553,0.9853450581097771,180.0,180.0
2256,0.17899147053623066,30.00136390401482,0.0,1.0,1.0,0.0,0.0
2257,0.17899147053623066,30.00136390401482,0.0,1.0,1.0,0.0,0.0
2258,0.022749502387956283,50.02944935653184,0.0,1.0,1.0,0.0,0.0
2259,0.022749502387956283,50.02944935653184,0.0,1.0,1.0,0.0,0.0
2260,0.18835476896458195,50.002003412174254,0.0,1.0,1.0,0.0,0.0
2261,0.18835476896458195,50.002003412174254,0.0,1.0,1.0,0.0,0.0
2262,0.12236207781518495,50.00039502096093,0.0,1.0,1.0,0.0,0.0
2263,0.12236207781518495,50.00039502096093,0.0,1.0,1.0,0.0,0.0
2264,0.09887468136901624,50.00686329424817,0.0,1.0,1.0,0.0,0.0
2265,0.09887468136901624,50.00686329424817,0.0,1.0,1.0,0.0,0.0
2266,0.10921485024861903,46.44143013629119,0.015560416666666665,0.9193238032399229,0.92865729986707,873.0,873.0
2267,0.10921485024861903,50.00934379229566,0.0,1.0,1.0,0.0,0.0
2268,0.17315404586005742,50.00036617439694,0.0,1.0,1.0,0.0,0.0
2269,0.17315404586005742,50.00036617439694,0.0,1.0,1.0,0.0,0.0
2270,0.10799138372388671,46.449731721378015,0.010819212962962966,0.9194765789880454,0.9288319563841005,607.0,607.0
2271,0.10799138372388671,50.00887334782508,0.0,1.0,1.0,0.0,0.0
2272,0.15833057974748105,50.00790376302262,0.0,1.0,1.0,0.0,0.0
2273,0.15833057974748105,50.00790376302262,0.0,1.0,1.0,0.0,0.0
2274,0.13131297273117157,50.00282439519966,0.0,1.0,1.0,0.0,0.0
2275,0.13131297273117157,50.00282439519966,0.0,1.0,1.0,0.0,0.0
2276,0.05615587054796982,50.00275388886751,0.0,1.0,1.0,0.0,0.0
2277,0.05615587054796982,50.00275388886751,0.0,1.0,1.0,0.0,0.0
2278,0.04850787785660683,50.008121501656525,0.0,1.0,1.0,0.0,0.0
2279,0.04850787785660683,50.008121501656525,0.0,1.0,1.0,0.0,0.0
2280,0.06839268286302855,50.002773823497726,0.0,1.0,1.0,0.0,0.0
2281,0.06839268286302855,50.002773823497726,0.0,1.0,1.0,0.0,0.0
2282,0.048558529932441974,50.00306285949402,0.0,1.0,1.0,0.0,0.0
2283,0.048558529932441974,50.00306285949402,0.0,1.0,1.0,0.0,0.0
2284,0.14074302663693689,50.00245691236286,0.0,1.0,1.0,0.0,0.0
2285,0.14074302663693689,50.00245691236286,0.0,1.0,1.0,0.0,0.0
2286,0.13131297273117157,50.00282439519966,0.0,1.0,1.0,0.0,0.0
2287,0.13131297273117157,50.00282439519966,0.0,1.0,1.0,0.0,0.0
2288,0.064593677672717,50.008008520813156,0.0,1.0,1.0,0.0,0.0
2289,0.064593677672717,50.008008520813156,0.0,1.0,1.0,0.0,0.0
2290,0.04746060905262151,50.00239759714295,0.0,1.0,1.0,0.0,0.0
2291,0.04746060905262151,50.00239759714295,0.0,1.0,1.0,0.0,0.0
2292,0.12236207781518495,49.128656800359536,8.377314814814818E-4,0.9643913706190181,0.9825654824760728,47.0,47.0
2293,0.12236207781518495,50.00039502096093,0.0,1.0,1.0,0.0,0.0
2294,0.17315404586005742,50.00036617439694,0.0,1.0,1.0,0.0,0.0
2295,0.17315404586005742,50.00036617439694,0.0,1.0,1.0,0.0,0.0
2296,0.064593677672717,50.008008520813156,2.851851851851852E-4,1.0,1.0,16.0,16.0
2297,0.064593677672717,50.008008520813156,2.317129629629629E-4,1.0,1.0,13.0,13.0
2298,0.13143434289021041,50.0014408120847,0.0,1.0,1.0,0.0,0.0
2299,0.13143434289021041,50.0014408120847,0.0,1.0,1.0,0.0,0.0
2300,0.066184449168436,50.00294165925909,0.0,1.0,1.0,0.0,0.0
2301,0.066184449168436,50.00294165925909,0.0,1.0,1.0,0.0,0.0
2302,0.04746060905262151,50.00239759714295,0.0,1.0,1.0,0.0,0.0
2303,0.04746060905262151,49.85056740027246,3.921296296296298E-4,0.9969643950613998,0.9969643950613998,22.0,22.0
2304,0.08433012373188203,50.00633263626674,0.0,1.0,1.0,0.0,0.0
2305,0.08433012373188203,50.00633263626674,0.0,1.0,1.0,0.0,0.0
2306,0.1124217008296406,47.92531081097436,0.00775347222222222,0.9427984171300524,0.9584637672915193,435.0,435.0
2308,0.14346930779329958,49.87491566999834,0.0013902777777777776,0.9974250015849148,0.9974250015849148,78.0,78.0
2310,0.08237271382178997,50.00704380412208,0.0,1.0,1.0,0.0,0.0
2312,0.05402611123278686,45.715640483954566,0.03456087962962964,0.8913748342699244,0.9141100991670267,1939.0,1939.0
2313,0.05402611123278686,50.01131407509198,0.0,1.0,1.0,0.0,0.0
2314,0.046829281542886646,50.01050535579707,0.0,1.0,1.0,0.0,0.0
2315,0.046829281542886646,45.648250107813205,0.033651851851851856,0.8910677668745208,0.9127767811982332,1888.0,1888.0
2316,0.009107223155251469,50.05496696016075,0.0,1.0,1.0,0.0,0.0
2317,0.009107223155251469,50.05496696016075,0.0,1.0,1.0,0.0,0.0
2318,0.053171555435583905,49.18231464363615,2.1388888888888898E-4,0.9709457528815953,0.9835581724298573,12.0,12.0
2319,0.053171555435583905,50.00459758832342,0.0,1.0,1.0,0.0,0.0
2320,0.03329895668534621,50.0109487139117,0.0,1.0,1.0,0.0,0.0
2321,0.03329895668534621,50.0109487139117,2.1388888888888898E-4,1.0,1.0,12.0,12.0
2322,0.009107223155251469,49.33542681010844,2.1388888888888898E-4,0.9856550027990878,0.9856550027990878,12.0,12.0
2323,0.009107223155251469,50.05496696016075,0.0,1.0,1.0,0.0,0.0
2324,0.09657655263476375,50.00368035166828,0.0,1.0,1.0,0.0,0.0
2326,0.15686026643289996,50.00415825364739,0.0013368055555555553,1.0,1.0,75.0,75.0
2328,0.03288098274329029,50.00909922933885,0.0,1.0,1.0,0.0,0.0
2329,0.03288098274329029,50.00909922933885,0.0,1.0,1.0,0.0,0.0
2330,0.05823093504137234,45.700732351504804,0.037430555555555564,0.8912110245365175,0.913880587670558,2100.0,2100.0
2331,0.05823093504137234,50.00748238285793,0.0,1.0,1.0,0.0,0.0
2332,0.11929823865844744,50.00275458963916,0.0,1.0,1.0,0.0,0.0
2333,0.11929823865844744,50.00275458963916,0.0,1.0,1.0,0.0,0.0
2334,0.11929823865844744,50.00275458963916,9.80324074074074E-4,1.0,1.0,55.0,55.0
2335,0.11929823865844744,50.00275458963916,0.0,1.0,1.0,0.0,0.0
2336,0.13802496423789598,50.00401240378641,0.0,1.0,1.0,0.0,0.0
2337,0.13802496423789598,50.00401240378641,0.0,1.0,1.0,0.0,0.0
2338,0.059205861163825764,50.00964340445161,0.0,1.0,1.0,0.0,0.0
2339,0.059205861163825764,50.00964340445161,0.0,1.0,1.0,0.0,0.0
2340,0.17079048028351398,49.889831267847335,0.0019962962962962977,0.9977253442170803,0.9977253442170803,112.0,112.0
2342,0.13802496423789598,49.99416786384442,4.634259259259258E-4,0.9998056169535265,0.9998056169535265,26.0,26.0
2343,0.13802496423789598,48.533036614616975,0.004384722222222224,0.9613959569716083,0.9705838278864333,246.0,246.0
2344,0.11284800105998838,47.46939535626072,0.01310069444444444,0.9305186912566985,0.9493814367806956,735.0,735.0
2346,0.05622165385427925,29.945959952205055,0.0014513888888888894,0.9981145718937017,0.9981145718937017,66.0,66.0
2348,0.06056226583212931,30.00194812104933,0.0,1.0,1.0,0.0,0.0
2349,0.06056226583212931,30.00194812104933,0.0,1.0,1.0,0.0,0.0
2350,0.06620719834006844,50.009633660144026,0.0,1.0,1.0,0.0,0.0
2351,0.06620719834006844,50.009633660144026,0.0,1.0,1.0,0.0,0.0
2352,0.06620719834006844,50.009633660144026,0.0,1.0,1.0,0.0,0.0
2353,0.06620719834006844,50.009633660144026,0.0016041666666666663,1.0,1.0,90.0,90.0
2354,0.10803316913031889,50.002495354737476,0.0,1.0,1.0,0.0,0.0
2355,0.10803316913031889,50.002495354737476,0.0,1.0,1.0,0.0,0.0
2356,0.09887468136901624,46.37483654370221,0.014277083333333338,0.9191065416010366,0.9273709038128277,801.0,801.0
2357,0.09887468136901624,50.00686329424817,2.1388888888888898E-4,1.0,1.0,12.0,12.0
2358,0.2674696676007592,50.00211888470338,0.0,1.0,1.0,0.0,0.0
2359,0.2674696676007592,50.00211888470338,0.0,1.0,1.0,0.0,0.0
2360,0.07625910796640457,50.0059724369866,0.0,1.0,1.0,0.0,0.0
2361,0.07625910796640457,50.0059724369866,0.0,1.0,1.0,0.0,0.0
2362,0.10963907871382535,50.00008656825073,0.0,1.0,1.0,0.0,0.0
2363,0.10963907871382535,46.35513919381445,0.018020138888888895,0.9192381863707344,0.9271011967916923,1011.0,1011.0
2364,0.05795725507309554,30.003755861826857,0.0,1.0,1.0,0.0,0.0
2366,0.09209147143324631,50.0044188777808,0.0,1.0,1.0,0.0,0.0
2367,0.09209147143324631,46.360932074769046,0.01707546296296296,0.9188832310253184,0.9271376287360662,958.0,958.0
2368,0.03641036955277744,50.02951541603007,0.0,1.0,1.0,0.0,0.0
2369,0.03641036955277744,50.02951541603007,0.0,1.0,1.0,0.0,0.0
2370,0.2674696676007592,50.00211888470338,0.0,1.0,1.0,0.0,0.0
2371,0.2674696676007592,50.00211888470338,0.0,1.0,1.0,0.0,0.0
2372,0.03293719436191245,30.003517131296768,0.0,1.0,1.0,0.0,0.0
2373,0.03293719436191245,30.003517131296768,0.0,1.0,1.0,0.0,0.0
2374,0.20528626479644244,30.00042840250031,0.0,1.0,1.0,0.0,0.0
2375,0.20528626479644244,30.00042840250031,0.0,1.0,1.0,0.0,0.0
2376,0.058971311152703446,30.002362938062806,0.0,1.0,1.0,0.0,0.0
2377,0.058971311152703446,30.002362938062806,0.0,1.0,1.0,0.0,0.0
2378,0.007728649873983512,30.014174267897136,0.0,1.0,1.0,0.0,0.0
2380,0.006470104150586705,50.09112890776804,0.0,1.0,1.0,0.0,0.0
2381,0.006470104150586705,50.09112890776804,0.0,1.0,1.0,0.0,0.0
2382,0.046615505166729986,47.24437078330868,0.03577291666666666,0.9237000047499343,0.9448000189997373,2007.0,2007.0
2384,0.042269853563186355,30.002261992797884,0.0,1.0,1.0,0.0,0.0
2386,0.0822370715869387,30.00136377310289,0.0,1.0,1.0,0.0,0.0
2387,0.0822370715869387,30.00136377310289,0.0,1.0,1.0,0.0,0.0
2388,0.01931653124175077,30.01273736310003,0.0,1.0,1.0,0.0,0.0
2389,0.01931653124175077,30.01273736310003,0.0,1.0,1.0,0.0,0.0
2390,0.04693854323239643,30.00333019116249,0.0,1.0,1.0,0.0,0.0
2391,0.04693854323239643,30.00333019116249,0.0,1.0,1.0,0.0,0.0
2392,0.0822370715869387,30.00136377310289,0.0,1.0,1.0,0.0,0.0
2393,0.0822370715869387,30.00136377310289,0.0,1.0,1.0,0.0,0.0
2394,0.14732281477253087,29.06416021966115,0.0041562499999999985,0.9477395176994038,0.9687657803520539,189.0,189.0
2396,0.03293719436191245,30.003517131296768,1.3194444444444438E-4,1.0,1.0,6.0,6.0
2397,0.03293719436191245,29.984764933089707,0.0022210648148148146,0.9993810328571548,0.9993810328571548,101.0,101.0
2398,0.09132615074012683,29.99455407780411,0.0025289351851851853,0.9998065250417387,0.9998065250417387,115.0,115.0
2400,0.06056226583212931,30.00194812104933,0.0,1.0,1.0,0.0,0.0
2401,0.06056226583212931,30.00194812104933,0.0,1.0,1.0,0.0,0.0
2402,0.10157052477511067,29.90110352019879,0.0014513888888888894,0.9966674431383812,0.9966674431383812,66.0,66.0
2404,0.20275399748860518,46.23240810275845,0.02308217592592593,0.9037687641035099,0.9246302941190485,1295.0,1295.0
2406,0.2484336169155866,50.00341165694464,0.0,1.0,1.0,0.0,0.0
2407,0.2484336169155866,50.00341165694464,0.0,1.0,1.0,0.0,0.0
2408,0.04693854323239643,29.964992602584893,9.45601851851852E-4,0.9987243930134985,0.9987243930134985,43.0,43.0
2409,0.04693854323239643,30.00333019116249,0.0,1.0,1.0,0.0,0.0
2410,0.057078860174253676,50.0082493617214,0.0,1.0,1.0,0.0,0.0
2411,0.057078860174253676,50.0082493617214,0.0,1.0,1.0,0.0,0.0
2412,0.08626846471131829,30.000625286007136,0.0,1.0,1.0,0.0,0.0
2414,0.0577281952413576,30.001660584508066,0.0,1.0,1.0,0.0,0.0
2415,0.0577281952413576,30.001660584508066,0.0,1.0,1.0,0.0,0.0
2416,0.02359598485432489,30.005491160568564,0.0,1.0,1.0,0.0,0.0
2417,0.02359598485432489,30.005491160568564,0.0,1.0,1.0,0.0,0.0
2418,0.16435340286481526,30.000621149646836,0.0,1.0,1.0,0.0,0.0
2419,0.16435340286481526,30.000621149646836,0.0,1.0,1.0,0.0,0.0
2420,0.0577281952413576,30.001660584508066,0.0,1.0,1.0,0.0,0.0
2421,0.0577281952413576,29.676938324498067,3.51851851851852E-4,0.9814665741647303,0.9891776544418627,16.0,16.0
2422,0.16326863593236582,30.00036184955681,0.0,1.0,1.0,0.0,0.0
2423,0.16326863593236582,30.00036184955681,0.0,1.0,1.0,0.0,0.0
2424,0.08551197766858885,30.00127858950589,0.0,1.0,1.0,0.0,0.0
2425,0.08551197766858885,30.00127858950589,0.0,1.0,1.0,0.0,0.0
2426,0.07866890496576791,30.000853588640304,0.0,1.0,1.0,0.0,0.0
2427,0.07866890496576791,30.000853588640304,0.0,1.0,1.0,0.0,0.0
2428,0.04633452743891991,30.00077316189059,0.0,1.0,1.0,0.0,0.0
2430,0.07866890496576791,30.000853588640304,0.0,1.0,1.0,0.0,0.0
2431,0.07866890496576791,28.905506533325,0.011413194444444445,0.9447908443716189,0.9634899134142125,519.0,519.0
2432,0.16326863593236582,28.863110993585718,0.014557870370370365,0.944551396857818,0.9620922663453331,662.0,662.0
2433,0.16326863593236582,30.00036184955681,0.0,1.0,1.0,0.0,0.0
2434,0.0587966050672,30.00251994924451,0.0,1.0,1.0,0.0,0.0
2435,0.0587966050672,30.00251994924451,0.0,1.0,1.0,0.0,0.0
2436,0.02773586533624437,30.002738945456656,0.0,1.0,1.0,0.0,0.0
2437,0.02773586533624437,30.002738945456656,0.0,1.0,1.0,0.0,0.0
2438,0.07579162870354154,30.00328385009343,0.0,1.0,1.0,0.0,0.0
2439,0.07579162870354154,29.85375019944237,0.0025069444444444445,0.9950212461069325,0.9950212461069325,114.0,114.0
2440,0.16435340286481526,30.000621149646836,0.0,1.0,1.0,0.0,0.0
2441,0.16435340286481526,30.000621149646836,0.0,1.0,1.0,0.0,0.0
2442,0.05897131115270344,29.821879973513514,0.002023148148148147,0.9939880035047162,0.9939880035047162,92.0,92.0
2443,0.05897131115270344,29.894073159333228,2.1990740740740738E-4,0.9963928021028298,0.9963928021028298,10.0,10.0
2444,0.05879660506719999,29.182166277801645,0.002374999999999999,0.948331361919669,0.972659252530454,108.0,108.0
2445,0.05879660506719999,29.81656294366668,0.0016712962962962962,0.9938058080592885,0.9938058080592885,76.0,76.0
2446,0.10787889860829367,50.00180700268536,0.0,1.0,1.0,0.0,0.0
2447,0.10787889860829367,50.00180700268536,0.0,1.0,1.0,0.0,0.0
2448,0.0700545635097367,46.216694724865434,0.07348865740740743,0.8913679071954457,0.9241689437977216,4123.0,4123.0
2450,0.04146427656814429,50.00716772037503,0.0,1.0,1.0,0.0,0.0
2451,0.04146427656814429,50.00716772037503,0.0,1.0,1.0,0.0,0.0
2452,0.14745084719231952,50.002171240801644,0.0,1.0,1.0,0.0,0.0
2453,0.14745084719231952,50.002171240801644,0.0,1.0,1.0,0.0,0.0
2454,0.12161726411568462,50.00252978717047,0.0,1.0,1.0,0.0,0.0
2455,0.12161726411568462,50.00252978717047,0.0,1.0,1.0,0.0,0.0
2456,0.07476569385279004,50.001207109426744,0.0,1.0,1.0,0.0,0.0
2457,0.07476569385279004,50.001207109426744,0.0,1.0,1.0,0.0,0.0
2458,0.04058845883711592,50.00631478905453,0.0,1.0,1.0,0.0,0.0
2459,0.04058845883711592,50.00631478905453,0.0,1.0,1.0,0.0,0.0
2460,0.0838240118789694,50.00272456740511,0.0,1.0,1.0,0.0,0.0
2461,0.0838240118789694,50.00272456740511,0.0,1.0,1.0,0.0,0.0
2462,0.3041623096923939,50.00156696162464,0.0,1.0,1.0,0.0,0.0
2463,0.3041623096923939,50.00156696162464,0.0,1.0,1.0,0.0,0.0
2464,0.04146427656814429,50.00716772037503,0.0,1.0,1.0,0.0,0.0
2465,0.04146427656814429,47.452539756261096,0.012530324074074084,0.9301528020876597,0.9489164003681901,703.0,703.0
2466,0.10787889860829367,47.51246764538921,0.014241435185185189,0.9308110841201493,0.9502154716074337,799.0,799.0
2467,0.10787889860829367,50.00180700268536,0.0,1.0,1.0,0.0,0.0
2468,0.14998112592445145,50.00296845045612,0.0,1.0,1.0,0.0,0.0
2470,0.016082869752418204,50.04177278194083,0.0,1.0,1.0,0.0,0.0
2471,0.016082869752418204,45.560437421678095,0.03456087962962964,0.8898570978154681,0.9104603194237887,1939.0,1939.0
2472,0.03288098274329029,45.59714422679053,0.03559467592592594,0.8907873660232181,0.9117798566768229,1997.0,1997.0
2473,0.03288098274329029,50.00909922933885,0.0,1.0,1.0,0.0,0.0
2474,0.05372472023908848,50.002324938138194,0.0,1.0,1.0,0.0,0.0
2475,0.05372472023908848,50.002324938138194,0.0,1.0,1.0,0.0,0.0
2476,0.14745084719231952,47.42776695706414,0.00862685185185185,0.9299590750327276,0.948514628376252,484.0,484.0
2477,0.14745084719231952,50.002171240801644,0.0,1.0,1.0,0.0,0.0
2478,0.04058845883711592,50.00631478905453,0.0,1.0,1.0,0.0,0.0
2479,0.04058845883711592,50.00631478905453,4.990740740740744E-4,1.0,1.0,28.0,28.0
2480,0.06165696033236637,50.003392024446704,0.0,1.0,1.0,0.0,0.0
2481,0.06165696033236637,50.003392024446704,0.0,1.0,1.0,0.0,0.0
2482,0.10242427811381774,50.0037159221242,0.0,1.0,1.0,0.0,0.0
2484,0.06165696033236637,48.73492545519601,0.0018002314814814819,0.9624083738255063,0.9746334953020251,101.0,101.0
2485,0.06165696033236637,50.003392024446704,0.0,1.0,1.0,0.0,0.0
2486,0.07476569385279004,50.001207109426744,0.0,1.0,1.0,0.0,0.0
2487,0.07476569385279004,50.001207109426744,9.090277777777775E-4,1.0,1.0,51.0,51.0
2488,0.1414841918895301,50.004230394885965,0.0,1.0,1.0,0.0,0.0
2489,0.1414841918895301,50.004230394885965,0.0,1.0,1.0,0.0,0.0
2490,0.066184449168436,50.00294165925909,0.0,1.0,1.0,0.0,0.0
2491,0.066184449168436,49.891983683117154,0.002334953703703703,0.9977832918598771,0.9977832918598771,131.0,131.0
2492,0.05567096751665492,50.003863038911604,0.0,1.0,1.0,0.0,0.0
2493,0.05567096751665492,50.003863038911604,0.0,1.0,1.0,0.0,0.0
2494,0.1414841918895301,50.004230394885965,0.0,1.0,1.0,0.0,0.0
2495,0.1414841918895301,49.22184808032143,0.002049768518518518,0.977850242611669,0.9843558790377809,115.0,115.0
2496,0.06494464526943827,48.18710098795603,0.0049194444444444424,0.945683388270734,0.9637390885559921,276.0,276.0
2498,0.21866802902854612,47.55584155672855,0.009411111111111111,0.9308038070011329,0.9511109902156899,528.0,528.0
2500,0.09063319160101725,50.00451950400951,0.0,1.0,1.0,0.0,0.0
2502,0.10505462449612563,50.00616794738229,0.0,1.0,1.0,0.0,0.0
2504,0.11219768777292659,47.512030834054045,0.009928009259259258,0.9305804090811567,0.9502135153351357,557.0,557.0
2506,0.16793942038279047,50.00263943247422,0.0,1.0,1.0,0.0,0.0
2507,0.16793942038279047,50.00263943247422,0.0,1.0,1.0,0.0,0.0
2508,0.3041623096923939,50.00156696162464,0.0,1.0,1.0,0.0,0.0
2509,0.3041623096923939,50.00156696162464,0.0,1.0,1.0,0.0,0.0
2510,0.11638079475083574,50.002489688866056,0.0,1.0,1.0,0.0,0.0
2511,0.11638079475083574,50.002489688866056,0.0,1.0,1.0,0.0,0.0
2512,0.3472831617250743,50.00077516438439,0.0,1.0,1.0,0.0,0.0
2513,0.3472831617250743,50.00077516438439,0.0,1.0,1.0,0.0,0.0
2514,0.09628707223875171,50.00482689837077,0.0,1.0,1.0,0.0,0.0
2515,0.09628707223875171,48.19819160764737,0.004652083333333333,0.9462170600858454,0.9638723222046681,261.0,261.0
2516,0.05372472023908848,47.930697319394085,0.005792824074074077,0.9428283337338128,0.9585698694356785,325.0,325.0
2517,0.05372472023908848,50.002324938138194,0.0,1.0,1.0,0.0,0.0
2518,0.09077685390084318,50.00714216419823,0.0,1.0,1.0,0.0,0.0
2519,0.09077685390084318,50.00714216419823,0.0,1.0,1.0,0.0,0.0
2520,0.0838240118789694,50.00272456740511,0.0,1.0,1.0,0.0,0.0
2521,0.0838240118789694,50.00272456740511,0.0,1.0,1.0,0.0,0.0
2522,0.03902991274762498,50.002735192686806,0.0010337962962962961,1.0,1.0,58.0,58.0
2524,0.09077685390084318,50.00714216419823,0.0,1.0,1.0,0.0,0.0
2525,0.09077685390084318,50.00714216419823,0.0,1.0,1.0,0.0,0.0
2526,0.20394126989224823,50.00262695716772,0.0,1.0,1.0,0.0,0.0
2527,0.20394126989224823,50.00262695716772,0.0,1.0,1.0,0.0,0.0
2528,0.052363385485843295,50.002171816720384,0.0,1.0,1.0,0.0,0.0
2529,0.052363385485843295,50.002171816720384,0.0,1.0,1.0,0.0,0.0
2530,0.11638079475083574,50.002489688866056,7.842592592592596E-4,1.0,1.0,44.0,44.0
2531,0.11638079475083574,50.002489688866056,0.0,1.0,1.0,0.0,0.0
2532,0.1216172641156846,48.669034212457774,0.0030479166666666684,0.9620830491654304,0.9733321966617218,171.0,171.0
2533,0.1216172641156846,50.00252978717046,0.0,1.0,1.0,0.0,0.0
2534,0.3694324999410613,50.000263159811304,0.0,1.0,1.0,0.0,0.0
2536,0.3472831617250743,50.00077516438439,0.0,1.0,1.0,0.0,0.0
2537,0.3472831617250743,49.8283413133871,0.0014793981481481479,0.9965519689503745,0.9965519689503745,83.0,83.0
2538,0.06197613351662719,49.72292966520841,6.773148148148152E-4,0.9943987668041371,0.9943987668041371,38.0,38.0
2539,0.06197613351662719,50.00315568351813,0.0,1.0,1.0,0.0,0.0
2540,0.024646844355753348,50.0161441266697,0.0,1.0,1.0,0.0,0.0
2541,0.024646844355753348,50.0161441266697,6.773148148148152E-4,1.0,1.0,38.0,38.0
2542,0.19414680569064074,50.00203895309105,0.0,1.0,1.0,0.0,0.0
2543,0.19414680569064074,50.00203895309105,0.0,1.0,1.0,0.0,0.0
2544,0.10657364181580979,30.001963601572978,0.0,1.0,1.0,0.0,0.0
2545,0.10657364181580979,30.001963601572978,0.0,1.0,1.0,0.0,0.0
2546,0.06321612444839317,30.003697826528075,0.0,1.0,1.0,0.0,0.0
2547,0.06321612444839317,30.003697826528075,0.0,1.0,1.0,0.0,0.0
2548,0.025679112416632708,50.02424496746631,0.0,1.0,1.0,0.0,0.0
2549,0.025679112416632708,50.02424496746631,0.0,1.0,1.0,0.0,0.0
2550,0.1868323985752304,50.00346701887067,0.0,1.0,1.0,0.0,0.0
2551,0.1868323985752304,50.00346701887067,0.0,1.0,1.0,0.0,0.0
2552,0.03005718601212854,50.00271240465006,0.0,1.0,1.0,0.0,0.0
2553,0.03005718601212854,50.00271240465006,0.0,1.0,1.0,0.0,0.0
2554,0.04565247578069275,29.916537528041413,0.0019571759259259264,0.997165378443744,0.997165378443744,89.0,89.0
2556,0.07551818489006087,30.000603134431604,0.0,1.0,1.0,0.0,0.0
2557,0.07551818489006087,30.000603134431604,0.0,1.0,1.0,0.0,0.0
2558,0.05604425636065767,30.001386304589982,0.0,1.0,1.0,0.0,0.0
2559,0.05604425636065767,30.001386304589982,0.0,1.0,1.0,0.0,0.0
2560,0.08551197766858885,30.00127858950589,0.0,1.0,1.0,0.0,0.0
2561,0.08551197766858885,28.918096341445768,0.015569444444444445,0.9451118464966823,0.9638961448381103,708.0,708.0
2562,0.06810940097028609,28.687197359473707,0.015591435185185179,0.9329724389081012,0.9562252161354993,709.0,709.0
2564,0.042125915585496165,47.098604327179274,0.05017476851851851,0.9229115408752431,0.9416461635009725,2815.0,2815.0
2566,0.025841669489390085,30.000003276944312,0.0,1.0,1.0,0.0,0.0
2568,0.0612982024206696,47.37660919463931,0.0375375,0.92435833140376,0.9474333256150397,2106.0,2106.0
2570,0.09456086250299775,30.000802415686252,0.0,1.0,1.0,0.0,0.0
2571,0.09456086250299775,30.000802415686252,0.0,1.0,1.0,0.0,0.0
2572,0.004566178439333149,30.05163141060207,0.0,1.0,1.0,0.0,0.0
2573,0.004566178439333149,30.05163141060207,0.0,1.0,1.0,0.0,0.0
2574,0.05484091088937906,49.979822549526425,2.6736111111111107E-4,0.9994640165003676,0.9994640165003676,15.0,15.0
2575,0.05484091088937906,47.443934007491976,0.008733796296296293,0.929936668255687,0.9487491246703343,490.0,490.0
2576,0.05615587054796982,50.00275388886751,0.0,1.0,1.0,0.0,0.0
2577,0.05615587054796982,48.95027993092863,4.812499999999999E-4,0.9634880605054411,0.9789522420217646,27.0,27.0
2578,0.15833057974748105,46.38924770125741,0.010819212962962966,0.9193099693009628,0.927640051703067,607.0,607.0
2579,0.15833057974748105,50.00790376302262,0.0,1.0,1.0,0.0,0.0
2580,0.027316026077811483,30.008450985694644,0.0,1.0,1.0,0.0,0.0
2581,0.027316026077811483,30.008450985694644,0.0,1.0,1.0,0.0,0.0
2582,0.24039046313589713,30.000889804105586,0.0,1.0,1.0,0.0,0.0
2584,0.05348338054998691,30.000026484878912,0.0,1.0,1.0,0.0,0.0
2585,0.05348338054998691,30.000026484878912,0.0,1.0,1.0,0.0,0.0
2586,0.06995826232717743,30.00354352845351,0.0,1.0,1.0,0.0,0.0
2587,0.06995826232717743,30.00354352845351,0.0,1.0,1.0,0.0,0.0
2588,0.1710245869753908,29.24052408015971,0.007059027777777774,0.9624099381590242,0.9746397526360966,321.0,321.0
2589,0.1710245869753908,30.001389392427978,0.0,1.0,1.0,0.0,0.0
2590,0.0492827859529488,50.00508157570904,0.0,1.0,1.0,0.0,0.0
2591,0.0492827859529488,50.00508157570904,0.0,1.0,1.0,0.0,0.0
2592,0.06272718259747162,30.00104388878675,0.0,1.0,1.0,0.0,0.0
2593,0.06272718259747162,30.00104388878675,0.0,1.0,1.0,0.0,0.0
2594,0.24843361691558663,46.058762673985015,0.01953518518518518,0.9025401879522605,0.9211134171975786,1096.0,1096.0
2595,0.24843361691558663,50.00341165694465,0.0,1.0,1.0,0.0,0.0
2596,0.05088555631640331,30.001310635285282,0.0,1.0,1.0,0.0,0.0
2597,0.05088555631640331,30.001310635285282,0.0,1.0,1.0,0.0,0.0
2598,0.13348021011202119,29.49941218495542,0.0025729166666666656,0.9758611351865967,0.9832767381722727,117.0,117.0
2600,0.09456086250299774,30.000802415686252,0.0,1.0,1.0,0.0,0.0
2601,0.09456086250299774,30.000802415686252,4.8379629629629613E-4,1.0,1.0,22.0,22.0
2602,0.07230163020764953,29.14994960549459,0.009741898148148144,0.9616608446297067,0.9716433785188268,443.0,443.0
2604,0.07551818489006087,29.100181072993013,0.004574074074074072,0.9612466922430227,0.9699867689720909,208.0,208.0
2605,0.07551818489006087,30.000603134431604,0.0,1.0,1.0,0.0,0.0
2606,0.1364556020989928,29.683509070961332,0.0021990740740740725,0.9894109569773131,0.9894109569773131,100.0,100.0
2608,0.05917393574868051,30.003685731725337,0.0,1.0,1.0,0.0,0.0
2609,0.05917393574868051,29.449167660724367,0.0036064814814814796,0.9757242208621897,0.9815211833718084,164.0,164.0
2610,0.022294315227587798,30.003564418435918,0.0,1.0,1.0,0.0,0.0
2611,0.022294315227587798,30.003564418435918,0.0,1.0,1.0,0.0,0.0
2612,0.051055842057169634,30.003433138395472,0.0,1.0,1.0,0.0,0.0
2613,0.051055842057169634,30.003433138395472,0.0,1.0,1.0,0.0,0.0
2614,0.05645563592779025,29.451847187274744,0.002309027777777777,0.9641581400646131,0.9816325602584526,105.0,105.0
2616,0.051055842057169634,30.003433138395472,5.497685185185181E-4,1.0,1.0,25.0,25.0
2617,0.051055842057169634,30.003433138395472,0.0,1.0,1.0,0.0,0.0
2618,0.027316026077811483,30.008450985694644,0.0,1.0,1.0,0.0,0.0
2619,0.027316026077811483,30.008450985694644,6.817129629629625E-4,1.0,1.0,31.0,31.0
2620,0.05348338054998691,29.76637499836917,5.937499999999998E-4,0.9837420668619014,0.9922116447047574,27.0,27.0
2621,0.05348338054998691,30.000026484878912,0.0,1.0,1.0,0.0,0.0
2622,0.12013390929606542,29.951476930878638,0.0012974537037037039,0.9983779697653551,0.9983779697653551,59.0,59.0
2624,0.08810538111460543,30.00183238862842,0.0,1.0,1.0,0.0,0.0
2625,0.08810538111460543,30.00183238862842,0.0,1.0,1.0,0.0,0.0
2626,0.056475787631625994,30.000418396614073,0.0,1.0,1.0,0.0,0.0
2627,0.056475787631625994,30.000418396614073,0.0,1.0,1.0,0.0,0.0
2628,0.06383285252112793,30.003690961752262,0.0,1.0,1.0,0.0,0.0
2629,0.06383285252112793,30.003690961752262,0.0,1.0,1.0,0.0,0.0
2630,0.060991233548564845,29.27320197151798,0.004837962962962964,0.9669912915300626,0.9756492497267917,220.0,220.0
2632,0.13803021089467607,30.001132598009654,0.0,1.0,1.0,0.0,0.0
2633,0.13803021089467607,30.001132598009654,0.0,1.0,1.0,0.0,0.0
2634,0.13079842053403662,30.00154915084624,0.0,1.0,1.0,0.0,0.0
2635,0.13079842053403662,30.00154915084624,0.0,1.0,1.0,0.0,0.0
2636,0.058600759334883054,29.35998267477439,0.001891203703703704,0.9634134177849675,0.97865367113987,86.0,86.0
2638,0.05604425636065767,30.001386304589982,0.0,1.0,1.0,0.0,0.0
2639,0.05604425636065767,28.808583166772795,0.0075868055555555584,0.9432786418932398,0.9602423021848958,345.0,345.0
2640,0.05274240169372407,30.000418090915886,0.0,1.0,1.0,0.0,0.0
2641,0.05274240169372407,30.000418090915886,0.0,1.0,1.0,0.0,0.0
2642,0.13079842053403662,29.989634473123573,1.3194444444444438E-4,0.9996039198751099,0.9996039198751099,6.0,6.0
2643,0.13079842053403662,30.00154915084624,5.057870370370368E-4,1.0,1.0,23.0,23.0
2644,0.06272718259747162,29.38643950476551,0.001209490740740741,0.9636286592612073,0.9795146370448291,55.0,55.0
2645,0.06272718259747162,30.00104388878675,0.0,1.0,1.0,0.0,0.0
2646,0.06383285252112793,30.003690961752262,0.0,1.0,1.0,0.0,0.0
2647,0.06383285252112793,29.96508988962669,0.0010335648148148148,0.9987158607636977,0.9987158607636977,47.0,47.0
2648,0.0513905195333985,29.89248359080722,7.91666666666667E-4,0.9962806354643207,0.9962806354643207,36.0,36.0
2650,0.05274240169372407,30.000418090915886,0.0,1.0,1.0,0.0,0.0
2651,0.05274240169372407,28.800921250132163,0.007960648148148147,0.9432496810297466,0.9600174978261604,362.0,362.0
2652,0.05371006933282834,28.791684835512093,0.008400462962962964,0.9431692341305614,0.9596921886040792,382.0,382.0
2653,0.05371006933282834,30.000969681641898,0.0,1.0,1.0,0.0,0.0
2654,0.056475787631625994,30.000418396614073,2.1990740740740738E-4,1.0,1.0,10.0,10.0
2655,0.056475787631625994,30.000418396614073,0.0,1.0,1.0,0.0,0.0
2656,0.04804570507498976,30.00252181612544,0.0,1.0,1.0,0.0,0.0
2657,0.04804570507498976,30.00252181612544,0.0,1.0,1.0,0.0,0.0
2658,0.052970041964149624,28.837124721204482,0.01086342592592592,0.9437702893380462,0.9611770847771928,494.0,494.0
2659,0.052970041964149624,30.001911748102366,0.0,1.0,1.0,0.0,0.0
2660,0.06601851098579302,30.00083811523035,0.0,1.0,1.0,0.0,0.0
2661,0.06601851098579302,30.00083811523035,0.0,1.0,1.0,0.0,0.0
2662,0.06601851098579302,30.00083811523035,8.576388888888886E-4,1.0,1.0,39.0,39.0
2663,0.06601851098579302,30.00083811523035,0.0,1.0,1.0,0.0,0.0
2664,0.04804570507498976,28.855001413179252,0.010005787037037039,0.943725067427133,0.9617536980547893,455.0,455.0
2665,0.04804570507498976,30.00252181612544,0.0,1.0,1.0,0.0,0.0
2666,0.05088555631640331,30.001310635285282,0.0,1.0,1.0,0.0,0.0
2667,0.05088555631640331,28.81604485707853,0.00906018518518518,0.9433132177790556,0.960493416134923,412.0,412.0
2668,0.1362761161094745,30.00024570379185,0.0,1.0,1.0,0.0,0.0
2669,0.1362761161094745,30.00024570379185,0.0,1.0,1.0,0.0,0.0
2670,0.1362761161094745,30.00024570379185,9.45601851851852E-4,1.0,1.0,43.0,43.0
2671,0.1362761161094745,30.00024570379185,0.0,1.0,1.0,0.0,0.0
2672,0.1172166847013035,50.00356261697981,6.060185185185188E-4,1.0,1.0,34.0,34.0
2673,0.1172166847013035,50.00356261697981,0.0,1.0,1.0,0.0,0.0
2674,0.2494589338803597,50.00012037020739,0.0,1.0,1.0,0.0,0.0
2675,0.2494589338803597,50.00012037020739,0.0,1.0,1.0,0.0,0.0
2676,0.05988351970406627,50.00711457542069,0.0,1.0,1.0,0.0,0.0
2677,0.05988351970406627,50.00711457542069,0.0,1.0,1.0,0.0,0.0
2678,0.14390026280632845,50.0039523265234,0.0,1.0,1.0,0.0,0.0
2679,0.14390026280632845,50.0039523265234,0.0,1.0,1.0,0.0,0.0
2680,0.05789722465936246,50.007199801752606,0.0,1.0,1.0,0.0,0.0
2681,0.05789722465936246,50.007199801752606,0.0,1.0,1.0,0.0,0.0
2682,0.05703446140726671,50.00585997714568,0.0,1.0,1.0,0.0,0.0
2683,0.05703446140726671,50.00585997714568,0.0,1.0,1.0,0.0,0.0
2684,0.05779397363454762,48.46491764179137,0.005347222222222221,0.9610650243550883,0.9692600974203536,300.0,300.0
2685,0.05779397363454762,50.00199593472037,0.0,1.0,1.0,0.0,0.0
2686,0.14390026280632845,50.0039523265234,0.0,1.0,1.0,0.0,0.0
2687,0.14390026280632845,50.0039523265234,2.6736111111111107E-4,1.0,1.0,15.0,15.0
2688,0.16955262253860093,50.0032310263753,0.0,1.0,1.0,0.0,0.0
2689,0.16955262253860093,50.0032310263753,0.0,1.0,1.0,0.0,0.0
2690,0.16955262253860093,50.0032310263753,4.2777777777777795E-4,1.0,1.0,24.0,24.0
2691,0.16955262253860093,50.0032310263753,0.0,1.0,1.0,0.0,0.0
2692,0.053977318722844544,50.00472141076695,0.0,1.0,1.0,0.0,0.0
2693,0.053977318722844544,50.00472141076695,0.0,1.0,1.0,0.0,0.0
2694,0.15293600364796225,30.000523819347432,0.0,1.0,1.0,0.0,0.0
2695,0.15293600364796225,30.000523819347432,0.0,1.0,1.0,0.0,0.0
2696,0.040085619576855025,50.002851863020815,0.0,1.0,1.0,0.0,0.0
2697,0.040085619576855025,49.52700231138463,0.0017645833333333337,0.9824473724731785,0.9904853855197936,99.0,99.0
2698,0.15293600364796225,30.000523819347432,5.057870370370368E-4,1.0,1.0,23.0,23.0
2699,0.15293600364796225,30.000523819347432,0.0,1.0,1.0,0.0,0.0
2700,0.06684265682223832,30.000444403448196,9.895833333333334E-4,1.0,1.0,45.0,45.0
2701,0.06684265682223832,30.000444403448196,0.0,1.0,1.0,0.0,0.0
2702,0.1384483353724064,50.00140523080487,0.0,1.0,1.0,0.0,0.0
2703,0.1384483353724064,50.00140523080487,0.0,1.0,1.0,0.0,0.0
2704,0.24945893388035964,50.000120370207384,0.0,1.0,1.0,0.0,0.0
2705,0.24945893388035964,50.000120370207384,0.0,1.0,1.0,0.0,0.0
2706,0.053977318722844544,50.00472141076695,0.0,1.0,1.0,0.0,0.0
2707,0.053977318722844544,49.09878299476951,0.0031192129629629625,0.9701092497611785,0.9818851661890237,175.0,175.0
2708,0.05703446140726671,48.57060558797122,0.004170833333333335,0.9615749488826997,0.9712997955307988,234.0,234.0
2709,0.05703446140726671,50.00585997714568,0.0,1.0,1.0,0.0,0.0
2710,0.11641171145821078,30.000870588414266,0.0,1.0,1.0,0.0,0.0
2711,0.11641171145821078,30.000870588414266,0.0,1.0,1.0,0.0,0.0
2712,0.1607582194818045,30.001533962389644,0.0,1.0,1.0,0.0,0.0
2713,0.1607582194818045,30.001533962389644,0.0,1.0,1.0,0.0,0.0
2714,0.1607582194818045,30.001533962389644,0.0,1.0,1.0,0.0,0.0
2715,0.1607582194818045,30.001533962389644,0.0,1.0,1.0,0.0,0.0
2716,0.05988351970406627,50.00711457542069,0.0,1.0,1.0,0.0,0.0
2717,0.05988351970406627,50.00711457542069,0.0,1.0,1.0,0.0,0.0
2718,0.1384483353724064,50.00140523080487,0.0,1.0,1.0,0.0,0.0
2719,0.1384483353724064,50.00140523080487,0.0,1.0,1.0,0.0,0.0
2720,0.11641171145821078,30.000870588414266,0.0012974537037037039,1.0,1.0,59.0,59.0
2721,0.11641171145821078,30.000870588414266,0.0,1.0,1.0,0.0,0.0
2722,0.08227101961523908,30.00158737994942,0.0,1.0,1.0,0.0,0.0
2723,0.08227101961523908,30.00158737994942,0.0,1.0,1.0,0.0,0.0
2724,0.07516423539603061,50.007622884071374,0.0,1.0,1.0,0.0,0.0
2725,0.07516423539603061,50.007622884071374,0.0,1.0,1.0,0.0,0.0
2726,0.07865583312016451,28.999529412447593,0.008312499999999997,0.9574986589845393,0.9665806776581161,378.0,378.0
2727,0.07865583312016451,30.002224966369173,0.0,1.0,1.0,0.0,0.0
2728,0.10665764324127158,30.00214999754475,0.0,1.0,1.0,0.0,0.0
2729,0.10665764324127158,30.00214999754475,0.0,1.0,1.0,0.0,0.0
2730,0.12592211735924058,50.00216440472823,0.0,1.0,1.0,0.0,0.0
2731,0.12592211735924058,50.00216440472823,0.0,1.0,1.0,0.0,0.0
2732,0.03209492167907921,50.01805975960396,0.0,1.0,1.0,0.0,0.0
2733,0.03209492167907921,50.01805975960396,0.0,1.0,1.0,0.0,0.0
2734,0.06835803699260255,50.00791163856313,0.0,1.0,1.0,0.0,0.0
2735,0.06835803699260255,50.00791163856313,0.0,1.0,1.0,0.0,0.0
2736,0.07516423539603061,50.007622884071374,0.0034222222222222236,1.0,1.0,192.0,192.0
2737,0.07516423539603061,50.007622884071374,0.0,1.0,1.0,0.0,0.0
2738,0.09434893987093945,49.23642050948187,0.004919444444444443,0.9776191598539465,0.9845715865454062,276.0,276.0
2740,0.09966919073970182,50.00126625737549,0.0,1.0,1.0,0.0,0.0
2741,0.09966919073970182,50.00126625737549,0.0,1.0,1.0,0.0,0.0
2742,0.009407157711021514,30.0228437585793,0.0,1.0,1.0,0.0,0.0
2743,0.009407157711021514,30.0228437585793,0.0,1.0,1.0,0.0,0.0
2744,0.10103543044175718,30.00062269798135,0.0,1.0,1.0,0.0,0.0
2745,0.10103543044175718,30.00062269798135,0.0,1.0,1.0,0.0,0.0
2746,0.05789722465936246,50.007199801752606,0.0,1.0,1.0,0.0,0.0
2747,0.05789722465936246,50.007199801752606,0.0,1.0,1.0,0.0,0.0
2748,0.06835803699260255,50.00791163856313,0.0,1.0,1.0,0.0,0.0
2749,0.06835803699260255,48.21200289199584,0.00550763888888889,0.9458564675145211,0.9640900663588241,309.0,309.0
2750,0.13245984216445436,30.00034172960275,0.0,1.0,1.0,0.0,0.0
2751,0.13245984216445436,30.00034172960275,0.0,1.0,1.0,0.0,0.0
2752,0.0705887655931008,29.10399107173118,0.008048611111111116,0.9608055168715822,0.9700600818225369,366.0,366.0
2753,0.0705887655931008,29.09019759710927,0.004947916666666667,0.9520489876135261,0.9696002993351398,225.0,225.0
2754,0.025029911273640883,50.00426225588634,0.0,1.0,1.0,0.0,0.0
2756,0.3954788622224091,50.00083950272785,0.0,1.0,1.0,0.0,0.0
2757,0.3954788622224091,50.00083950272785,0.0,1.0,1.0,0.0,0.0
2758,0.4855948477081076,50.00118562293883,0.0,1.0,1.0,0.0,0.0
2759,0.4855948477081076,50.00118562293883,0.0,1.0,1.0,0.0,0.0
2760,0.04320896334364794,49.537701453443816,2.851851851851852E-4,0.9907400558410693,0.9907400558410693,16.0,16.0
2762,0.039679423328752746,50.01607982615893,0.0,1.0,1.0,0.0,0.0
2763,0.039679423328752746,50.01607982615893,0.0,1.0,1.0,0.0,0.0
2764,0.021750222149217065,50.000510687855325,0.0,1.0,1.0,0.0,0.0
2765,0.021750222149217065,50.000510687855325,0.0,1.0,1.0,0.0,0.0
2766,0.04606704681951219,50.01247543734737,0.0,1.0,1.0,0.0,0.0
2767,0.04606704681951219,50.01247543734737,0.0,1.0,1.0,0.0,0.0
2768,0.0398859326210176,50.01370861569604,0.0,1.0,1.0,0.0,0.0
2769,0.0398859326210176,50.01370861569604,0.0,1.0,1.0,0.0,0.0
2770,0.04440127686564944,50.01395391625093,0.0,1.0,1.0,0.0,0.0
2771,0.04440127686564944,50.01395391625093,0.0,1.0,1.0,0.0,0.0
2772,0.04606704681951219,50.01247543734737,0.0,1.0,1.0,0.0,0.0
2773,0.04606704681951219,50.01247543734737,0.0,1.0,1.0,0.0,0.0
2774,0.04651929730470946,50.005813764393565,0.0,1.0,1.0,0.0,0.0
2775,0.04651929730470946,50.005813764393565,0.0,1.0,1.0,0.0,0.0
2776,0.07019617050475693,50.00122948498713,0.0,1.0,1.0,0.0,0.0
2777,0.07019617050475693,50.00122948498713,0.0,1.0,1.0,0.0,0.0
2778,0.04561686404679928,49.16103569902007,0.002210185185185186,0.9769082127827443,0.9830998392658813,124.0,124.0
2780,0.12731677913801362,50.00440812752008,0.0,1.0,1.0,0.0,0.0
2781,0.12731677913801362,50.00440812752008,0.0,1.0,1.0,0.0,0.0
2782,0.024078768958310442,50.0193700230338,0.0,1.0,1.0,0.0,0.0
2783,0.024078768958310442,50.0193700230338,0.0,1.0,1.0,0.0,0.0
2784,0.056148826241228134,50.00885068491373,0.0,1.0,1.0,0.0,0.0
2785,0.056148826241228134,50.00885068491373,0.0,1.0,1.0,0.0,0.0
2786,0.10556408225304663,50.004038961969464,0.0,1.0,1.0,0.0,0.0
2787,0.10556408225304663,50.004038961969464,0.0,1.0,1.0,0.0,0.0
2788,0.05523998945053047,50.00351069195618,0.0,1.0,1.0,0.0,0.0
2789,0.05523998945053047,50.00351069195618,0.0,1.0,1.0,0.0,0.0
2790,0.031231372443816373,50.0146533797771,0.0,1.0,1.0,0.0,0.0
2791,0.031231372443816373,50.0146533797771,0.0,1.0,1.0,0.0,0.0
2792,0.035942734229626315,50.016947517067926,0.0,1.0,1.0,0.0,0.0
2793,0.035942734229626315,50.016947517067926,0.0,1.0,1.0,0.0,0.0
2794,0.012670799428182807,50.01631353230056,0.0,1.0,1.0,0.0,0.0
2795,0.012670799428182807,50.01631353230056,0.0,1.0,1.0,0.0,0.0
2796,0.04440127686564944,49.59187410459237,0.0019249999999999996,0.9915700320303714,0.9915700320303714,108.0,108.0
2797,0.04440127686564944,50.01395391625093,0.0,1.0,1.0,0.0,0.0
2798,0.056148826241228134,50.00885068491373,0.0014437499999999995,1.0,1.0,81.0,81.0
2799,0.056148826241228134,50.00885068491373,0.0,1.0,1.0,0.0,0.0
2800,0.050200989970509896,50.006520169849374,0.0,1.0,1.0,0.0,0.0
2801,0.050200989970509896,50.006520169849374,0.0,1.0,1.0,0.0,0.0
2802,0.13733199907830718,50.00457132415352,0.0,1.0,1.0,0.0,0.0
2803,0.13733199907830718,50.00457132415352,0.0,1.0,1.0,0.0,0.0
2804,0.09658830585979243,50.00257421559574,0.0,1.0,1.0,0.0,0.0
2805,0.09658830585979243,50.00257421559574,0.0,1.0,1.0,0.0,0.0
2806,0.06191117270850727,50.006780738305174,0.0,1.0,1.0,0.0,0.0
2807,0.06191117270850727,50.006780738305174,0.0,1.0,1.0,0.0,0.0
2808,0.10556408225304663,50.004038961969464,0.0,1.0,1.0,0.0,0.0
2809,0.10556408225304663,50.004038961969464,0.0,1.0,1.0,0.0,0.0
2810,0.10397422609872177,50.00096365955095,0.0,1.0,1.0,0.0,0.0
2811,0.10397422609872177,50.00096365955095,0.0,1.0,1.0,0.0,0.0
2812,0.020880537466273066,50.013263392270815,0.0,1.0,1.0,0.0,0.0
2813,0.020880537466273066,50.013263392270815,0.0,1.0,1.0,0.0,0.0
2814,0.06620679053594646,48.85007863686897,0.0015150462962962967,0.9629557078972257,0.976822831588903,85.0,85.0
2815,0.06620679053594646,50.0093256251379,0.0,1.0,1.0,0.0,0.0
2816,0.07647341237757047,50.00077816186954,0.0,1.0,1.0,0.0,0.0
2817,0.07647341237757047,50.00077816186954,0.0,1.0,1.0,0.0,0.0
2818,0.059205861163825764,48.45110987437851,0.004170833333333335,0.9609593413922286,0.9688373655689144,234.0,234.0
2819,0.059205861163825764,50.00964340445161,0.0,1.0,1.0,0.0,0.0
2820,0.06191117270850727,50.006780738305174,0.0,1.0,1.0,0.0,0.0
2821,0.06191117270850727,49.06427072045569,0.004883796296296295,0.969744391795799,0.9811554502582646,274.0,274.0
2822,0.16856836662644406,50.00380025174675,0.0,1.0,1.0,0.0,0.0
2823,0.16856836662644406,50.00380025174675,0.0,1.0,1.0,0.0,0.0
2824,0.024078768958310442,50.0193700230338,0.0,1.0,1.0,0.0,0.0
2825,0.024078768958310442,49.73666720878594,0.0014793981481481479,0.9943620854009043,0.9943620854009043,83.0,83.0
2826,0.09658830585979243,49.984174040443456,0.0029053240740740745,0.9996341416766173,0.9996341416766173,163.0,163.0
2827,0.09658830585979243,50.00257421559574,0.0,1.0,1.0,0.0,0.0
2828,0.2867007168893698,50.00109392509114,0.0,1.0,1.0,0.0,0.0
2829,0.2867007168893698,50.00109392509114,0.0,1.0,1.0,0.0,0.0
2830,0.048875690533744645,50.00070642838327,0.0,1.0,1.0,0.0,0.0
2831,0.048875690533744645,50.00070642838327,0.0,1.0,1.0,0.0,0.0
2832,0.13733199907830718,50.00457132415352,8.733796296296294E-4,1.0,1.0,49.0,49.0
2833,0.13733199907830718,48.94255577551721,0.0027092592592592606,0.9685484158987009,0.9787634984640684,152.0,152.0
2834,0.03644722526432472,50.003815149225986,0.0,1.0,1.0,0.0,0.0
2835,0.03644722526432472,50.003815149225986,0.0,1.0,1.0,0.0,0.0
2836,0.13927399070206997,50.00362686022259,0.0,1.0,1.0,0.0,0.0
2837,0.13927399070206997,50.00362686022259,0.0,1.0,1.0,0.0,0.0
2838,0.08164340912201248,50.00276843131081,0.0,1.0,1.0,0.0,0.0
2839,0.08164340912201248,50.00276843131081,0.0,1.0,1.0,0.0,0.0
2840,0.06235413876287408,50.00554679134478,0.0,1.0,1.0,0.0,0.0
2841,0.06235413876287408,50.00554679134478,0.0,1.0,1.0,0.0,0.0
2842,0.048875690533744645,50.00070642838327,0.0,1.0,1.0,0.0,0.0
2843,0.048875690533744645,48.39279166569873,0.0044560185185185215,0.9607105733591572,0.9678422934366286,250.0,250.0
2844,0.06235413876287408,50.00554679134478,0.0,1.0,1.0,0.0,0.0
2845,0.06235413876287408,47.888287044739684,0.007254398148148144,0.9425927272873149,0.957660582975549,407.0,407.0
2846,0.2832665405487306,50.0029197791228,0.0,1.0,1.0,0.0,0.0
2847,0.2832665405487306,48.757474979869485,0.0026914351851851856,0.9625233842910507,0.9750935371642028,151.0,151.0
2848,0.10803316913031889,46.343500279952515,0.01279768518518519,0.9191509541940317,0.9268242574288633,718.0,718.0
2849,0.10803316913031889,49.94467996948356,9.446759259259266E-4,0.9988457717572029,0.9988457717572029,53.0,53.0
2850,0.05567096751665492,49.59049777112327,0.0012833333333333332,0.9917359138433263,0.9917359138433263,72.0,72.0
2851,0.05567096751665492,48.60814224130951,0.0021745370370370373,0.9617722008117627,0.972088803247051,122.0,122.0
2852,0.1516141034970971,50.00098686236255,0.0,1.0,1.0,0.0,0.0
2853,0.1516141034970971,50.00098686236255,0.0,1.0,1.0,0.0,0.0
2854,0.08215757370723556,50.002918908883856,0.0,1.0,1.0,0.0,0.0
2855,0.08215757370723556,50.002918908883856,0.0,1.0,1.0,0.0,0.0
2856,0.11550437390754996,50.00189346647184,0.0,1.0,1.0,0.0,0.0
2857,0.11550437390754996,50.00189346647184,0.0,1.0,1.0,0.0,0.0
2858,0.09234834389762615,50.00060731410049,0.0,1.0,1.0,0.0,0.0
2859,0.09234834389762615,50.00060731410049,0.0,1.0,1.0,0.0,0.0
2860,0.03641036955277744,50.02951541603007,0.0,1.0,1.0,0.0,0.0
2861,0.03641036955277744,46.3112304956132,0.017503240740740746,0.9185046635219828,0.9256834939517128,982.0,982.0
2862,0.23639893937555767,50.002125837368254,0.0,1.0,1.0,0.0,0.0
2863,0.23639893937555767,50.002125837368254,0.0,1.0,1.0,0.0,0.0
2864,0.09234834389762615,50.00060731410049,6.238425925925927E-4,1.0,1.0,35.0,35.0
2865,0.09234834389762615,50.00060731410049,0.0,1.0,1.0,0.0,0.0
2866,0.06675052736557352,50.00039503039215,0.0,1.0,1.0,0.0,0.0
2867,0.06675052736557352,50.00039503039215,0.0,1.0,1.0,0.0,0.0
2868,0.1516141034970971,50.00098686236255,0.0,1.0,1.0,0.0,0.0
2869,0.1516141034970971,50.00098686236255,0.0,1.0,1.0,0.0,0.0
2870,0.06675052736557352,50.00039503039215,0.0,1.0,1.0,0.0,0.0
2871,0.06675052736557352,50.00039503039215,0.0,1.0,1.0,0.0,0.0
2872,0.020880537466273066,49.49541772756334,0.0010872685185185187,0.989654139532743,0.989654139532743,61.0,61.0
2873,0.020880537466273066,50.013263392270815,0.0,1.0,1.0,0.0,0.0
2874,0.08215757370723556,50.002918908883856,0.0,1.0,1.0,0.0,0.0
2875,0.08215757370723556,50.002918908883856,0.0010872685185185187,1.0,1.0,61.0,61.0
2876,0.08164340912201248,49.960404974723176,7.486111111111114E-4,0.9991550378943396,0.9991550378943396,42.0,42.0
2877,0.08164340912201248,50.00276843131081,0.0,1.0,1.0,0.0,0.0
2878,0.07817564244050555,50.0057414331592,0.0,1.0,1.0,0.0,0.0
2879,0.07817564244050555,50.0057414331592,0.0,1.0,1.0,0.0,0.0
2880,0.07647341237757047,49.82924771456424,4.990740740740744E-4,0.9965700395221185,0.9965700395221185,28.0,28.0
2881,0.07647341237757047,49.91501293821689,4.990740740740744E-4,0.9982850197610593,0.9982850197610593,28.0,28.0
2882,0.07817564244050555,50.0057414331592,7.486111111111114E-4,1.0,1.0,42.0,42.0
2883,0.07817564244050555,50.0057414331592,0.0,1.0,1.0,0.0,0.0
2884,0.28670071688936977,50.001093925091126,0.0,1.0,1.0,0.0,0.0
2885,0.28670071688936977,50.001093925091126,0.0,1.0,1.0,0.0,0.0
2886,0.11550437390754996,50.00189346647184,0.0,1.0,1.0,0.0,0.0
2887,0.11550437390754996,50.00189346647184,0.0,1.0,1.0,0.0,0.0
2888,0.0556402991252542,30.003756268860865,0.0,1.0,1.0,0.0,0.0
2889,0.0556402991252542,30.003756268860865,0.0,1.0,1.0,0.0,0.0
2890,0.06340434211863628,28.62148506765324,0.010621527777777775,0.9315682141056907,0.9539852950591851,483.0,483.0
2891,0.06340434211863628,30.002054630269534,0.0,1.0,1.0,0.0,0.0
2892,0.06413822511313262,45.13045750504836,0.02245833333333333,0.8814153174719473,0.9024265421386097,1260.0,1260.0
2894,0.18242586597801316,30.00014241107521,0.0,1.0,1.0,0.0,0.0
2896,0.04106260219804372,49.973610811322686,0.0014081018518518522,0.9993077309992267,0.9993077309992267,79.0,79.0
2898,0.014134147997864626,50.03238229332611,1.7824074074074075E-5,1.0,1.0,1.0,1.0
2900,1.1374329959299945,50.000717822404326,0.0,1.0,1.0,0.0,0.0
2901,1.1374329959299945,50.000717822404326,0.0,1.0,1.0,0.0,0.0
2902,0.03477600744558187,49.24059659919842,0.007076157407407406,0.9844960167525592,0.9844960167525592,397.0,397.0
2904,0.15686402967493437,50.000930301909314,0.0,1.0,1.0,0.0,0.0
2906,0.035313724654328284,50.011569140669486,0.0,1.0,1.0,0.0,0.0
2908,0.059267700501747275,49.689511766288675,0.0011763888888888887,0.9937285992144004,0.9937285992144004,66.0,66.0
2910,0.11683937338031761,50.00258489885204,0.0,1.0,1.0,0.0,0.0
2912,0.026511883736072918,50.02242214353381,0.0,1.0,1.0,0.0,0.0
2914,0.12988840310269875,50.00516000103898,0.0,1.0,1.0,0.0,0.0
2915,0.12988840310269875,50.00516000103898,0.0,1.0,1.0,0.0,0.0
2916,0.05657120369994979,50.00155495207936,5.525462962962965E-4,1.0,1.0,31.0,31.0
2918,0.12988840310269875,50.00516000103898,0.0,1.0,1.0,0.0,0.0
2919,0.12988840310269875,50.00516000103898,0.0,1.0,1.0,0.0,0.0
2920,0.09708083621456139,50.0058678455317,0.0,1.0,1.0,0.0,0.0
2921,0.09708083621456139,50.0058678455317,0.0,1.0,1.0,0.0,0.0
2922,0.03216102458930714,49.53700796083021,5.525462962962965E-4,0.9904943579226405,0.9904943579226405,31.0,31.0
2924,0.0524939384228738,30.001298352491773,0.0,1.0,1.0,0.0,0.0
2925,0.0524939384228738,30.001298352491773,0.0,1.0,1.0,0.0,0.0
2926,0.05962815141866948,29.159483477325974,0.005827546296296297,0.9617330327112249,0.9719321308448995,265.0,265.0
2928,0.03644722526432472,50.003815149225986,0.0,1.0,1.0,0.0,0.0
2929,0.03644722526432472,50.003815149225986,0.0,1.0,1.0,0.0,0.0
2930,0.01382220762312113,48.68268476499025,0.023795138888888883,0.9618935943960387,0.9734745746720198,1335.0,1335.0
2932,0.017308350901651066,50.00807644136746,0.0,1.0,1.0,0.0,0.0
2934,0.02489662638326957,49.473709012736016,0.03796527777777777,0.9891956822705942,0.9891956822705942,2130.0,2130.0
2936,0.21021092258657978,49.88798428221584,0.003939120370370373,0.997747881318317,0.997747881318317,221.0,221.0
2938,0.006501999491822594,46.832695300857644,0.023795138888888883,0.8902931662855336,0.9363783350287825,1335.0,1335.0
2940,0.013706848261718993,50.01609468644905,0.008609027777777781,0.9994538781184903,0.9994538781184903,483.0,483.0
2942,0.026256204053631174,29.327132292525746,0.03621875,0.977359350777731,0.977359350777731,1647.0,1647.0
2944,0.00347891572221559,48.53087432490748,0.008965509259259256,0.9583333333333334,0.9687700804999801,503.0,503.0
2946,0.013426856479644266,50.03797445830161,2.851851851851852E-4,1.0,1.0,16.0,16.0
2948,0.07783908884406311,50.003697330233265,0.0,1.0,1.0,0.0,0.0
2949,0.07783908884406311,50.003697330233265,0.0,1.0,1.0,0.0,0.0
2950,0.06435879219171828,50.0089902633684,0.0,1.0,1.0,0.0,0.0
2951,0.06435879219171828,50.0089902633684,0.0,1.0,1.0,0.0,0.0
2952,0.13143434289021041,50.0014408120847,0.0,1.0,1.0,0.0,0.0
2953,0.13143434289021041,50.0014408120847,0.0,1.0,1.0,0.0,0.0
2954,0.04850787785660683,50.008121501656525,2.495370370370372E-4,1.0,1.0,14.0,14.0
2955,0.04850787785660683,50.008121501656525,1.0694444444444449E-4,1.0,1.0,6.0,6.0
2956,0.14074302663693686,49.920350605273796,2.317129629629629E-4,0.9983588975717035,0.9983588975717035,13.0,13.0
2957,0.14074302663693686,50.002456912362845,0.0,1.0,1.0,0.0,0.0
2958,0.07116435054273641,28.87401582261468,0.010665509259259263,0.9446089184135276,0.9623870374447389,485.0,485.0
2959,0.07116435054273641,29.43449006943028,0.0057615740740740735,0.9697009824148505,0.9810686314963677,262.0,262.0
2960,0.13245984216445436,29.202608548699136,0.006465277777777776,0.9620511906894335,0.97340948725044,294.0,294.0
2961,0.13245984216445436,28.8446662397391,0.010313657407407402,0.9436306084151568,0.961478076951772,469.0,469.0
2962,0.025897400681135878,47.69349751110144,0.030942592592592605,0.9321619488413432,0.9535651422110382,1736.0,1736.0
2963,0.025897400681135878,50.01643908373882,3.921296296296298E-4,1.0,1.0,22.0,22.0
2964,0.13347758655093273,50.00200953000602,0.0,1.0,1.0,0.0,0.0
2965,0.13347758655093273,50.00200953000602,0.0,1.0,1.0,0.0,0.0
2966,0.21221950262899544,29.89612200149454,5.277777777777775E-4,0.9965244541368077,0.9965244541368077,24.0,24.0
2968,0.009102309780771863,50.02796215386062,0.0,1.0,1.0,0.0,0.0
2969,0.009102309780771863,50.02796215386062,0.0,1.0,1.0,0.0,0.0
2970,0.009102309780771863,50.02796215386062,0.0,1.0,1.0,0.0,0.0
2971,0.009102309780771863,50.02796215386062,0.0,1.0,1.0,0.0,0.0
2972,0.03901115817829024,50.01430535678236,0.0,1.0,1.0,0.0,0.0
2973,0.03901115817829024,50.01430535678236,0.0,1.0,1.0,0.0,0.0
2974,0.14977874140841332,50.00032168678485,0.0,1.0,1.0,0.0,0.0
2975,0.14977874140841332,50.00032168678485,0.0,1.0,1.0,0.0,0.0
2976,0.03901115817829024,50.01430535678236,0.0,1.0,1.0,0.0,0.0
2977,0.03901115817829024,48.68316488145374,0.0032974537037037044,0.9620972779060198,0.9733891116240796,185.0,185.0
2978,0.07297643423514046,50.002886038543146,0.0,1.0,1.0,0.0,0.0
2979,0.07297643423514046,50.002886038543146,0.0,1.0,1.0,0.0,0.0
2980,0.14833060539164883,50.00376246932632,0.0,1.0,1.0,0.0,0.0
2981,0.14833060539164883,50.00376246932632,0.0,1.0,1.0,0.0,0.0
2982,0.04845623590239079,50.012170082742784,0.0,1.0,1.0,0.0,0.0
2983,0.04845623590239079,50.012170082742784,0.0,1.0,1.0,0.0,0.0
2984,0.08361568127877525,50.002732990629724,0.0,1.0,1.0,0.0,0.0
2985,0.08361568127877525,50.002732990629724,0.0,1.0,1.0,0.0,0.0
2986,0.07297643423514046,50.002886038543146,0.0,1.0,1.0,0.0,0.0
2987,0.07297643423514046,48.420256759794555,0.004153009259259258,0.9608374548642868,0.9683498194571474,233.0,233.0
2988,0.1642494825658515,50.00407080228884,0.0,1.0,1.0,0.0,0.0
2989,0.1642494825658515,50.00407080228884,0.0,1.0,1.0,0.0,0.0
2990,0.06068027286172309,50.011213897024525,0.0,1.0,1.0,0.0,0.0
2991,0.06068027286172309,50.011213897024525,0.0,1.0,1.0,0.0,0.0
2992,0.022238773587811535,50.03724057257596,0.0,1.0,1.0,0.0,0.0
2993,0.022238773587811535,50.03724057257596,0.0,1.0,1.0,0.0,0.0
2994,0.23639893937555767,50.002125837368254,0.0,1.0,1.0,0.0,0.0
2995,0.23639893937555767,46.47134260135565,0.018430092592592595,0.9192819650998256,0.9293878783420284,1034.0,1034.0
2996,0.1642494825658515,50.00407080228884,0.0,1.0,1.0,0.0,0.0
2997,0.1642494825658515,50.00407080228884,0.0,1.0,1.0,0.0,0.0
2998,0.08361568127877525,48.93718276193278,0.0013189814814814809,0.9634228182295631,0.9786912729182526,74.0,74.0
2999,0.08361568127877525,50.002732990629724,0.0,1.0,1.0,0.0,0.0
3000,0.04845623590239079,50.012170082742784,0.0,1.0,1.0,0.0,0.0
3001,0.04845623590239079,50.012170082742784,0.0,1.0,1.0,0.0,0.0
3002,0.14833060539164883,50.00376246932632,0.0,1.0,1.0,0.0,0.0
3003,0.14833060539164883,50.00376246932632,0.0,1.0,1.0,0.0,0.0
3004,0.02986508744578387,50.00665804875439,0.0,1.0,1.0,0.0,0.0
3005,0.02986508744578387,50.00665804875439,0.0,1.0,1.0,0.0,0.0
3006,0.06995826232717743,29.36305420078315,0.005827546296296297,0.9684943053224756,0.9786552773116179,265.0,265.0
3007,0.06995826232717743,30.00354352845351,0.0,1.0,1.0,0.0,0.0
3008,0.21242524351302636,30.000034390447407,0.0,1.0,1.0,0.0,0.0
3010,0.05413955381030556,29.913436966740868,0.0012754629629629622,0.9970044431978373,0.9970044431978373,58.0,58.0
3012,0.10124313892201682,29.918608146710348,6.817129629629625E-4,0.9972730021494937,0.9972730021494937,31.0,31.0
3014,0.22145254894726257,30.00034530782514,0.0,1.0,1.0,0.0,0.0
3016,0.10402194989694931,29.90758981679116,0.0021770833333333325,0.9968709847479361,0.9968709847479361,99.0,99.0
3018,0.11307057230204139,29.63366126977679,0.003254629629629629,0.9804000374649089,0.9877556055087674,148.0,148.0
3020,0.08815916313167983,30.000282377733942,0.0011655092592592596,1.0,1.0,53.0,53.0
3022,0.16336663579575436,30.001524708703545,0.0,1.0,1.0,0.0,0.0
3024,0.2545826608002154,30.000902775238977,0.0016273148148148145,1.0,1.0,74.0,74.0
3026,0.08466123234833783,30.001027311154267,0.0,1.0,1.0,0.0,0.0
3028,0.20509286067194116,27.937833143955956,0.021484953703703707,0.9197165122153566,0.9312185201887446,977.0,977.0
3030,0.07450406168278811,29.56031615801409,0.0014293981481481482,0.971812478834875,0.9852916243364167,65.0,65.0
3032,0.06651105498824815,30.00122766040513,0.0,1.0,1.0,0.0,0.0
3034,0.13470638680337388,30.001422450640057,0.0,1.0,1.0,0.0,0.0
3036,0.14081101972034932,29.164060267780442,0.005123842592592594,0.9617792647163603,0.9721170588654415,233.0,233.0
3038,0.13726769528809346,30.000224807985454,0.0,1.0,1.0,0.0,0.0
3040,0.08556939158069417,29.082059318172146,0.007498842592592592,0.9610928646649759,0.9693714586599036,341.0,341.0
3042,0.06636464060929405,29.64602732408783,0.0036064814814814796,0.9806657001537746,0.988109822427255,164.0,164.0
3044,0.18145831498046575,28.34718999584719,0.01220486111111111,0.927858422584422,0.9448638494263377,555.0,555.0
3046,0.14031835661531294,50.00456185063618,0.0,1.0,1.0,0.0,0.0
3048,0.11857226213669729,29.127928899974243,0.006531249999999999,0.9614714342711718,0.9708857370846871,297.0,297.0
3050,0.08191176124608694,30.001255517948213,0.0,1.0,1.0,0.0,0.0
3051,0.08191176124608694,30.001255517948213,0.0,1.0,1.0,0.0,0.0
3052,0.08191176124608694,30.001255517948213,0.0,1.0,1.0,0.0,0.0
3053,0.08191176124608694,30.001255517948213,0.0010775462962962965,1.0,1.0,49.0,49.0
3054,0.07892779369462566,29.930997397514542,0.0018472222222222219,0.9976659912906122,0.9976659912906122,84.0,84.0
3056,0.040801679230044074,49.90287095819615,0.017717129629629635,0.9978375314084436,0.9978375314084436,994.0,994.0
3058,0.03022114056400644,50.02119817490721,0.0,1.0,1.0,0.0,0.0
3060,0.06047626604306114,30.000628049472247,0.0,1.0,1.0,0.0,0.0
3061,0.06047626604306114,30.000628049472247,0.0,1.0,1.0,0.0,0.0
3062,0.1765374019466807,30.000691418431384,0.0,1.0,1.0,0.0,0.0
3063,0.1765374019466807,30.000691418431384,0.0,1.0,1.0,0.0,0.0
3064,0.10482171152487083,30.001443909169584,0.0,1.0,1.0,0.0,0.0
3065,0.10482171152487083,30.001443909169584,0.0,1.0,1.0,0.0,0.0
3066,0.024505704138776837,30.006984659726744,0.0,1.0,1.0,0.0,0.0
3067,0.024505704138776837,30.006984659726744,0.0,1.0,1.0,0.0,0.0
3068,0.09553471945175222,30.000435277940337,0.0,1.0,1.0,0.0,0.0
3069,0.09553471945175222,30.000435277940337,0.0,1.0,1.0,0.0,0.0
3070,0.10029354154938146,30.00056082906301,0.0,1.0,1.0,0.0,0.0
3071,0.10029354154938146,30.00056082906301,0.0,1.0,1.0,0.0,0.0
3072,0.11823116145662504,30.00156349079088,0.0,1.0,1.0,0.0,0.0
3073,0.11823116145662504,30.00156349079088,0.0,1.0,1.0,0.0,0.0
3074,0.01310602659303017,30.013801358084358,0.0,1.0,1.0,0.0,0.0
3075,0.01310602659303017,30.013801358084358,0.0,1.0,1.0,0.0,0.0
3076,0.09553471945175221,30.00043527794033,0.0,1.0,1.0,0.0,0.0
3077,0.09553471945175221,29.94405480178618,0.0029027777777777776,0.9981212553475566,0.9981212553475566,132.0,132.0
3078,0.013273309866916872,49.58372583146254,0.003190509259259259,0.9828287123100377,0.9909938386356059,179.0,179.0
3080,0.03811563913095839,30.005751338607087,0.0,1.0,1.0,0.0,0.0
3081,0.03811563913095839,30.005751338607087,0.0,1.0,1.0,0.0,0.0
3082,0.06537795716849636,49.29703602571126,0.02285046296296297,0.9780935225318795,0.9859001984475128,1282.0,1282.0
3084,0.017080152359944152,47.781047356019926,0.019178703703703705,0.9498601522302113,0.9550589775925458,1076.0,1076.0
3086,0.010779169840967075,50.00645802510499,0.0,1.0,1.0,0.0,0.0
3088,0.10861453762944594,50.00157742532038,0.0,1.0,1.0,0.0,0.0
3089,0.10861453762944594,50.00157742532038,0.0,1.0,1.0,0.0,0.0
3090,0.2015945827999738,50.00279027696747,0.0,1.0,1.0,0.0,0.0
3091,0.2015945827999738,50.00279027696747,0.0,1.0,1.0,0.0,0.0
3092,0.08732346996659451,30.002337457505277,0.0,1.0,1.0,0.0,0.0
3093,0.08732346996659451,30.002337457505277,0.0,1.0,1.0,0.0,0.0
3094,0.060594964962497264,30.001633044284166,0.0,1.0,1.0,0.0,0.0
3095,0.060594964962497264,30.001633044284166,0.0,1.0,1.0,0.0,0.0
3096,0.10567570308500085,30.00019959829691,0.0,1.0,1.0,0.0,0.0
3097,0.10567570308500085,30.00019959829691,0.0,1.0,1.0,0.0,0.0
3098,0.1765374019466807,30.000691418431384,0.0,1.0,1.0,0.0,0.0
3099,0.1765374019466807,30.000691418431384,0.0,1.0,1.0,0.0,0.0
3100,0.018831774033712483,30.010795272848583,0.0,1.0,1.0,0.0,0.0
3101,0.018831774033712483,30.010795272848583,0.0,1.0,1.0,0.0,0.0
3102,0.060594964962497264,30.001633044284166,0.0,1.0,1.0,0.0,0.0
3103,0.060594964962497264,29.88772059381915,8.796296296296295E-4,0.9962051864348941,0.9962051864348941,40.0,40.0
3104,0.17534622422154578,30.00077977270875,0.0,1.0,1.0,0.0,0.0
3105,0.17534622422154578,30.00077977270875,0.0,1.0,1.0,0.0,0.0
3106,0.17534622422154578,30.00077977270875,0.0,1.0,1.0,0.0,0.0
3107,0.17534622422154578,30.00077977270875,0.0,1.0,1.0,0.0,0.0
3108,0.10029354154938146,30.00056082906301,0.001363425925925925,1.0,1.0,62.0,62.0
3109,0.10029354154938146,30.00056082906301,0.0,1.0,1.0,0.0,0.0
3110,0.06047626604306114,30.000628049472247,0.0,1.0,1.0,0.0,0.0
3111,0.06047626604306114,30.000628049472247,0.0,1.0,1.0,0.0,0.0
3112,0.5438695652493583,49.97884980901865,0.0012120370370370375,0.9995617753635176,0.9995617753635176,68.0,68.0
3114,0.3872376506119766,50.0001987806433,0.0,1.0,1.0,0.0,0.0
3115,0.3872376506119766,50.0001987806433,0.0,1.0,1.0,0.0,0.0
3116,0.3872376506119766,50.0001987806433,0.0,1.0,1.0,0.0,0.0
3117,0.3872376506119766,50.0001987806433,0.0,1.0,1.0,0.0,0.0
3118,0.2301595015148439,50.00447830135413,6.416666666666666E-4,1.0,1.0,36.0,36.0
3120,0.1708214448374483,50.00058552848312,0.0,1.0,1.0,0.0,0.0
3121,0.1708214448374483,50.00058552848312,0.0,1.0,1.0,0.0,0.0
3122,0.3032537069022021,30.00036671744786,0.0,1.0,1.0,0.0,0.0
3123,0.3032537069022021,30.00036671744786,0.0,1.0,1.0,0.0,0.0
3124,0.026307271366221293,30.00829433409273,4.3981481481481476E-4,1.0,1.0,20.0,20.0
3126,0.16244143447231466,50.00334879010968,0.0,1.0,1.0,0.0,0.0
3127,0.16244143447231466,50.00334879010968,0.0,1.0,1.0,0.0,0.0
3128,0.10861453762944594,50.00157742532038,0.0,1.0,1.0,0.0,0.0
3129,0.10861453762944594,48.77361106923169,0.01543564814814815,0.9624350386844708,0.9754423160296016,866.0,866.0
3130,0.02775818234603815,30.0088457795007,0.0,1.0,1.0,0.0,0.0
3131,0.02775818234603815,30.0088457795007,0.0,1.0,1.0,0.0,0.0
3132,0.005197189921566894,30.031916079680283,0.0,1.0,1.0,0.0,0.0
3133,0.005197189921566894,30.031916079680283,0.0,1.0,1.0,0.0,0.0
3134,0.02775818234603815,29.402911323707343,0.0029907407407407417,0.9637036176529375,0.9798144706117502,136.0,136.0
3135,0.02775818234603815,30.0088457795007,0.0,1.0,1.0,0.0,0.0
3136,0.05526852309596849,50.004192798564105,0.0,1.0,1.0,0.0,0.0
3137,0.05526852309596849,50.004192798564105,0.0,1.0,1.0,0.0,0.0
3138,0.009225697846161545,30.002269418411526,0.0,1.0,1.0,0.0,0.0
3139,0.009225697846161545,30.002269418411526,0.0,1.0,1.0,0.0,0.0
3140,0.031275656802120376,30.000630026014747,0.0,1.0,1.0,0.0,0.0
3141,0.031275656802120376,30.000630026014747,0.0,1.0,1.0,0.0,0.0
3142,0.0625984298051253,50.00096456588663,0.0,1.0,1.0,0.0,0.0
3143,0.0625984298051253,50.00096456588663,0.0,1.0,1.0,0.0,0.0
3144,0.05673899895882512,30.0029959241731,0.0,1.0,1.0,0.0,0.0
3145,0.05673899895882512,30.0029959241731,0.0,1.0,1.0,0.0,0.0
3146,0.019157999973661976,30.01253259581511,0.0,1.0,1.0,0.0,0.0
3148,0.07843114100658496,30.002349125885228,0.0,1.0,1.0,0.0,0.0
3149,0.07843114100658496,30.002349125885228,0.0,1.0,1.0,0.0,0.0
3150,0.019330328530661498,29.724443736055356,9.895833333333334E-4,0.9905505475511025,0.9905505475511025,45.0,45.0
3152,0.02773977624445025,30.00696949519859,0.0,1.0,1.0,0.0,0.0
3154,0.011841638226480855,29.658300248224762,9.895833333333334E-4,0.9879374288995355,0.9879374288995355,45.0,45.0
3156,0.009094589438926081,29.441336704981772,9.895833333333334E-4,0.9810698069306485,0.9810698069306485,45.0,45.0
3158,0.01310602659303017,30.013801358084358,0.0,1.0,1.0,0.0,0.0
3159,0.01310602659303017,30.013801358084358,0.0,1.0,1.0,0.0,0.0
3160,0.024812195750899123,30.0046707098545,0.0,1.0,1.0,0.0,0.0
3162,0.024505704138776837,30.006984659726744,4.8379629629629613E-4,1.0,1.0,22.0,22.0
3163,0.024505704138776837,30.006984659726744,0.0,1.0,1.0,0.0,0.0
3164,0.07885586994022341,30.002233331727364,0.0,1.0,1.0,0.0,0.0
3165,0.07885586994022341,30.002233331727364,0.0,1.0,1.0,0.0,0.0
3166,0.07885586994022341,30.002233331727364,0.0,1.0,1.0,0.0,0.0
3167,0.07885586994022341,30.002233331727364,0.0,1.0,1.0,0.0,0.0
3168,0.07094361224866884,30.000822752873002,0.0,1.0,1.0,0.0,0.0
3169,0.07094361224866884,30.000822752873002,0.0,1.0,1.0,0.0,0.0
3170,0.05673899895882512,30.0029959241731,0.0,1.0,1.0,0.0,0.0
3171,0.05673899895882512,29.968706785974042,0.0018032407407407398,0.9988611897324942,0.9988611897324942,82.0,82.0
3172,0.04221816897956619,30.00106757331984,0.0,1.0,1.0,0.0,0.0
3173,0.04221816897956619,30.00106757331984,0.0,1.0,1.0,0.0,0.0
3174,0.07094361224866884,30.000822752873002,0.0,1.0,1.0,0.0,0.0
3175,0.07094361224866884,30.000822752873002,0.0,1.0,1.0,0.0,0.0
3176,0.1708214448374483,50.00058552848312,0.0,1.0,1.0,0.0,0.0
3177,0.1708214448374483,50.00058552848312,0.0,1.0,1.0,0.0,0.0
3178,0.16091033269041957,50.00234766383344,0.0,1.0,1.0,0.0,0.0
3179,0.16091033269041957,50.00234766383344,0.0,1.0,1.0,0.0,0.0
3180,0.3032537069022021,30.00036671744786,0.0,1.0,1.0,0.0,0.0
3181,0.3032537069022021,30.00036671744786,0.0,1.0,1.0,0.0,0.0
3182,0.16091033269041954,50.00234766383344,0.0,1.0,1.0,0.0,0.0
3183,0.16091033269041954,50.00234766383344,0.0,1.0,1.0,0.0,0.0
3184,0.061127441535917065,50.00199716639433,0.0,1.0,1.0,0.0,0.0
3185,0.061127441535917065,50.00199716639433,0.0,1.0,1.0,0.0,0.0
3186,0.2015945827999738,48.7651006799706,0.01217384259259259,0.9625621333227172,0.9752485332908689,683.0,683.0
3187,0.2015945827999738,50.00279027696747,0.0,1.0,1.0,0.0,0.0
3188,0.16382140327413347,50.00059786238919,0.0,1.0,1.0,0.0,0.0
3189,0.16382140327413347,50.00059786238919,0.0,1.0,1.0,0.0,0.0
3190,0.04112439644720581,50.01615784119626,0.0,1.0,1.0,0.0,0.0
3191,0.04112439644720581,50.01615784119626,0.0,1.0,1.0,0.0,0.0
3192,0.07151641873356013,50.00176877856214,0.0,1.0,1.0,0.0,0.0
3193,0.07151641873356013,50.00176877856214,0.0,1.0,1.0,0.0,0.0
3194,0.048529917215476004,50.00220434336394,0.0,1.0,1.0,0.0,0.0
3195,0.048529917215476004,50.00220434336394,0.0,1.0,1.0,0.0,0.0
3196,0.16025238390421576,50.00074380786763,0.0,1.0,1.0,0.0,0.0
3197,0.16025238390421576,50.00074380786763,0.0,1.0,1.0,0.0,0.0
3198,0.09384525858466142,50.00635448561,0.0,1.0,1.0,0.0,0.0
3199,0.09384525858466142,50.00635448561,0.0,1.0,1.0,0.0,0.0
3200,0.16025238390421573,50.00074380786762,0.0,1.0,1.0,0.0,0.0
3201,0.16025238390421573,50.00074380786762,0.0,1.0,1.0,0.0,0.0
3202,0.09391886929589664,50.001172650876654,0.0,1.0,1.0,0.0,0.0
3203,0.09391886929589664,50.001172650876654,0.0,1.0,1.0,0.0,0.0
3204,0.09324878774412829,50.00679813479247,0.0,1.0,1.0,0.0,0.0
3205,0.09324878774412829,50.00679813479247,0.0,1.0,1.0,0.0,0.0
3206,0.060040529715757074,30.00359619332669,0.0,1.0,1.0,0.0,0.0
3207,0.060040529715757074,30.00359619332669,0.0,1.0,1.0,0.0,0.0
3208,0.07151641873356011,50.00176877856214,0.0,1.0,1.0,0.0,0.0
3209,0.07151641873356011,49.7019197339514,0.0022993055555555566,0.9940044930899203,0.9940044930899203,129.0,129.0
3210,0.09391886929589666,50.00117265087666,0.0,1.0,1.0,0.0,0.0
3211,0.09391886929589666,50.00117265087666,0.0,1.0,1.0,0.0,0.0
3212,0.2306760353120954,50.002030775743215,0.0,1.0,1.0,0.0,0.0
3213,0.2306760353120954,50.002030775743215,0.0,1.0,1.0,0.0,0.0
3214,0.2306760353120954,50.002030775743215,0.0,1.0,1.0,0.0,0.0
3215,0.2306760353120954,50.002030775743215,0.0011229166666666664,1.0,1.0,63.0,63.0
3216,0.05620169967091423,30.000907297641053,0.0,1.0,1.0,0.0,0.0
3217,0.05620169967091423,30.000907297641053,0.0,1.0,1.0,0.0,0.0
3218,0.05613331411654227,30.004444071202993,0.0,1.0,1.0,0.0,0.0
3219,0.05613331411654227,30.004444071202993,0.0,1.0,1.0,0.0,0.0
3220,0.06182897706311713,50.0077100488029,0.0,1.0,1.0,0.0,0.0
3221,0.06182897706311713,50.0077100488029,0.0,1.0,1.0,0.0,0.0
3222,0.05586954041681202,50.007544878300166,0.0,1.0,1.0,0.0,0.0
3223,0.05586954041681202,50.007544878300166,0.0,1.0,1.0,0.0,0.0
3224,0.19370620152471885,30.000960483952323,0.0,1.0,1.0,0.0,0.0
3225,0.19370620152471885,30.000960483952323,0.0,1.0,1.0,0.0,0.0
3226,0.05620169967091423,29.952379385500144,0.002946759259259258,0.998383663064249,0.998383663064249,134.0,134.0
3227,0.05620169967091423,29.955191629377982,4.6180555555555547E-4,0.9984774045268435,0.9984774045268435,21.0,21.0
3228,0.23903172905906406,50.000826531820486,0.0,1.0,1.0,0.0,0.0
3229,0.23903172905906406,50.000826531820486,0.0,1.0,1.0,0.0,0.0
3230,0.020126719170855602,49.43026386842275,0.004153009259259258,0.9885234120896167,0.9885234120896167,233.0,233.0
3232,0.03250373504204896,30.003447731122115,0.0,1.0,1.0,0.0,0.0
3233,0.03250373504204896,30.003447731122115,0.0,1.0,1.0,0.0,0.0
3234,0.06344577849719918,50.00105135506066,0.0,1.0,1.0,0.0,0.0
3235,0.06344577849719918,50.00105135506066,0.0,1.0,1.0,0.0,0.0
3236,0.19370620152471885,30.000960483952323,0.0,1.0,1.0,0.0,0.0
3237,0.19370620152471885,30.000960483952323,0.0,1.0,1.0,0.0,0.0
3238,0.045267775615004835,50.004293407185465,0.0,1.0,1.0,0.0,0.0
3239,0.045267775615004835,50.004293407185465,0.0,1.0,1.0,0.0,0.0
3240,0.03612726863417501,50.003139978096904,0.0,1.0,1.0,0.0,0.0
3241,0.03612726863417501,50.003139978096904,0.0,1.0,1.0,0.0,0.0
3242,0.1920625086051269,30.00065218807033,0.0,1.0,1.0,0.0,0.0
3243,0.1920625086051269,30.00065218807033,0.0,1.0,1.0,0.0,0.0
3244,0.045267775615004835,50.004293407185465,0.0,1.0,1.0,0.0,0.0
3245,0.045267775615004835,48.84665728126068,0.006594907407407409,0.9675920943270795,0.9768508553208255,370.0,370.0
3246,0.1920625086051269,30.00065218807033,0.0,1.0,1.0,0.0,0.0
3247,0.1920625086051269,30.00065218807033,0.0,1.0,1.0,0.0,0.0
3248,0.05586954041681202,49.59998338754202,9.090277777777775E-4,0.9918550575834205,0.9918550575834205,51.0,51.0
3249,0.05586954041681202,49.59998338754202,8.199074074074072E-4,0.9918550575834205,0.9918550575834205,46.0,46.0
3250,0.04762652385695722,50.00159984982386,0.0,1.0,1.0,0.0,0.0
3251,0.04762652385695722,50.00159984982386,0.0,1.0,1.0,0.0,0.0
3252,0.028793902475189658,48.59452908995998,0.008003009259259262,0.9617040406755493,0.9718161627021968,449.0,449.0
3253,0.028793902475189658,50.00388273549579,0.0,1.0,1.0,0.0,0.0
3254,0.03612726863417501,50.003139978096904,0.0,1.0,1.0,0.0,0.0
3255,0.03612726863417501,48.65068939190318,0.0076465277777777825,0.9619884012311349,0.9729536049245396,429.0,429.0
3256,0.19094142705312142,30.001271708765593,0.0,1.0,1.0,0.0,0.0
3258,0.04762652385695722,50.00159984982386,6.951388888888888E-4,1.0,1.0,39.0,39.0
3259,0.04762652385695722,49.704194500717094,0.0012833333333333332,0.9940532262260513,0.9940532262260513,72.0,72.0
3260,0.18194865376233446,50.001156759114814,0.0,1.0,1.0,0.0,0.0
3261,0.18194865376233446,50.001156759114814,0.0,1.0,1.0,0.0,0.0
3262,0.1705867998137888,50.001016066572184,0.0,1.0,1.0,0.0,0.0
3263,0.1705867998137888,50.001016066572184,0.0,1.0,1.0,0.0,0.0
3264,0.05456049105569395,30.00118646716026,0.0,1.0,1.0,0.0,0.0
3265,0.05456049105569395,30.00118646716026,0.0,1.0,1.0,0.0,0.0
3266,0.07890820829808384,50.00344127320927,0.0,1.0,1.0,0.0,0.0
3267,0.07890820829808384,50.00344127320927,0.0,1.0,1.0,0.0,0.0
3268,0.10106423827931604,50.00429601505466,0.0,1.0,1.0,0.0,0.0
3269,0.10106423827931604,50.00429601505466,0.0,1.0,1.0,0.0,0.0
3270,0.06615508353562681,50.001742752100895,0.0,1.0,1.0,0.0,0.0
3271,0.06615508353562681,50.001742752100895,0.0,1.0,1.0,0.0,0.0
3272,0.08716499754459338,49.193593648027786,8.199074074074072E-4,0.9710346885066746,0.9837360436800159,46.0,46.0
3273,0.08716499754459338,50.00701054351173,0.0,1.0,1.0,0.0,0.0
3274,0.1731615698349267,50.002538814930304,0.0,1.0,1.0,0.0,0.0
3275,0.1731615698349267,50.002538814930304,0.0,1.0,1.0,0.0,0.0
3276,0.031421761399433354,50.008108328010636,0.0,1.0,1.0,0.0,0.0
3277,0.031421761399433354,50.008108328010636,0.0,1.0,1.0,0.0,0.0
3278,0.035176827822183836,50.01444714054574,0.0,1.0,1.0,0.0,0.0
3279,0.035176827822183836,50.01444714054574,0.0,1.0,1.0,0.0,0.0
3280,0.09384525858466142,50.00635448561,0.0,1.0,1.0,0.0,0.0
3281,0.09384525858466142,50.00635448561,3.208333333333333E-4,1.0,1.0,18.0,18.0
3282,0.1731615698349267,49.917117811121464,3.743055555555557E-4,0.9982936956029318,0.9982936956029318,21.0,21.0
3283,0.1731615698349267,50.002538814930304,0.0,1.0,1.0,0.0,0.0
3284,0.06344577849719918,48.854680981236754,0.006594907407407409,0.9677034009930362,0.9770734686527391,370.0,370.0
3285,0.06344577849719918,50.00105135506066,0.0,1.0,1.0,0.0,0.0
3286,0.09324878774412829,50.00679813479247,0.0,1.0,1.0,0.0,0.0
3287,0.09324878774412829,49.01668104679459,0.0030479166666666684,0.9692683283428514,0.9802033233523695,171.0,171.0
3288,0.058248493304548114,30.003516368060264,0.0,1.0,1.0,0.0,0.0
3289,0.058248493304548114,30.003516368060264,0.0,1.0,1.0,0.0,0.0
3290,0.05597350916925938,50.00114963010763,0.0,1.0,1.0,0.0,0.0
3291,0.05597350916925938,50.00114963010763,0.0,1.0,1.0,0.0,0.0
3292,0.07843114100658496,30.002349125885228,9.895833333333334E-4,1.0,1.0,45.0,45.0
3293,0.07843114100658496,30.002349125885228,0.0,1.0,1.0,0.0,0.0
3294,0.07943133590939432,30.002393166910032,0.0,1.0,1.0,0.0,0.0
3295,0.07943133590939432,30.002393166910032,0.0,1.0,1.0,0.0,0.0
3296,0.06182897706311713,49.77892477532963,0.0013546296296296303,0.9954307195712037,0.9954307195712037,76.0,76.0
3297,0.06182897706311713,50.0077100488029,0.0,1.0,1.0,0.0,0.0
3298,0.10106423827931604,50.00429601505466,0.0,1.0,1.0,0.0,0.0
3299,0.10106423827931604,49.81573814883123,2.495370370370372E-4,0.9962324226880769,0.9962324226880769,14.0,14.0
3300,0.08189632143668459,50.00453819064867,0.0,1.0,1.0,0.0,0.0
3301,0.08189632143668459,50.00453819064867,0.0,1.0,1.0,0.0,0.0
3302,0.10109783102031938,49.81912335610227,0.0011407407407407408,0.9962450199659532,0.9962450199659532,64.0,64.0
3304,0.08189632143668459,50.00453819064867,1.7824074074074064E-4,1.0,1.0,10.0,10.0
3305,0.08189632143668459,50.00453819064867,0.0,1.0,1.0,0.0,0.0
3306,0.0556402991252542,28.79638713448036,0.009697916666666664,0.9431208611709808,0.9597608834874221,441.0,441.0
3307,0.0556402991252542,30.003756268860865,0.0,1.0,1.0,0.0,0.0
3308,0.06801268321965173,30.00191883234239,0.0,1.0,1.0,0.0,0.0
3309,0.06801268321965173,30.00191883234239,0.0,1.0,1.0,0.0,0.0
3310,0.10933579907335125,30.00067657500492,0.0,1.0,1.0,0.0,0.0
3312,0.060665236603523014,44.8761384985204,0.022458333333333334,0.880530073412082,0.8973408945087045,1260.0,1260.0
3314,0.06801268321965173,28.90544030225361,0.007564814814814817,0.9442943241670131,0.9634540469698573,344.0,344.0
3315,0.06801268321965173,30.00191883234239,0.0,1.0,1.0,0.0,0.0
3316,0.06648204762204002,30.003180574068452,0.0,1.0,1.0,0.0,0.0
3317,0.06648204762204002,30.003180574068452,0.0,1.0,1.0,0.0,0.0
3318,0.17495678208159973,50.003526158602654,0.0,1.0,1.0,0.0,0.0
3320,0.0034295586672287025,50.188663422859065,0.0,1.0,1.0,0.0,0.0
3321,0.0034295586672287025,50.188663422859065,0.0,1.0,1.0,0.0,0.0
3322,0.06955036899564013,45.05115650808284,0.02113935185185186,0.8810433928404398,0.9009123305866502,1186.0,1186.0
3324,0.24197145116867558,30.000593201791986,0.0,1.0,1.0,0.0,0.0
3326,0.010071278367817751,50.00910637812952,0.0,1.0,1.0,0.0,0.0
3327,0.010071278367817751,50.00910637812952,0.0,1.0,1.0,0.0,0.0
3328,0.08654379712955937,50.00123088852732,0.0,1.0,1.0,0.0,0.0
3329,0.08654379712955937,50.00123088852732,0.0,1.0,1.0,0.0,0.0
3330,0.046926855537959146,50.010858477398735,0.0,1.0,1.0,0.0,0.0
3332,0.09640859473635391,50.00301700776171,0.0,1.0,1.0,0.0,0.0
3333,0.09640859473635391,50.00301700776171,0.0,1.0,1.0,0.0,0.0
3334,0.08786161544787524,50.00028700795935,0.0,1.0,1.0,0.0,0.0
3335,0.08786161544787524,50.00028700795935,0.0,1.0,1.0,0.0,0.0
3336,0.09640859473635391,50.00301700776171,9.090277777777775E-4,1.0,1.0,51.0,51.0
3337,0.09640859473635391,50.00301700776171,0.0,1.0,1.0,0.0,0.0
3338,0.07499816055072596,30.002597842272856,0.0,1.0,1.0,0.0,0.0
3339,0.07499816055072596,30.002597842272856,0.0,1.0,1.0,0.0,0.0
3340,0.03851804336618147,46.87046670669351,0.009660648148148146,0.921827332509371,0.937309330037484,542.0,542.0
3342,0.0671036410520537,30.001627892125352,0.0,1.0,1.0,0.0,0.0
3343,0.0671036410520537,30.001627892125352,0.0,1.0,1.0,0.0,0.0
3344,0.07743950765130472,30.002392116304026,0.0,1.0,1.0,0.0,0.0
3345,0.07743950765130472,30.002392116304026,0.0,1.0,1.0,0.0,0.0
3346,0.06262744973635842,49.79502769606123,0.0017824074074074085,0.9958630662723601,0.9958630662723601,100.0,100.0
3348,0.28139696154542393,50.00143443057879,0.0,1.0,1.0,0.0,0.0
3350,0.12579971902016496,48.89196488745604,0.0049372685185185205,0.967512792243537,0.977673938893895,277.0,277.0
3352,0.04098474611406067,49.98055055774009,0.0017824074074074085,0.999318079447394,0.999318079447394,100.0,100.0
3354,0.27216788966908356,30.000134807369896,0.0,1.0,1.0,0.0,0.0
3356,0.06430979617218993,49.70700817040654,0.004063888888888889,0.9940769663135794,0.9940769663135794,228.0,228.0
3358,0.16112392590829921,30.001351674246262,0.0,1.0,1.0,0.0,0.0
3359,0.16112392590829921,30.001351674246262,0.0,1.0,1.0,0.0,0.0
3360,0.16112392590829921,30.001351674246262,0.002374999999999999,1.0,1.0,108.0,108.0
3361,0.16112392590829921,30.001351674246262,0.0,1.0,1.0,0.0,0.0
3362,0.18002433609638216,30.001278119941478,0.0,1.0,1.0,0.0,0.0
3364,0.09681240197894268,46.53910004852322,0.010801388888888886,0.9197047221861596,0.9307171711363825,606.0,606.0
3366,0.06648204762204002,29.225681608576906,0.006619212962962963,0.954344480372458,0.9740888896469284,301.0,301.0
3367,0.06648204762204002,30.003180574068452,0.0,1.0,1.0,0.0,0.0
3368,0.0671036410520537,30.001627892125352,2.4189814814814807E-4,1.0,1.0,11.0,11.0
3369,0.0671036410520537,29.293900867224124,0.006113425925925925,0.9668242710921754,0.9764119253715655,278.0,278.0
3370,0.08654379712955937,50.00123088852732,0.0,1.0,1.0,0.0,0.0
3371,0.08654379712955937,48.457390538757004,0.003618287037037037,0.9610310546862583,0.9691242187450331,203.0,203.0
3372,0.06477093288212142,50.0054382105162,0.0,1.0,1.0,0.0,0.0
3373,0.06477093288212142,50.0054382105162,0.0,1.0,1.0,0.0,0.0
3374,0.22434542020183704,50.00269395286115,0.0,1.0,1.0,0.0,0.0
3376,0.1556830795310211,28.77206917817638,0.008664351851851848,0.943018374767456,0.9590197757398847,394.0,394.0
3378,0.08051487473394209,44.800923690003685,0.02019467592592592,0.8802346768516077,0.8960076323955295,1133.0,1133.0
3380,0.07499816055072596,30.002597842272856,0.0011874999999999995,1.0,1.0,54.0,54.0
3381,0.07499816055072596,30.002597842272856,0.0,1.0,1.0,0.0,0.0
3382,0.043146298441040135,50.00858801923519,0.0,1.0,1.0,0.0,0.0
3383,0.043146298441040135,50.00858801923519,0.0,1.0,1.0,0.0,0.0
3384,0.0628770677549046,28.143131721563574,0.01086342592592592,0.9220184754884062,0.9380739019536252,494.0,494.0
3386,0.043146298441040135,50.00858801923519,0.001301157407407408,1.0,1.0,73.0,73.0
3387,0.043146298441040135,50.00858801923519,0.0,1.0,1.0,0.0,0.0
3388,0.08509752730511747,29.662038615962455,0.005365740740740739,0.9808987100532727,0.9886693333296748,244.0,244.0
3390,0.07497859322708163,30.00143777008935,5.277777777777775E-4,1.0,1.0,24.0,24.0
3391,0.07497859322708163,30.00143777008935,0.0,1.0,1.0,0.0,0.0
3392,0.07013296006395069,30.003405374952173,0.0,1.0,1.0,0.0,0.0
3393,0.07013296006395069,30.003405374952173,0.0,1.0,1.0,0.0,0.0
3394,0.09264602504600851,28.778816639656494,0.008840277777777778,0.9430407227604077,0.9592492927155326,402.0,402.0
3396,0.028485179192311517,29.776512871611885,8.356481481481481E-4,0.9924876493269262,0.9924876493269262,38.0,38.0
3398,0.03145579513731477,30.005527952923472,0.0,1.0,1.0,0.0,0.0
3399,0.03145579513731477,30.005527952923472,0.0,1.0,1.0,0.0,0.0
3400,0.06112128922351356,49.70515611877383,0.0025310185185185197,0.9939435110673474,0.9939435110673474,142.0,142.0
3401,0.06112128922351356,50.00832754651109,0.0,1.0,1.0,0.0,0.0
3402,0.050200989970509896,50.006520169849374,0.0,1.0,1.0,0.0,0.0
3403,0.050200989970509896,49.80545228666644,0.001461574074074075,0.9959840758112157,0.9959840758112157,82.0,82.0
3404,0.13927399070206997,48.839766445332,0.00279837962962963,0.9629314535214267,0.976725814085707,157.0,157.0
3405,0.13927399070206997,49.81933319001427,7.486111111111114E-4,0.9963171489793524,0.9963171489793524,42.0,42.0
3406,0.16856836662644406,50.00380025174675,0.0,1.0,1.0,0.0,0.0
3407,0.16856836662644406,49.86454396764045,0.0021567129629629627,0.9972180411943296,0.9972180411943296,121.0,121.0
3408,0.0030122535494603708,50.20422582433952,0.0,1.0,1.0,0.0,0.0
3409,0.0030122535494603708,50.20422582433952,0.0,1.0,1.0,0.0,0.0
3410,0.019238190629364712,50.00540524600214,0.0,1.0,1.0,0.0,0.0
3411,0.019238190629364712,50.00540524600214,0.0,1.0,1.0,0.0,0.0
3412,0.25152417319415016,50.00204448058648,0.0,1.0,1.0,0.0,0.0
3413,0.25152417319415016,50.00204448058648,0.0,1.0,1.0,0.0,0.0
3414,0.013605671379436888,50.03106942387416,0.0,1.0,1.0,0.0,0.0
3415,0.013605671379436888,50.03106942387416,0.0,1.0,1.0,0.0,0.0
3416,0.015981596383684193,50.029345201098344,0.0,1.0,1.0,0.0,0.0
3417,0.015981596383684193,50.029345201098344,0.0,1.0,1.0,0.0,0.0
3418,0.01923819062936471,50.005405246002134,0.0,1.0,1.0,0.0,0.0
3419,0.01923819062936471,49.36471099128773,8.912037037037043E-4,0.9871906192773804,0.9871906192773804,50.0,50.0
3420,0.022230479628801585,49.60175767176353,8.912037037037043E-4,0.9916790527765357,0.9916790527765357,50.0,50.0
3422,0.2515241731941501,50.00204448058647,0.0,1.0,1.0,0.0,0.0
3423,0.2515241731941501,50.00204448058647,0.0,1.0,1.0,0.0,0.0
3424,0.015981596383684193,50.029345201098344,0.0,1.0,1.0,0.0,0.0
3425,0.015981596383684193,50.029345201098344,0.0,1.0,1.0,0.0,0.0
3426,0.021156927600012466,50.00980916614897,0.0,1.0,1.0,0.0,0.0
3428,0.030847653809725095,50.00069955651073,0.0,1.0,1.0,0.0,0.0
3429,0.030847653809725095,50.00069955651073,0.0,1.0,1.0,0.0,0.0
3430,0.01054881751104803,50.033917048449155,0.0,1.0,1.0,0.0,0.0
3431,0.01054881751104803,50.033917048449155,0.0,1.0,1.0,0.0,0.0
3432,0.024939209911216006,50.017356925001465,0.0,1.0,1.0,0.0,0.0
3434,0.021422551678296233,50.01373932676164,0.0,1.0,1.0,0.0,0.0
3435,0.021422551678296233,50.01373932676164,0.0,1.0,1.0,0.0,0.0
3436,0.02213080529943224,50.013119320750825,0.0,1.0,1.0,0.0,0.0
3438,0.07553721966310672,50.006250604484045,0.0,1.0,1.0,0.0,0.0
3439,0.07553721966310672,50.006250604484045,0.0,1.0,1.0,0.0,0.0
3440,0.010894252735212277,50.02462990658699,0.0,1.0,1.0,0.0,0.0
3441,0.010894252735212277,50.02462990658699,0.0,1.0,1.0,0.0,0.0
3442,0.14216952780631267,49.221768180042616,0.028465046296296287,0.9710131650519618,0.984416286541372,1597.0,1597.0
3443,0.14216952780631267,50.00100626247808,0.0,1.0,1.0,0.0,0.0
3444,0.05289861812886313,50.00919781090002,0.0,1.0,1.0,0.0,0.0
3446,0.05290843263128493,50.00534457144283,0.0,1.0,1.0,0.0,0.0
3448,0.020338048777674474,50.01159535493723,0.0,1.0,1.0,0.0,0.0
3449,0.020338048777674474,50.01159535493723,0.0,1.0,1.0,0.0,0.0
3450,0.04726100780064882,50.01164846629504,0.0,1.0,1.0,0.0,0.0
3451,0.04726100780064882,50.01164846629504,0.0,1.0,1.0,0.0,0.0
3452,0.1715788265657081,30.00066907749523,0.0,1.0,1.0,0.0,0.0
3454,0.07507789350998376,27.899643972440053,0.02073726851851851,0.9194378378161037,0.9298510373031142,943.0,943.0
3456,0.05077373352269707,29.522961986328887,0.0018692129629629638,0.9711493318215438,0.9839653303097542,85.0,85.0
3458,0.163526358998531,50.00381316526897,0.0,1.0,1.0,0.0,0.0
3459,0.163526358998531,50.00381316526897,0.0,1.0,1.0,0.0,0.0
3460,0.1375184646516523,50.00166374567703,0.0,1.0,1.0,0.0,0.0
3461,0.1375184646516523,50.00166374567703,0.0,1.0,1.0,0.0,0.0
3462,0.05893383322396641,50.00278095835,0.0,1.0,1.0,0.0,0.0
3463,0.05893383322396641,50.00278095835,0.0,1.0,1.0,0.0,0.0
3464,0.0854906742231494,50.00266892011987,0.0,1.0,1.0,0.0,0.0
3465,0.0854906742231494,50.00266892011987,0.0,1.0,1.0,0.0,0.0
3466,0.27279874047893854,49.963899756399336,0.0023527777777777774,0.9992531444051741,0.9992531444051741,132.0,132.0
3467,0.27279874047893854,49.889106150295824,0.019143055555555552,0.9977594332155224,0.9977594332155224,1074.0,1074.0
3468,0.07313307637215156,50.00552230574466,0.0,1.0,1.0,0.0,0.0
3469,0.07313307637215156,49.686476655616865,0.0186261574074074,0.9936248393992614,0.9936248393992614,1045.0,1045.0
3470,0.163526358998531,50.00381316526897,0.0,1.0,1.0,0.0,0.0
3471,0.163526358998531,50.00381316526897,0.0,1.0,1.0,0.0,0.0
3472,0.049796405154596164,50.00475831423883,0.0,1.0,1.0,0.0,0.0
3473,0.049796405154596164,50.00475831423883,0.0,1.0,1.0,0.0,0.0
3474,0.10283714469804985,50.00185317571305,0.0,1.0,1.0,0.0,0.0
3475,0.10283714469804985,50.00185317571305,0.0,1.0,1.0,0.0,0.0
3476,0.016041433068008332,49.13459870586659,0.0038321759259259264,0.9818754966252101,0.9818754966252101,215.0,215.0
3477,0.016041433068008332,50.04259882567591,0.0,1.0,1.0,0.0,0.0
3478,0.1375184646516523,50.00166374567703,4.990740740740744E-4,1.0,1.0,28.0,28.0
3479,0.1375184646516523,50.00166374567703,0.0,1.0,1.0,0.0,0.0
3480,0.050167694527718035,50.0010244462306,0.0,1.0,1.0,0.0,0.0
3481,0.050167694527718035,50.0010244462306,0.0,1.0,1.0,0.0,0.0
3482,0.1581412201464761,50.00073709180696,0.0,1.0,1.0,0.0,0.0
3483,0.1581412201464761,50.00073709180696,0.0,1.0,1.0,0.0,0.0
3484,0.13673867902160053,50.00093900231202,0.0,1.0,1.0,0.0,0.0
3485,0.13673867902160053,50.00093900231202,0.0,1.0,1.0,0.0,0.0
3486,0.08198862718571737,49.95779700860999,0.0011585648148148152,0.9991265298473087,0.9991265298473087,65.0,65.0
3487,0.08198862718571737,50.00153445173345,0.0,1.0,1.0,0.0,0.0
3488,0.05893383322396641,50.00278095835,2.1388888888888898E-4,1.0,1.0,12.0,12.0
3489,0.05893383322396641,50.00278095835,6.951388888888888E-4,1.0,1.0,39.0,39.0
3490,0.13673867902160053,50.00093900231202,0.0,1.0,1.0,0.0,0.0
3491,0.13673867902160053,50.00093900231202,0.0,1.0,1.0,0.0,0.0
3492,0.00959677243769602,50.07011706624011,0.0,1.0,1.0,0.0,0.0
3493,0.00959677243769602,50.07011706624011,0.0,1.0,1.0,0.0,0.0
3494,0.07523183724515389,49.80358738160539,0.0015328703703703698,0.9959492519559103,0.9959492519559103,86.0,86.0
3495,0.07523183724515389,50.00639107875813,0.0,1.0,1.0,0.0,0.0
3496,0.2523518203469259,50.00366321273301,0.0,1.0,1.0,0.0,0.0
3497,0.2523518203469259,50.00366321273301,0.0,1.0,1.0,0.0,0.0
3498,0.026309245711778742,50.00701402450026,0.0,1.0,1.0,0.0,0.0
3499,0.026309245711778742,50.00701402450026,0.0,1.0,1.0,0.0,0.0
3500,0.050203093915545983,50.00861596457265,0.0,1.0,1.0,0.0,0.0
3501,0.050203093915545983,50.00861596457265,0.0,1.0,1.0,0.0,0.0
3502,0.10968437109524555,50.00173938747423,0.0,1.0,1.0,0.0,0.0
3503,0.10968437109524555,50.00173938747423,0.0,1.0,1.0,0.0,0.0
3504,0.19669092390125628,30.0011577851251,0.0,1.0,1.0,0.0,0.0
3506,0.05920267429387417,29.86024326451419,0.0025509259259259244,0.9952981505125886,0.9952981505125886,116.0,116.0
3508,0.08039205988072294,30.000146736871834,0.0,1.0,1.0,0.0,0.0
3510,0.06137682114089137,29.90113004149518,0.0032766203703703716,0.9966758987080188,0.9966758987080188,149.0,149.0
3512,0.08039281526161353,50.00244211157718,0.0,1.0,1.0,0.0,0.0
3513,0.08039281526161353,50.00244211157718,0.0,1.0,1.0,0.0,0.0
3514,0.06456942565941508,50.01074276546779,0.0,1.0,1.0,0.0,0.0
3515,0.06456942565941508,50.01074276546779,0.0,1.0,1.0,0.0,0.0
3516,0.1331933386829463,49.924163999326886,0.002655787037037037,0.9982913349382172,0.9982913349382172,149.0,149.0
3518,0.148637008140844,30.00074171938991,0.0,1.0,1.0,0.0,0.0
3519,0.148637008140844,30.00074171938991,0.0,1.0,1.0,0.0,0.0
3520,0.14652092155204596,30.00087120847261,0.0,1.0,1.0,0.0,0.0
3521,0.14652092155204596,30.00087120847261,0.0,1.0,1.0,0.0,0.0
3522,0.13964322459664646,30.000334698808096,0.0,1.0,1.0,0.0,0.0
3523,0.13964322459664646,30.000334698808096,0.0,1.0,1.0,0.0,0.0
3524,0.06186026347901977,30.00093608035446,0.0,1.0,1.0,0.0,0.0
3525,0.06186026347901977,30.00093608035446,0.0,1.0,1.0,0.0,0.0
3526,0.14652092155204596,30.00087120847261,0.0,1.0,1.0,0.0,0.0
3527,0.14652092155204596,27.52373309830778,0.01726273148148148,0.901273557850697,0.9174314521876492,785.0,785.0
3528,0.04854416866572639,45.01927761300645,0.04452453703703702,0.8813140909053135,0.9003399149382241,2498.0,2498.0
3530,0.09287563255873993,50.00781890688958,0.0,1.0,1.0,0.0,0.0
3531,0.09287563255873993,50.00781890688958,0.0,1.0,1.0,0.0,0.0
3532,0.148637008140844,28.281718136581553,0.011435185185185184,0.9231752541741429,0.9427010166965718,520.0,520.0
3533,0.148637008140844,30.00074171938991,0.0,1.0,1.0,0.0,0.0
3534,0.28652249862710716,50.00392646197333,0.0,1.0,1.0,0.0,0.0
3535,0.28652249862710716,50.00392646197333,0.0,1.0,1.0,0.0,0.0
3536,0.13964322459664646,30.000334698808096,3.51851851851852E-4,1.0,1.0,16.0,16.0
3537,0.13964322459664646,30.000334698808096,0.0,1.0,1.0,0.0,0.0
3538,0.060805844424650195,44.99788692454972,0.030283101851851853,0.88117248074696,0.8999535321399702,1699.0,1699.0
3540,0.14740726631308668,50.00152254095091,0.0,1.0,1.0,0.0,0.0
3542,0.056849486114404726,30.00412696259449,0.0,1.0,1.0,0.0,0.0
3543,0.056849486114404726,30.00412696259449,0.0,1.0,1.0,0.0,0.0
3544,0.06186026347901977,29.088371085581255,0.004793981481481481,0.9611456167381242,0.9695824669524965,218.0,218.0
3545,0.06186026347901977,30.00093608035446,0.0,1.0,1.0,0.0,0.0
3546,0.056849486114404726,29.438983932213556,0.0032766203703703716,0.969750482106564,0.9811676308797945,149.0,149.0
3547,0.056849486114404726,30.00412696259449,0.0,1.0,1.0,0.0,0.0
3548,0.06467147669927581,30.002231458426923,0.0,1.0,1.0,0.0,0.0
3549,0.06467147669927581,30.002231458426923,0.0,1.0,1.0,0.0,0.0
3550,0.15329563144500083,50.00129321391709,0.0,1.0,1.0,0.0,0.0
3552,0.06467147669927581,29.88123336156728,0.0032766203703703716,0.9959698293524937,0.9959698293524937,149.0,149.0
3553,0.06467147669927581,30.002231458426923,0.0,1.0,1.0,0.0,0.0
3554,0.06533982573883935,50.00496867768318,0.0,1.0,1.0,0.0,0.0
3556,0.06100749343890883,44.947674375082876,0.028251157407407416,0.8809159222233391,0.8988447200311571,1585.0,1585.0
3558,0.09210897785699265,50.00638218747904,0.0,1.0,1.0,0.0,0.0
3560,0.06673178611275912,50.007166945448134,8.020833333333331E-4,1.0,1.0,45.0,45.0
3562,0.06456942565941508,50.01074276546779,0.0,1.0,1.0,0.0,0.0
3563,0.06456942565941508,50.01074276546779,0.0,1.0,1.0,0.0,0.0
3564,0.10320202671164215,48.4631797730661,0.0033509259259259273,0.9610482953513115,0.9691931814052462,188.0,188.0
3565,0.10320202671164215,50.00367377683873,0.0,1.0,1.0,0.0,0.0
3566,0.08039281526161353,50.00244211157718,0.0,1.0,1.0,0.0,0.0
3567,0.08039281526161353,50.00244211157718,0.0,1.0,1.0,0.0,0.0
3568,0.061849913839885834,50.002176021466205,0.0,1.0,1.0,0.0,0.0
3570,0.0940256989733575,50.006281031775295,0.0,1.0,1.0,0.0,0.0
3571,0.0940256989733575,50.006281031775295,0.0,1.0,1.0,0.0,0.0
3572,0.10860557287462538,28.155395656705668,0.01073148148148148,0.9221164036788457,0.9384656147153828,488.0,488.0
3574,0.07743950765130472,29.427747961412337,0.006135416666666663,0.969222976469859,0.9808493478166381,279.0,279.0
3575,0.07743950765130472,30.002392116304026,0.0,1.0,1.0,0.0,0.0
3576,0.08419045975588421,30.002539608115537,0.0,1.0,1.0,0.0,0.0
3577,0.08419045975588421,30.002539608115537,0.0,1.0,1.0,0.0,0.0
3578,0.3338537603322838,30.00033790615101,0.0,1.0,1.0,0.0,0.0
3580,0.11600039602821245,50.00017070181571,5.525462962962964E-4,1.0,1.0,31.0,31.0
3582,0.1023825627908976,49.880833032803544,4.812499999999999E-4,0.99754509578494,0.99754509578494,27.0,27.0
3584,0.08419045975588421,29.822324901560997,0.00272685185185185,0.993997252156716,0.993997252156716,124.0,124.0
3585,0.08419045975588421,30.002539608115537,0.0,1.0,1.0,0.0,0.0
3586,0.047440310350161816,30.004412730249918,0.0,1.0,1.0,0.0,0.0
3587,0.047440310350161816,30.004412730249918,0.0,1.0,1.0,0.0,0.0
3588,0.05666547331640099,30.003780546998613,0.0,1.0,1.0,0.0,0.0
3589,0.05666547331640099,30.003780546998613,0.0,1.0,1.0,0.0,0.0
3590,0.3598780091507345,30.000250849661782,0.0,1.0,1.0,0.0,0.0
3592,0.12129535651087911,50.00152106254034,0.0010694444444444443,1.0,1.0,60.0,60.0
3594,0.047440310350161816,29.94023662524355,0.0017152777777777772,0.9978669252918015,0.9978669252918015,78.0,78.0
3595,0.047440310350161816,30.004412730249918,0.0,1.0,1.0,0.0,0.0
3596,0.027333293784839136,30.009105710710855,0.0,1.0,1.0,0.0,0.0
3597,0.027333293784839136,30.009105710710855,0.0,1.0,1.0,0.0,0.0
3598,0.18963374953711556,30.000065843452983,0.0,1.0,1.0,0.0,0.0
3599,0.18963374953711556,30.000065843452983,0.0,1.0,1.0,0.0,0.0
3600,0.18963374953711556,30.000065843452983,0.0013194444444444451,1.0,1.0,60.0,60.0
3601,0.18963374953711556,30.000065843452983,0.0,1.0,1.0,0.0,0.0
3602,0.06618837945389468,30.002287337449115,0.0,1.0,1.0,0.0,0.0
3603,0.06618837945389468,30.002287337449115,0.0,1.0,1.0,0.0,0.0
3604,0.06618837945389468,30.002287337449115,0.0,1.0,1.0,0.0,0.0
3605,0.06618837945389468,30.002287337449115,0.0,1.0,1.0,0.0,0.0
3606,0.08163336561849462,29.974511854612913,0.001891203703703704,0.9991500161425806,0.9991500161425806,86.0,86.0
3608,0.004992185420396259,50.06091229366723,0.0,1.0,1.0,0.0,0.0
3610,0.0031142591755209583,50.050593892301116,0.0,1.0,1.0,0.0,0.0
3611,0.0031142591755209583,50.050593892301116,0.0,1.0,1.0,0.0,0.0
3612,0.029602901768899265,50.00959472925263,0.0,1.0,1.0,0.0,0.0
3614,0.08114239673463268,50.00216163037961,0.0,1.0,1.0,0.0,0.0
3615,0.08114239673463268,50.00216163037961,0.0,1.0,1.0,0.0,0.0
3616,0.029731283032778992,50.01524248504877,0.0,1.0,1.0,0.0,0.0
3617,0.029731283032778992,50.01524248504877,0.0,1.0,1.0,0.0,0.0
3618,0.01000597997586899,50.02989987934495,0.0,1.0,1.0,0.0,0.0
3619,0.01000597997586899,50.02989987934495,0.0,1.0,1.0,0.0,0.0
3620,0.09343692208139379,50.003407089790045,0.0,1.0,1.0,0.0,0.0
3622,0.01000597997586899,45.166306206584615,0.02554189814814815,0.8869057964661379,0.9027966471016253,1433.0,1433.0
3623,0.01000597997586899,50.02989987934495,0.0,1.0,1.0,0.0,0.0
3624,0.05070795921302318,50.01332963476259,0.0,1.0,1.0,0.0,0.0
3625,0.05070795921302318,50.01332963476259,0.0,1.0,1.0,0.0,0.0
3626,0.04864628482173699,50.007602900700505,0.0,1.0,1.0,0.0,0.0
3627,0.04864628482173699,50.007602900700505,0.0,1.0,1.0,0.0,0.0
3628,0.3954788622224091,50.00083950272785,0.0,1.0,1.0,0.0,0.0
3629,0.3954788622224091,50.00083950272785,0.0,1.0,1.0,0.0,0.0
3630,0.5176672151543632,50.00005297691854,0.0,1.0,1.0,0.0,0.0
3631,0.5176672151543632,50.00005297691854,0.0,1.0,1.0,0.0,0.0
3632,0.3763397923349062,50.000858149013226,0.0,1.0,1.0,0.0,0.0
3633,0.3763397923349062,50.000858149013226,0.0,1.0,1.0,0.0,0.0
3634,0.054407075517893574,50.00394992709137,0.0,1.0,1.0,0.0,0.0
3636,0.1142539647243369,50.00173510911899,0.0,1.0,1.0,0.0,0.0
3637,0.1142539647243369,50.00173510911899,0.0,1.0,1.0,0.0,0.0
3638,0.014698976015633096,49.03386673041084,0.0028696759259259257,0.980381797356783,0.980381797356783,161.0,161.0
3640,0.2115973383216715,50.000027434067434,0.0,1.0,1.0,0.0,0.0
3641,0.2115973383216715,50.000027434067434,0.0,1.0,1.0,0.0,0.0
3642,0.08461751086104136,50.00378186141643,0.0,1.0,1.0,0.0,0.0
3643,0.08461751086104136,50.00378186141643,0.0,1.0,1.0,0.0,0.0
3644,0.018923523514075676,50.018123825750685,0.0,1.0,1.0,0.0,0.0
3646,0.1142539647243369,49.61469526230853,0.008199074074074072,0.9922606489880567,0.9922606489880567,460.0,460.0
3647,0.1142539647243369,50.00173510911899,0.0,1.0,1.0,0.0,0.0
3648,0.5665768600219959,50.001880174524054,0.0,1.0,1.0,0.0,0.0
3649,0.5665768600219959,50.001880174524054,0.0,1.0,1.0,0.0,0.0
3650,0.08461751086104136,49.506869279168605,0.005329398148148152,0.9900648999062238,0.9900648999062238,299.0,299.0
3651,0.08461751086104136,50.00378186141643,0.0,1.0,1.0,0.0,0.0
3652,0.061127441535917065,48.77084453680823,0.015025694444444437,0.9625946529284016,0.9753786117136065,843.0,843.0
3653,0.061127441535917065,50.00199716639433,0.0,1.0,1.0,0.0,0.0
3654,0.0478318926141475,50.01301580334911,0.0,1.0,1.0,0.0,0.0
3655,0.0478318926141475,50.01301580334911,0.0,1.0,1.0,0.0,0.0
3656,0.10145841556642873,50.00004052555009,0.0,1.0,1.0,0.0,0.0
3657,0.10145841556642873,50.00004052555009,0.0,1.0,1.0,0.0,0.0
3658,0.04934271858528703,50.00951207968281,0.0,1.0,1.0,0.0,0.0
3659,0.04934271858528703,50.00951207968281,0.0,1.0,1.0,0.0,0.0
3660,0.1418610325639212,49.893067377234466,2.317129629629629E-4,0.9977670293880748,0.9977670293880748,13.0,13.0
3662,0.048529917215476004,49.7386510579708,0.0018002314814814819,0.9947307712449404,0.9947307712449404,101.0,101.0
3663,0.048529917215476004,50.00220434336394,2.317129629629629E-4,1.0,1.0,13.0,13.0
3664,0.05491970284296637,50.002764348679555,0.0,1.0,1.0,0.0,0.0
3665,0.05491970284296637,50.002764348679555,0.0,1.0,1.0,0.0,0.0
3666,0.1638214032741335,50.0005978623892,0.0,1.0,1.0,0.0,0.0
3667,0.1638214032741335,50.0005978623892,0.0,1.0,1.0,0.0,0.0
3668,0.10145841556642873,49.24531919547143,0.0025666666666666663,0.9782625387106223,0.9849056071697186,144.0,144.0
3669,0.10145841556642873,50.00004052555009,0.0,1.0,1.0,0.0,0.0
3670,0.05263655607219834,50.010979641043555,0.0,1.0,1.0,0.0,0.0
3671,0.05263655607219834,50.010979641043555,0.0,1.0,1.0,0.0,0.0
3672,0.07553695911389492,50.006078118797674,0.0,1.0,1.0,0.0,0.0
3673,0.07553695911389492,50.006078118797674,0.0,1.0,1.0,0.0,0.0
3674,0.09379256752907514,50.000480246508296,0.0,1.0,1.0,0.0,0.0
3675,0.09379256752907514,50.000480246508296,0.0,1.0,1.0,0.0,0.0
3676,0.05608072625705649,30.003063534760493,0.0,1.0,1.0,0.0,0.0
3677,0.05608072625705649,30.003063534760493,0.0,1.0,1.0,0.0,0.0
3678,0.058248493304548114,29.649423603342978,0.001341435185185185,0.9732675625103093,0.9882017916872853,61.0,61.0
3679,0.058248493304548114,30.003516368060264,0.0,1.0,1.0,0.0,0.0
3680,0.0940185023898248,30.00058576523394,0.0,1.0,1.0,0.0,0.0
3681,0.0940185023898248,30.00058576523394,0.0,1.0,1.0,0.0,0.0
3682,0.04934271858528703,49.75808856833029,0.0018002314814814819,0.9949794565060186,0.9949794565060186,101.0,101.0
3683,0.04934271858528703,50.00951207968281,0.0,1.0,1.0,0.0,0.0
3684,0.06753675554558165,50.00664746279185,0.0,1.0,1.0,0.0,0.0
3685,0.06753675554558165,50.00664746279185,0.0,1.0,1.0,0.0,0.0
3686,0.03822591744995622,50.00483387348925,0.0,1.0,1.0,0.0,0.0
3687,0.03822591744995622,49.83259500125834,0.0012120370370370375,0.9965592507832896,0.9965592507832896,68.0,68.0
3688,0.06753675554558165,50.00664746279185,1.0694444444444449E-4,1.0,1.0,6.0,6.0
3689,0.06753675554558165,49.94913981820964,3.921296296296298E-4,0.9988553866606823,0.9988553866606823,22.0,22.0
3690,0.07553695911389492,50.006078118797674,0.0,1.0,1.0,0.0,0.0
3691,0.07553695911389492,50.006078118797674,0.0,1.0,1.0,0.0,0.0
3692,0.02891702815357975,50.000625049417444,0.0,1.0,1.0,0.0,0.0
3693,0.02891702815357975,50.000625049417444,0.0,1.0,1.0,0.0,0.0
3694,0.09655933776211159,49.98767229108427,6.416666666666666E-4,0.9997159066599526,0.9997159066599526,36.0,36.0
3695,0.09655933776211159,50.00195856495998,0.0,1.0,1.0,0.0,0.0
3696,0.05456049105569395,29.941252549314108,4.8379629629629613E-4,0.9980030266739895,0.9980030266739895,22.0,22.0
3697,0.05456049105569395,29.960738438976858,1.5393518518518512E-4,0.9986525563294145,0.9986525563294145,7.0,7.0
3698,0.09479296876579767,30.00041209291179,0.0,1.0,1.0,0.0,0.0
3699,0.09479296876579767,30.00041209291179,0.0,1.0,1.0,0.0,0.0
3700,0.05459504060572012,30.001854095648362,0.0,1.0,1.0,0.0,0.0
3701,0.05459504060572012,30.001854095648362,0.0,1.0,1.0,0.0,0.0
3702,0.060040529715757074,30.00359619332669,0.0,1.0,1.0,0.0,0.0
3703,0.060040529715757074,30.00359619332669,0.0,1.0,1.0,0.0,0.0
3704,0.0940185023898248,29.96318920172797,6.817129629629625E-4,0.9987538546645468,0.9987538546645468,31.0,31.0
3705,0.0940185023898248,30.00058576523394,0.0,1.0,1.0,0.0,0.0
3706,0.05459504060572012,30.001854095648362,1.75925925925926E-4,1.0,1.0,8.0,8.0
3707,0.05459504060572012,29.9617623322884,3.0787037037037024E-4,0.9986648954544238,0.9986648954544238,14.0,14.0
3708,0.07943133590939432,30.002393166910032,3.298611111111113E-4,1.0,1.0,15.0,15.0
3709,0.07943133590939432,30.002393166910032,0.0,1.0,1.0,0.0,0.0
3710,0.05608072625705649,30.003063534760493,6.597222222222226E-4,1.0,1.0,30.0,30.0
3711,0.05608072625705649,30.003063534760493,0.0,1.0,1.0,0.0,0.0
3712,0.09479296876579767,30.00041209291179,0.0,1.0,1.0,0.0,0.0
3713,0.09479296876579767,30.00041209291179,0.0,1.0,1.0,0.0,0.0
3714,0.0478318926141475,48.60638332331249,0.01245902777777778,0.9617195492255146,0.9718781969020586,699.0,699.0
3715,0.0478318926141475,50.01301580334911,0.0,1.0,1.0,0.0,0.0
3716,0.1239902800295857,50.00168120382083,0.0,1.0,1.0,0.0,0.0
3717,0.1239902800295857,48.738827663409566,0.008822916666666665,0.9624360825487397,0.9747443301949588,495.0,495.0
3718,0.04256643523566132,50.01278291396238,0.0,1.0,1.0,0.0,0.0
3719,0.04256643523566132,50.01278291396238,0.0,1.0,1.0,0.0,0.0
3720,0.014818140103427944,50.042499411201305,0.0,1.0,1.0,0.0,0.0
3721,0.014818140103427944,50.042499411201305,0.0,1.0,1.0,0.0,0.0
3722,0.14905471742720883,49.95342679466695,0.0013902777777777776,0.9989846199043902,0.9989846199043902,78.0,78.0
3723,0.14905471742720883,50.00437822551037,0.0,1.0,1.0,0.0,0.0
3724,0.09379256752907514,50.000480246508296,0.0,1.0,1.0,0.0,0.0
3725,0.09379256752907514,49.945345788379335,8.912037037037032E-5,0.9988976109914884,0.9988976109914884,5.0,5.0
3726,0.036639544575941,50.00089479658363,0.0,1.0,1.0,0.0,0.0
3728,0.07890820829808384,50.00344127320927,2.495370370370372E-4,1.0,1.0,14.0,14.0
3729,0.07890820829808384,49.94805551707679,2.6736111111111107E-4,0.9988937187411876,0.9988937187411876,15.0,15.0
3730,0.03819811819547761,49.917995369090065,4.099537037037036E-4,0.9982657257644054,0.9982657257644054,23.0,23.0
3732,0.05162145838404199,50.01002426871667,0.0,1.0,1.0,0.0,0.0
3733,0.05162145838404199,50.01002426871667,0.0,1.0,1.0,0.0,0.0
3734,0.05162145838404199,50.01002426871667,0.0,1.0,1.0,0.0,0.0
3735,0.05162145838404199,50.01002426871667,3.386574074074076E-4,1.0,1.0,19.0,19.0
3736,0.006967745164838064,50.067629926980096,0.0,1.0,1.0,0.0,0.0
3737,0.006967745164838064,50.067629926980096,0.0,1.0,1.0,0.0,0.0
3738,0.04256643523566132,48.51222823250244,0.00363611111111111,0.9612498896997758,0.969999558799103,204.0,204.0
3739,0.04256643523566132,50.01278291396238,0.0,1.0,1.0,0.0,0.0
3740,0.042325624270779655,50.007301402955946,0.0,1.0,1.0,0.0,0.0
3741,0.042325624270779655,50.007301402955946,0.0,1.0,1.0,0.0,0.0
3742,0.0334329035369986,50.003511729619845,0.0,1.0,1.0,0.0,0.0
3743,0.0334329035369986,50.003511729619845,0.0,1.0,1.0,0.0,0.0
3744,0.0334329035369986,50.003511729619845,0.0,1.0,1.0,0.0,0.0
3745,0.0334329035369986,50.003511729619845,0.0013724537037037047,1.0,1.0,77.0,77.0
3746,0.046361816695015164,50.000760965265,0.0,1.0,1.0,0.0,0.0
3747,0.046361816695015164,50.000760965265,0.0,1.0,1.0,0.0,0.0
3748,0.0834786182599184,50.003831237222336,0.0,1.0,1.0,0.0,0.0
3749,0.0834786182599184,50.003831237222336,0.0,1.0,1.0,0.0,0.0
3750,0.015986878135248975,50.00239903292468,0.0,1.0,1.0,0.0,0.0
3751,0.015986878135248975,50.00239903292468,0.0,1.0,1.0,0.0,0.0
3752,0.015986878135248975,50.00239903292468,0.0,1.0,1.0,0.0,0.0
3753,0.015986878135248975,50.00239903292468,7.12962962962963E-5,1.0,1.0,4.0,4.0
3754,0.05263655607219834,49.92853966679152,7.12962962962963E-5,0.9983580627906116,0.9983580627906116,4.0,4.0
3755,0.05263655607219834,50.010979641043555,0.0,1.0,1.0,0.0,0.0
3756,0.062289089668483726,50.00908180342137,0.0,1.0,1.0,0.0,0.0
3757,0.062289089668483726,50.00908180342137,0.0,1.0,1.0,0.0,0.0
3758,0.042325624270779655,50.007301402955946,0.0,1.0,1.0,0.0,0.0
3759,0.042325624270779655,50.007301402955946,8.199074074074072E-4,1.0,1.0,46.0,46.0
3760,0.046361816695015164,48.376780857548006,0.003261805555555558,0.9505273457801185,0.9675211905178112,183.0,183.0
3761,0.046361816695015164,50.000760965265,0.0,1.0,1.0,0.0,0.0
3762,0.07169760756196845,50.002205971151966,0.0,1.0,1.0,0.0,0.0
3763,0.07169760756196845,50.002205971151966,0.0,1.0,1.0,0.0,0.0
3764,0.07350199137392346,47.37998819098141,0.008858564814814819,0.9297055898121834,0.947574363642033,497.0,497.0
3766,0.0834786182599184,50.003831237222336,0.0,1.0,1.0,0.0,0.0
3767,0.0834786182599184,47.9265026121063,0.0057215277777777785,0.9428671279877422,0.9584574183697858,321.0,321.0
3768,0.06886501912751246,50.002837607713765,0.0,1.0,1.0,0.0,0.0
3770,0.212500371956426,50.00008751915906,0.0,1.0,1.0,0.0,0.0
3771,0.212500371956426,50.00008751915906,0.0,1.0,1.0,0.0,0.0
3772,0.052358282322154365,29.908570388495882,2.1990740740740738E-4,0.9967990798154398,0.9967990798154398,10.0,10.0
3774,0.0323752044624067,49.768022638365665,7.12962962962963E-5,0.99535426889787,0.99535426889787,4.0,4.0
3776,0.20362395248398762,29.977435631458135,6.157407407407405E-4,0.9992131905420606,0.9992131905420606,28.0,28.0
3778,0.04891648389888776,30.004999494972903,1.9791666666666674E-4,1.0,1.0,9.0,9.0
3780,0.10967230415852444,49.94162965250665,0.0069870370370370355,0.9987860066337549,0.9987860066337549,392.0,392.0
3782,0.1323842110319655,50.00347914332974,0.0,1.0,1.0,0.0,0.0
3783,0.1323842110319655,50.00347914332974,0.0,1.0,1.0,0.0,0.0
3784,0.07297924228737464,50.00481009412804,0.0,1.0,1.0,0.0,0.0
3785,0.07297924228737464,50.00481009412804,0.0,1.0,1.0,0.0,0.0
3786,0.0686546472959424,50.00136157503392,5.881944444444444E-4,1.0,1.0,33.0,33.0
3787,0.0686546472959424,49.21251439763179,0.0029409722222222237,0.9777220720097279,0.9842244747592845,165.0,165.0
3788,0.1323842110319655,50.00347914332974,0.0,1.0,1.0,0.0,0.0
3789,0.1323842110319655,48.22069061078184,0.0041173611111111124,0.9466941673210186,0.964347853456677,231.0,231.0
3790,0.06665562306491046,50.00213441001826,0.0,1.0,1.0,0.0,0.0
3791,0.06665562306491046,50.00213441001826,0.0,1.0,1.0,0.0,0.0
3792,0.05609001600631838,50.00595780652456,0.0,1.0,1.0,0.0,0.0
3793,0.05609001600631838,50.00595780652456,0.0,1.0,1.0,0.0,0.0
3794,0.1327053967368797,50.00412688431724,0.0,1.0,1.0,0.0,0.0
3795,0.1327053967368797,50.00412688431724,0.0,1.0,1.0,0.0,0.0
3796,0.05911655951872392,50.00460861546196,0.0,1.0,1.0,0.0,0.0
3797,0.05911655951872392,50.00460861546196,0.0,1.0,1.0,0.0,0.0
3798,0.06063166881139125,50.00550005063195,0.0,1.0,1.0,0.0,0.0
3799,0.06063166881139125,45.446609758420216,0.06010277777777775,0.8800953146407909,0.9088347984384635,3372.0,3372.0
3800,0.09065432135491931,50.000851367812096,0.0,1.0,1.0,0.0,0.0
3801,0.09065432135491931,50.000851367812096,0.0,1.0,1.0,0.0,0.0
3802,0.041428480234763906,50.014261852833684,0.0,1.0,1.0,0.0,0.0
3803,0.041428480234763906,50.014261852833684,0.0,1.0,1.0,0.0,0.0
3804,0.15305463393181926,29.959196528051038,0.001891203703703704,0.998610868578549,0.998610868578549,86.0,86.0
3806,0.10523884398483295,27.989780661428586,0.013678240740740732,0.9199844656024176,0.932944686523523,622.0,622.0
3808,0.1956856906851612,30.00036140305683,0.0,1.0,1.0,0.0,0.0
3810,0.014972420247401303,49.520446623924656,5.3472222222222244E-5,0.9903959818522177,0.9903959818522177,3.0,3.0
3812,0.1664849264363859,50.003815715917675,0.0,1.0,1.0,0.0,0.0
3813,0.1664849264363859,50.003815715917675,0.0,1.0,1.0,0.0,0.0
3814,0.16859441521778404,50.00328676750886,0.0,1.0,1.0,0.0,0.0
3815,0.16859441521778404,49.65690983312976,0.007896064814814818,0.9930758850285731,0.9930758850285731,443.0,443.0
3816,0.3121511643448523,50.00196634517524,0.0,1.0,1.0,0.0,0.0
3817,0.3121511643448523,50.00196634517524,0.0,1.0,1.0,0.0,0.0
3818,0.018908639025564496,50.015503667914906,0.0,1.0,1.0,0.0,0.0
3819,0.018908639025564496,50.015503667914906,0.0,1.0,1.0,0.0,0.0
3820,0.3121511643448523,50.00196634517524,0.0,1.0,1.0,0.0,0.0
3821,0.3121511643448523,49.83637823614152,0.007896064814814818,0.9966902860955499,0.9966902860955499,443.0,443.0
3822,0.01928444835715297,50.01730121451779,0.0,1.0,1.0,0.0,0.0
3823,0.01928444835715297,50.01730121451779,0.0,1.0,1.0,0.0,0.0
3824,0.03933008282438722,49.84495885861464,0.007896064814814818,0.9966427061616625,0.9966427061616625,443.0,443.0
3826,0.06876779133849033,30.00049064694197,0.0,1.0,1.0,0.0,0.0
3827,0.06876779133849033,30.00049064694197,0.0,1.0,1.0,0.0,0.0
3828,0.008986530947423015,48.32811073133285,0.0028340277777777786,0.9603793601846699,0.9665174407386795,159.0,159.0
3830,0.13589445257066288,50.00204714374349,0.0,1.0,1.0,0.0,0.0
3831,0.13589445257066288,50.00204714374349,0.0,1.0,1.0,0.0,0.0
3832,0.13589445257066288,50.00204714374349,8.555555555555559E-4,1.0,1.0,48.0,48.0
3833,0.13589445257066288,50.00204714374349,0.0,1.0,1.0,0.0,0.0
3834,0.006117215035829244,47.714195876195994,0.0033509259259259273,0.9404169787991806,0.9533371155648006,188.0,188.0
3836,0.02208132097524114,50.02690718116307,0.0,1.0,1.0,0.0,0.0
3837,0.02208132097524114,50.02690718116307,0.0,1.0,1.0,0.0,0.0
3838,0.02208132097524114,50.02690718116307,5.168981481481481E-4,1.0,1.0,29.0,29.0
3839,0.02208132097524114,50.02690718116307,0.0,1.0,1.0,0.0,0.0
3840,0.029338948640798706,28.86397055031365,0.01169907407407407,0.9446441572957388,0.9619508911020689,532.0,532.0
3841,0.029338948640798706,30.00574292808958,0.0,1.0,1.0,0.0,0.0
3842,0.04585592107365062,30.003874203042933,0.0,1.0,1.0,0.0,0.0
3843,0.04585592107365062,30.003874203042933,0.0,1.0,1.0,0.0,0.0
3844,0.25920327436065294,30.000378976927422,0.0,1.0,1.0,0.0,0.0
3845,0.25920327436065294,30.000378976927422,0.0,1.0,1.0,0.0,0.0
3846,0.03698900680537414,30.004602185522064,0.0,1.0,1.0,0.0,0.0
3847,0.03698900680537414,30.004602185522064,0.0,1.0,1.0,0.0,0.0
3848,0.11830131042943653,30.0003323151572,0.0,1.0,1.0,0.0,0.0
3849,0.11830131042943653,30.0003323151572,0.0,1.0,1.0,0.0,0.0
3850,0.23390329031239265,30.00042201527054,0.0,1.0,1.0,0.0,0.0
3851,0.23390329031239265,30.00042201527054,0.0,1.0,1.0,0.0,0.0
3852,0.04686088029754273,30.001630636876012,0.0,1.0,1.0,0.0,0.0
3853,0.04686088029754273,30.001630636876012,0.0,1.0,1.0,0.0,0.0
3854,0.11830131042943653,30.0003323151572,0.0,1.0,1.0,0.0,0.0
3855,0.11830131042943653,30.0003323151572,0.0,1.0,1.0,0.0,0.0
3856,0.25920327436065294,30.000378976927422,3.958333333333335E-4,1.0,1.0,18.0,18.0
3857,0.25920327436065294,30.000378976927422,0.0,1.0,1.0,0.0,0.0
3858,0.006827452098101059,30.010778453191467,0.0,1.0,1.0,0.0,0.0
3859,0.006827452098101059,30.010778453191467,0.0,1.0,1.0,0.0,0.0
3860,0.048976779596095185,30.001090104805627,0.0,1.0,1.0,0.0,0.0
3861,0.048976779596095185,30.001090104805627,0.0,1.0,1.0,0.0,0.0
3862,0.2348769073184774,30.00024361704874,0.0,1.0,1.0,0.0,0.0
3863,0.2348769073184774,30.00024361704874,0.0,1.0,1.0,0.0,0.0
3864,0.050562643194171655,30.002557359323873,0.0,1.0,1.0,0.0,0.0
3865,0.050562643194171655,30.002557359323873,0.0,1.0,1.0,0.0,0.0
3866,0.19209254842193965,30.000137708515155,0.0,1.0,1.0,0.0,0.0
3867,0.19209254842193965,30.000137708515155,0.0,1.0,1.0,0.0,0.0
3868,0.044080353648651184,29.212834746007445,0.004112268518518517,0.9621611881322663,0.9736447525290651,187.0,187.0
3870,0.05254039614740302,30.004033332907817,0.0,1.0,1.0,0.0,0.0
3871,0.05254039614740302,30.004033332907817,0.0,1.0,1.0,0.0,0.0
3872,0.053764349762612684,30.003357486499098,0.0,1.0,1.0,0.0,0.0
3873,0.053764349762612684,30.003357486499098,0.0,1.0,1.0,0.0,0.0
3874,0.1757213087719373,29.11406576339933,0.007410879629629626,0.9613608853519928,0.9704435414079713,337.0,337.0
3876,0.046860880297542734,30.00163063687602,0.0,1.0,1.0,0.0,0.0
3877,0.046860880297542734,29.317926397024465,0.002660879629629628,0.9630530308612635,0.9772121234450537,121.0,121.0
3878,0.19209254842193965,30.000137708515155,0.0027488425925925914,1.0,1.0,125.0,125.0
3879,0.19209254842193965,30.000137708515155,0.0,1.0,1.0,0.0,0.0
3880,0.04148816784909242,30.003496234779572,0.0,1.0,1.0,0.0,0.0
3881,0.04148816784909242,30.003496234779572,0.0,1.0,1.0,0.0,0.0
3882,0.053764349762612684,30.003357486499098,0.0,1.0,1.0,0.0,0.0
3883,0.053764349762612684,30.003357486499098,0.0,1.0,1.0,0.0,0.0
3884,0.05254039614740302,30.004033332907817,0.0,1.0,1.0,0.0,0.0
3885,0.05254039614740302,30.004033332907817,0.0,1.0,1.0,0.0,0.0
3886,0.23390329031239265,29.945899189475632,0.002023148148148147,0.9981827190065831,0.9981827190065831,92.0,92.0
3887,0.23390329031239265,30.00042201527054,0.0,1.0,1.0,0.0,0.0
3888,0.032249695936808036,30.007471018999464,0.0,1.0,1.0,0.0,0.0
3889,0.032249695936808036,30.007471018999464,0.0,1.0,1.0,0.0,0.0
3890,0.057022579940134724,30.003111339445343,0.0,1.0,1.0,0.0,0.0
3892,0.009594498005378857,30.008855620646294,0.0,1.0,1.0,0.0,0.0
3893,0.009594498005378857,30.008855620646294,0.0,1.0,1.0,0.0,0.0
3894,0.04585592107365062,28.908071531819477,0.010643518518518512,0.9449154097815813,0.963479970339501,484.0,484.0
3895,0.04585592107365062,30.003874203042933,0.0,1.0,1.0,0.0,0.0
3896,0.04623373155602601,30.000258399728484,0.0,1.0,1.0,0.0,0.0
3897,0.04623373155602601,30.000258399728484,0.0,1.0,1.0,0.0,0.0
3898,0.029669934572906405,30.003304624287377,0.0,1.0,1.0,0.0,0.0
3899,0.029669934572906405,30.003304624287377,8.7962962962963E-5,1.0,1.0,4.0,4.0
3900,0.19069633064441494,30.000733746444688,0.0,1.0,1.0,0.0,0.0
3902,0.046143399426324005,29.11170399809609,0.004749999999999998,0.9613385362359885,0.9703541449439543,216.0,216.0
3904,0.009636812091542586,30.010833503073798,0.0,1.0,1.0,0.0,0.0
3905,0.009636812091542586,30.010833503073798,0.0,1.0,1.0,0.0,0.0
3906,0.2228256809911318,30.00009168510694,0.0,1.0,1.0,0.0,0.0
3908,0.04823502747995362,30.001053719390637,0.0,1.0,1.0,0.0,0.0
3909,0.04823502747995362,30.001053719390637,0.0,1.0,1.0,0.0,0.0
3910,0.03829789598160916,30.00488042084722,0.0,1.0,1.0,0.0,0.0
3911,0.03829789598160916,30.00488042084722,0.0,1.0,1.0,0.0,0.0
3912,0.048976779596095185,30.001090104805627,0.0,1.0,1.0,0.0,0.0
3913,0.048976779596095185,29.988277139240033,1.0995370370370369E-4,0.9995736581650396,0.9995736581650396,5.0,5.0
3914,0.22734861978981694,29.9768431369429,0.0010335648148148148,0.9991984758647077,0.9991984758647077,47.0,47.0
3916,0.04623373155602601,30.000258399728484,0.0,1.0,1.0,0.0,0.0
3917,0.04623373155602601,29.929632791412455,8.7962962962963E-5,0.9976460822225163,0.9976460822225163,4.0,4.0
3918,0.009636812091542586,30.010833503073798,0.0,1.0,1.0,0.0,0.0
3919,0.009636812091542586,30.010833503073798,0.0,1.0,1.0,0.0,0.0
3920,0.05670859719771214,29.283011846105282,0.0027488425925925914,0.9627739839341656,0.9760959357366621,125.0,125.0
3922,0.03829789598160916,30.00488042084722,0.0,1.0,1.0,0.0,0.0
3923,0.03829789598160916,29.82649532907357,0.0027488425925925914,0.9940606086364995,0.9940606086364995,125.0,125.0
3924,0.009594498005378857,28.66982462230797,0.010643518518518512,0.9425702080359185,0.9553810077301224,484.0,484.0
3925,0.009594498005378857,30.008855620646294,0.0,1.0,1.0,0.0,0.0
3926,0.07390374091231373,50.00065162268924,0.0,1.0,1.0,0.0,0.0
3927,0.07390374091231373,50.00065162268924,0.0,1.0,1.0,0.0,0.0
3928,0.05141296536259703,30.002703080782837,0.0,1.0,1.0,0.0,0.0
3930,0.23487690731847743,30.000243617048746,0.0,1.0,1.0,0.0,0.0
3931,0.23487690731847743,30.000243617048746,0.0,1.0,1.0,0.0,0.0
3932,0.04823502747995362,30.001053719390637,0.0,1.0,1.0,0.0,0.0
3933,0.04823502747995362,30.001053719390637,0.0,1.0,1.0,0.0,0.0
3934,0.009537839960758193,50.052804458789346,0.0,1.0,1.0,0.0,0.0
3935,0.009537839960758193,50.052804458789346,0.0,1.0,1.0,0.0,0.0
3936,0.045152075503499416,50.01460671156859,0.0,1.0,1.0,0.0,0.0
3937,0.045152075503499416,50.01460671156859,0.0,1.0,1.0,0.0,0.0
3938,0.07214239699551456,49.47490957369318,0.002655787037037036,0.9894520943854537,0.9894520943854537,149.0,149.0
3939,0.07214239699551456,50.002431494773276,0.0,1.0,1.0,0.0,0.0
3940,0.04910221633697487,30.001354177377717,0.0,1.0,1.0,0.0,0.0
3941,0.04910221633697487,30.001354177377717,0.0,1.0,1.0,0.0,0.0
3942,0.016872180618704255,28.618024131364656,0.013766203703703704,0.935147161180461,0.9536276556942554,626.0,626.0
3944,0.0773134574806535,30.001988458591427,0.0,1.0,1.0,0.0,0.0
3946,0.07753214470896266,30.00276480192041,0.0,1.0,1.0,0.0,0.0
3947,0.07753214470896266,30.00276480192041,0.0,1.0,1.0,0.0,0.0
3948,0.04910221633697487,30.001354177377717,0.0,1.0,1.0,0.0,0.0
3949,0.04910221633697487,30.001354177377717,0.0,1.0,1.0,0.0,0.0
3950,0.0672462324350609,30.00203702642449,0.0,1.0,1.0,0.0,0.0
3951,0.0672462324350609,30.00203702642449,0.0,1.0,1.0,0.0,0.0
3952,0.09793580688615629,30.000757725507373,0.0,1.0,1.0,0.0,0.0
3953,0.09793580688615629,30.000757725507373,0.0,1.0,1.0,0.0,0.0
3954,0.06710923358315851,29.86887290400883,7.03703703703704E-4,0.9956162408795325,0.9956162408795325,32.0,32.0
3956,0.09793580688615629,30.000757725507373,7.03703703703704E-4,1.0,1.0,32.0,32.0
3957,0.09793580688615629,30.000757725507373,0.0,1.0,1.0,0.0,0.0
3958,0.1435125489441619,30.00088126119173,0.0,1.0,1.0,0.0,0.0
3959,0.1435125489441619,30.00088126119173,0.0,1.0,1.0,0.0,0.0
3960,0.0065405413259811826,28.405956281690074,0.010445601851851857,0.9291721938569473,0.9458308992201754,475.0,475.0
3962,0.15463490475985806,30.00030486826304,0.0,1.0,1.0,0.0,0.0
3963,0.15463490475985806,30.00030486826304,0.0,1.0,1.0,0.0,0.0
3964,0.15463490475985806,30.00030486826304,0.003210648148148148,1.0,1.0,146.0,146.0
3965,0.15463490475985806,30.00030486826304,0.0,1.0,1.0,0.0,0.0
3966,0.11739833722045886,50.00402437217841,0.0,1.0,1.0,0.0,0.0
3967,0.11739833722045886,50.00402437217841,0.0,1.0,1.0,0.0,0.0
3968,0.03275562538736468,50.008588377656004,0.0,1.0,1.0,0.0,0.0
3969,0.03275562538736468,50.008588377656004,0.0,1.0,1.0,0.0,0.0
3970,0.056049255091516724,50.00677034187366,0.0,1.0,1.0,0.0,0.0
3971,0.056049255091516724,48.76364078935933,0.002762731481481481,0.9625357627253187,0.9751430509012747,155.0,155.0
3972,0.0068636441973196705,50.018459737552256,0.0,1.0,1.0,0.0,0.0
3973,0.0068636441973196705,50.018459737552256,0.0,1.0,1.0,0.0,0.0
3974,0.11739833722045886,50.00402437217841,0.0,1.0,1.0,0.0,0.0
3975,0.11739833722045886,48.44875334381685,0.0047946759259259245,0.9609744832690628,0.9688979330762508,269.0,269.0
3976,0.03238443293373042,50.01456823742149,0.0,1.0,1.0,0.0,0.0
3977,0.03238443293373042,50.01456823742149,0.0,1.0,1.0,0.0,0.0
3978,0.0068636441973196705,50.018459737552256,0.0,1.0,1.0,0.0,0.0
3979,0.0068636441973196705,48.20969485716121,0.0053828703703703695,0.9583333333333334,0.963840085506806,302.0,302.0
3980,0.15828653047430036,48.016643028224884,0.005382870370370371,0.9434306557221654,0.9602804411596482,302.0,302.0
3982,0.07529852460353359,50.00455424695092,0.0,1.0,1.0,0.0,0.0
3983,0.07529852460353359,50.00455424695092,0.0,1.0,1.0,0.0,0.0
3984,0.04330247536793433,50.01248358182983,0.0,1.0,1.0,0.0,0.0
3985,0.04330247536793433,49.55247292555112,7.307870370370375E-4,0.990810189859284,0.990810189859284,41.0,41.0
3986,0.0911092117208041,48.93390767201972,0.0020675925925925922,0.9633880062895791,0.9785520251583163,116.0,116.0
3987,0.0911092117208041,50.006580606021465,0.0,1.0,1.0,0.0,0.0
3988,0.07529852460353359,50.00455424695092,6.238425925925927E-4,1.0,1.0,35.0,35.0
3989,0.07529852460353359,50.00455424695092,0.0,1.0,1.0,0.0,0.0
3990,0.04805137553087273,50.02456677592302,0.0,1.0,1.0,0.0,0.0
3991,0.04805137553087273,50.02456677592302,0.0,1.0,1.0,0.0,0.0
3992,0.13347758655093273,47.79645427171421,0.0308712962962963,0.9330958283192705,0.955891825398756,1732.0,1732.0
3993,0.13347758655093273,50.00200953000602,0.0,1.0,1.0,0.0,0.0
3994,0.41441249416367176,50.00117233599954,0.0,1.0,1.0,0.0,0.0
3996,0.06368226066547546,50.0013387995009,0.0,1.0,1.0,0.0,0.0
3997,0.06368226066547546,50.0013387995009,0.0,1.0,1.0,0.0,0.0
3998,0.07565168833702368,50.00846089116513,0.0023527777777777774,1.0,1.0,132.0,132.0
3999,0.07565168833702368,50.00846089116513,0.0,1.0,1.0,0.0,0.0
4000,0.19835569072006576,50.00213476592933,0.0,1.0,1.0,0.0,0.0
4001,0.19835569072006576,50.00213476592933,0.0,1.0,1.0,0.0,0.0
4002,0.16615047420606252,49.99688895390212,0.0012833333333333332,0.999870951884849,0.999870951884849,72.0,72.0
4003,0.16615047420606252,50.00348663616661,0.0,1.0,1.0,0.0,0.0
4004,0.04943454434247155,50.004034738099904,0.0,1.0,1.0,0.0,0.0
4005,0.04943454434247155,50.004034738099904,0.0,1.0,1.0,0.0,0.0
4006,0.19835569072006576,50.00213476592933,0.0,1.0,1.0,0.0,0.0
4007,0.19835569072006576,50.00213476592933,0.0,1.0,1.0,0.0,0.0
4008,0.04943454434247155,50.004034738099904,6.773148148148152E-4,1.0,1.0,38.0,38.0
4009,0.04943454434247155,50.004034738099904,0.0,1.0,1.0,0.0,0.0
4010,0.16547207560040297,49.979904140496764,0.0019962962962962977,0.9995184877098089,0.9995184877098089,112.0,112.0
4011,0.16547207560040297,50.00415278783268,3.564814814814815E-5,1.0,1.0,2.0,2.0
4012,0.20204209227696293,50.000105327357296,0.0,1.0,1.0,0.0,0.0
4013,0.20204209227696293,50.000105327357296,0.0,1.0,1.0,0.0,0.0
4014,0.2578197786310631,50.00006481020456,0.0,1.0,1.0,0.0,0.0
4015,0.2578197786310631,50.00006481020456,0.0,1.0,1.0,0.0,0.0
4016,0.06327859974799906,50.00064949359012,0.0,1.0,1.0,0.0,0.0
4017,0.06327859974799906,50.00064949359012,0.0,1.0,1.0,0.0,0.0
4018,0.0537938689424642,50.00204704179476,0.0,1.0,1.0,0.0,0.0
4019,0.0537938689424642,50.00204704179476,0.0,1.0,1.0,0.0,0.0
4020,0.06327859974799906,50.00064949359012,0.0,1.0,1.0,0.0,0.0
4021,0.06327859974799906,50.00064949359012,0.0,1.0,1.0,0.0,0.0
4022,0.11494012365829487,50.00416255829142,0.0,1.0,1.0,0.0,0.0
4024,0.05702908241201889,44.95156545899331,0.023902083333333348,0.8808316760905415,0.8990110533511102,1341.0,1341.0
4026,0.09062972907723409,50.01027355580054,0.0,1.0,1.0,0.0,0.0
4028,0.3563679125738272,50.00095429362296,0.0,1.0,1.0,0.0,0.0
4030,0.053859498970387915,50.01139961139967,4.990740740740744E-4,1.0,1.0,28.0,28.0
4032,0.06121857923112594,50.00836969186599,0.0,1.0,1.0,0.0,0.0
4033,0.06121857923112594,50.00836969186599,0.0,1.0,1.0,0.0,0.0
4034,0.18820933391807168,49.80424564706696,3.386574074074076E-4,0.996079707331122,0.996079707331122,19.0,19.0
4036,0.16432567444481597,50.00189569785627,0.0,1.0,1.0,0.0,0.0
4037,0.16432567444481597,50.00189569785627,0.0,1.0,1.0,0.0,0.0
4038,0.04549937597971807,50.01458122961376,0.0,1.0,1.0,0.0,0.0
4039,0.04549937597971807,50.01458122961376,0.0,1.0,1.0,0.0,0.0
4040,0.06121857923112594,50.00836969186599,1.0694444444444449E-4,1.0,1.0,6.0,6.0
4041,0.06121857923112594,50.00836969186599,4.812499999999999E-4,1.0,1.0,27.0,27.0
4042,0.07532809733102018,50.00574412533148,0.0,1.0,1.0,0.0,0.0
4043,0.07532809733102018,50.00574412533148,0.0,1.0,1.0,0.0,0.0
4044,0.02082580558701821,50.015276926794904,0.0,1.0,1.0,0.0,0.0
4045,0.02082580558701821,47.83953555236187,0.006095833333333337,0.9422922590054519,0.9565010859767507,342.0,342.0
4046,0.03245954094451105,50.001860248284025,0.0,1.0,1.0,0.0,0.0
4047,0.03245954094451105,50.001860248284025,0.0,1.0,1.0,0.0,0.0
4048,0.1272018938311214,47.40073573486789,0.008395138888888893,0.9297805924938938,0.9479598082111494,471.0,471.0
4050,0.0570753442582717,50.0051689777995,0.0,1.0,1.0,0.0,0.0
4051,0.0570753442582717,50.0051689777995,0.0,1.0,1.0,0.0,0.0
4052,0.1998906391958666,50.000437819977755,0.0,1.0,1.0,0.0,0.0
4053,0.1998906391958666,50.000437819977755,0.0,1.0,1.0,0.0,0.0
4054,0.04379511353271685,50.00393552736463,0.0,1.0,1.0,0.0,0.0
4055,0.04379511353271685,50.00393552736463,0.0,1.0,1.0,0.0,0.0
4056,0.04379511353271685,50.00393552736463,0.0,1.0,1.0,0.0,0.0
4057,0.04379511353271685,49.67305011024215,8.020833333333331E-4,0.9933847513621532,0.9933847513621532,45.0,45.0
4058,0.03245954094451105,48.53227527289669,0.0021032407407407415,0.9614024626747891,0.9706098506991566,118.0,118.0
4059,0.03245954094451105,50.001860248284025,0.0,1.0,1.0,0.0,0.0
4060,0.09316349378130565,50.00575184325337,0.0,1.0,1.0,0.0,0.0
4061,0.09316349378130565,50.00575184325337,0.0,1.0,1.0,0.0,0.0
4062,0.07533596597957931,50.00174733157919,0.0,1.0,1.0,0.0,0.0
4063,0.07533596597957931,50.00174733157919,0.0,1.0,1.0,0.0,0.0
4064,0.04549937597971807,49.63686694428595,0.0016398148148148144,0.9924578653181219,0.9924578653181219,92.0,92.0
4065,0.04549937597971807,50.01458122961376,0.0,1.0,1.0,0.0,0.0
4066,0.20205650580816673,50.00023514637065,0.0,1.0,1.0,0.0,0.0
4067,0.20205650580816673,50.00023514637065,0.0,1.0,1.0,0.0,0.0
4068,0.07817331217638171,50.00425085909278,0.0,1.0,1.0,0.0,0.0
4069,0.07817331217638171,50.00425085909278,0.0,1.0,1.0,0.0,0.0
4070,0.06960000518731603,50.00199933632762,0.0,1.0,1.0,0.0,0.0
4071,0.06960000518731603,50.00199933632762,0.0,1.0,1.0,0.0,0.0
4072,0.03583780237468702,50.00623587165631,0.0,1.0,1.0,0.0,0.0
4073,0.03583780237468702,50.00623587165631,0.0,1.0,1.0,0.0,0.0
4074,0.20205650580816675,50.000235146370656,0.0,1.0,1.0,0.0,0.0
4075,0.20205650580816675,50.000235146370656,0.0,1.0,1.0,0.0,0.0
4076,0.04605490312923365,50.01437443898677,0.0,1.0,1.0,0.0,0.0
4077,0.04605490312923365,50.01437443898677,0.0,1.0,1.0,0.0,0.0
4078,0.1998906391958666,49.937103932072446,3.386574074074076E-4,0.99873359587938,0.99873359587938,19.0,19.0
4079,0.1998906391958666,50.000437819977755,2.1388888888888898E-4,1.0,1.0,12.0,12.0
4080,0.07533596597957931,49.798932093024014,0.0013902777777777776,0.9959451513385458,0.9959451513385458,78.0,78.0
4081,0.07533596597957931,50.00174733157919,1.247685185185186E-4,1.0,1.0,7.0,7.0
4082,0.02519183770356884,50.02240250019185,0.0,1.0,1.0,0.0,0.0
4083,0.02519183770356884,50.02240250019185,0.0,1.0,1.0,0.0,0.0
4084,0.0444313003194207,50.00083812126118,0.0,1.0,1.0,0.0,0.0
4085,0.0444313003194207,50.00083812126118,0.0,1.0,1.0,0.0,0.0
4086,0.07817331217638171,50.00425085909278,0.0,1.0,1.0,0.0,0.0
4087,0.07817331217638171,50.00425085909278,1.0694444444444449E-4,1.0,1.0,6.0,6.0
4088,0.09316349378130565,49.91655102385924,0.0011942129629629633,0.9982207768148286,0.9982207768148286,67.0,67.0
4089,0.09316349378130565,50.00575184325337,0.0,1.0,1.0,0.0,0.0
4090,0.02519183770356884,50.02240250019185,0.0,1.0,1.0,0.0,0.0
4091,0.02519183770356884,49.82752355711819,0.001461574074074075,0.9961210898886866,0.9961210898886866,82.0,82.0
4092,0.15167052421684257,50.001271719838215,0.0,1.0,1.0,0.0,0.0
4093,0.15167052421684257,50.001271719838215,0.0,1.0,1.0,0.0,0.0
4094,0.04605490312923365,49.657501038041914,7.486111111111114E-4,0.9928745106802586,0.9928745106802586,42.0,42.0
4095,0.04605490312923365,50.01437443898677,0.0,1.0,1.0,0.0,0.0
4096,0.06960000518731603,50.00199933632762,0.0,1.0,1.0,0.0,0.0
4097,0.06960000518731603,49.65858282699687,2.317129629629629E-4,0.9931333359269914,0.9931333359269914,13.0,13.0
4098,0.15167052421684257,50.001271719838215,7.12962962962963E-5,1.0,1.0,4.0,4.0
4099,0.15167052421684257,49.986119819317054,3.386574074074076E-4,0.9996980217561086,0.9996980217561086,19.0,19.0
4100,0.05671893672713397,50.00934906139659,0.0,1.0,1.0,0.0,0.0
4101,0.05671893672713397,50.00934906139659,0.0,1.0,1.0,0.0,0.0
4102,0.07708153073807393,48.710084997238546,0.003012268518518519,0.9622628527091863,0.9740514108367453,169.0,169.0
4104,0.044579545322509684,30.00305910656849,0.0,1.0,1.0,0.0,0.0
4106,0.03144166101287631,30.007947944420657,0.0,1.0,1.0,0.0,0.0
4107,0.03144166101287631,30.007947944420657,0.0,1.0,1.0,0.0,0.0
4108,0.05289507586083331,50.005849028098716,0.0,1.0,1.0,0.0,0.0
4109,0.05289507586083331,50.005849028098716,0.0,1.0,1.0,0.0,0.0
4110,0.015074923317938499,30.01644023483329,0.0,1.0,1.0,0.0,0.0
4111,0.015074923317938499,30.01644023483329,0.0,1.0,1.0,0.0,0.0
4112,0.04773502580620213,50.013414697999906,0.0,1.0,1.0,0.0,0.0
4113,0.04773502580620213,46.93731667152525,0.016059490740740735,0.9221244006429392,0.9384976025717569,901.0,901.0
4114,0.05671893672713397,50.00934906139659,0.0019784722222222226,1.0,1.0,111.0,111.0
4115,0.05671893672713397,50.00934906139659,0.0,1.0,1.0,0.0,0.0
4116,0.03144166101287631,30.007947944420657,0.0,1.0,1.0,0.0,0.0
4117,0.03144166101287631,30.007947944420657,0.0,1.0,1.0,0.0,0.0
4118,0.018356667211417658,29.755910745689206,0.0012314814814814808,0.9915117099937715,0.9915117099937715,56.0,56.0
4119,0.018356667211417658,30.010900073162386,0.0,1.0,1.0,0.0,0.0
4120,0.12473283101447305,50.0042529679402,0.0,1.0,1.0,0.0,0.0
4121,0.12473283101447305,50.0042529679402,0.0,1.0,1.0,0.0,0.0
4122,0.2890147201882029,50.000143816499126,0.0,1.0,1.0,0.0,0.0
4123,0.2890147201882029,50.000143816499126,0.0,1.0,1.0,0.0,0.0
4124,0.06484374227252113,30.000960311152305,0.0,1.0,1.0,0.0,0.0
4125,0.06484374227252113,30.000960311152305,0.0,1.0,1.0,0.0,0.0
4126,0.20075476670837306,50.00118722499952,0.0,1.0,1.0,0.0,0.0
4127,0.20075476670837306,50.00118722499952,0.0,1.0,1.0,0.0,0.0
4128,0.2890147201882029,50.000143816499126,0.0,1.0,1.0,0.0,0.0
4129,0.2890147201882029,50.000143816499126,0.0,1.0,1.0,0.0,0.0
4130,0.06484374227252113,30.000960311152305,0.0,1.0,1.0,0.0,0.0
4131,0.06484374227252113,29.953710980282356,0.002418981481481482,0.9984263560698243,0.9984263560698243,110.0,110.0
4132,0.06750561518835485,30.002495639268822,0.0,1.0,1.0,0.0,0.0
4133,0.06750561518835485,30.002495639268822,0.0,1.0,1.0,0.0,0.0
4134,0.02011417049082543,50.00760619265991,0.0,1.0,1.0,0.0,0.0
4136,0.01732186629752513,50.006991716993156,0.0,1.0,1.0,0.0,0.0
4138,0.06640286641461833,50.00006674181678,0.0,1.0,1.0,0.0,0.0
4139,0.06640286641461833,50.00006674181678,0.0,1.0,1.0,0.0,0.0
4140,0.02672469264096546,50.00462240513288,0.0,1.0,1.0,0.0,0.0
4142,0.06822075153611064,50.00910314192595,0.0,1.0,1.0,0.0,0.0
4144,0.2578197786310631,49.97610644581634,3.208333333333333E-4,0.9995208597164874,0.9995208597164874,18.0,18.0
4145,0.2578197786310631,50.00006481020456,0.0,1.0,1.0,0.0,0.0
4146,0.08922735529459447,49.87429774063092,6.951388888888888E-4,0.9974302213446911,0.9974302213446911,39.0,39.0
4148,0.05859425650509422,48.46261829811551,0.003368749999999998,0.9610184199133193,0.9690736796532771,189.0,189.0
4149,0.05859425650509422,50.009322763949555,0.0,1.0,1.0,0.0,0.0
4150,0.20204209227696293,50.000105327357296,7.129629629629626E-4,1.0,1.0,40.0,40.0
4151,0.20204209227696293,49.76660483547854,0.0019249999999999996,0.9953300340488237,0.9953300340488237,108.0,108.0
4152,0.10132697576007016,50.00371661908877,0.0,1.0,1.0,0.0,0.0
4153,0.10132697576007016,50.00371661908877,0.0,1.0,1.0,0.0,0.0
4154,0.08398678245510105,50.000399675601756,0.0,1.0,1.0,0.0,0.0
4155,0.08398678245510105,50.000399675601756,0.0,1.0,1.0,0.0,0.0
4156,0.05184489092035045,50.011148797765706,0.0,1.0,1.0,0.0,0.0
4157,0.05184489092035045,50.011148797765706,0.0,1.0,1.0,0.0,0.0
4158,0.05036597484436507,50.0048288581672,0.0,1.0,1.0,0.0,0.0
4159,0.05036597484436507,50.0048288581672,0.0,1.0,1.0,0.0,0.0
4160,0.0744165483146706,50.00925404756657,0.0,1.0,1.0,0.0,0.0
4162,0.10646878592230553,50.004909239438994,0.0,1.0,1.0,0.0,0.0
4163,0.10646878592230553,50.004909239438994,0.0,1.0,1.0,0.0,0.0
4164,0.05995990549368993,50.001311044077774,0.0,1.0,1.0,0.0,0.0
4165,0.05995990549368993,50.001311044077774,0.0,1.0,1.0,0.0,0.0
4166,0.05070795921302318,45.68266262947339,0.025078472222222224,0.8904972917642684,0.9134172069738804,1407.0,1407.0
4167,0.05070795921302318,50.01332963476259,0.0,1.0,1.0,0.0,0.0
4168,0.03201926835525762,50.00840176959974,0.0,1.0,1.0,0.0,0.0
4169,0.03201926835525762,50.00840176959974,0.0,1.0,1.0,0.0,0.0
4170,0.041022110396212355,50.01002283317456,0.0,1.0,1.0,0.0,0.0
4171,0.041022110396212355,50.01002283317456,0.0,1.0,1.0,0.0,0.0
4172,0.05152545678689448,50.01122794090594,0.0,1.0,1.0,0.0,0.0
4174,0.04045627121177284,44.93381242788229,0.02627268518518518,0.8808293871904264,0.8984173349528433,1474.0,1474.0
4176,0.0360545504796658,50.01787349780226,0.0,1.0,1.0,0.0,0.0
4178,0.16240144696667855,50.003866667810705,0.0,1.0,1.0,0.0,0.0
4179,0.16240144696667855,50.003866667810705,0.0,1.0,1.0,0.0,0.0
4180,0.05856880730658338,50.01131553693078,0.0,1.0,1.0,0.0,0.0
4181,0.05856880730658338,50.01131553693078,0.0,1.0,1.0,0.0,0.0
4182,0.13069437986867927,50.00528935351741,0.0,1.0,1.0,0.0,0.0
4183,0.13069437986867927,50.00528935351741,0.0,1.0,1.0,0.0,0.0
4184,0.19558868480938835,50.001368080798045,0.0,1.0,1.0,0.0,0.0
4185,0.19558868480938835,50.001368080798045,0.0,1.0,1.0,0.0,0.0
4186,0.05856880730658338,50.01131553693078,0.0,1.0,1.0,0.0,0.0
4187,0.05856880730658338,49.10762742274886,0.0563240740740741,0.9819521691551614,0.9819521691551614,3160.0,3160.0
4188,0.07346838348814007,50.00684071796261,0.0,1.0,1.0,0.0,0.0
4189,0.07346838348814007,50.00684071796261,0.0,1.0,1.0,0.0,0.0
4190,0.16240144696667855,50.003866667810705,6.060185185185188E-4,1.0,1.0,34.0,34.0
4191,0.16240144696667855,50.003866667810705,0.0,1.0,1.0,0.0,0.0
4192,0.19558868480938835,50.001368080798045,5.703703703703704E-4,1.0,1.0,32.0,32.0
4193,0.19558868480938835,50.001368080798045,0.0,1.0,1.0,0.0,0.0
4194,0.09959191809043232,50.00431033829238,1.0694444444444449E-4,1.0,1.0,6.0,6.0
4195,0.09959191809043232,50.00431033829238,0.0,1.0,1.0,0.0,0.0
4196,0.06440392178402075,50.00088816529539,0.0,1.0,1.0,0.0,0.0
4197,0.06440392178402075,50.00088816529539,0.0,1.0,1.0,0.0,0.0
4198,0.07411508005632342,50.00267769916872,0.0,1.0,1.0,0.0,0.0
4199,0.07411508005632342,50.00267769916872,0.0,1.0,1.0,0.0,0.0
4200,0.11068377268356235,50.00145333929281,0.0,1.0,1.0,0.0,0.0
4201,0.11068377268356235,50.00145333929281,0.0,1.0,1.0,0.0,0.0
4202,0.06076855416923644,50.003838859257414,0.0,1.0,1.0,0.0,0.0
4203,0.06076855416923644,50.003838859257414,0.0,1.0,1.0,0.0,0.0
4204,0.10603887110449597,50.005231330388455,0.0,1.0,1.0,0.0,0.0
4205,0.10603887110449597,50.005231330388455,0.0,1.0,1.0,0.0,0.0
4206,0.07304068298199283,50.008835818785506,0.0,1.0,1.0,0.0,0.0
4207,0.07304068298199283,50.008835818785506,0.0,1.0,1.0,0.0,0.0
4208,0.06461653540570307,50.00419764843746,0.0,1.0,1.0,0.0,0.0
4209,0.06461653540570307,50.00419764843746,0.0,1.0,1.0,0.0,0.0
4210,0.06076855416923644,50.003838859257414,0.0,1.0,1.0,0.0,0.0
4211,0.06076855416923644,48.84306225523055,0.0012655092592592598,0.962946916742211,0.9767876669688439,71.0,71.0
4212,0.22369934484407972,50.00109533333459,0.0,1.0,1.0,0.0,0.0
4213,0.22369934484407972,50.00109533333459,0.0,1.0,1.0,0.0,0.0
4214,0.0670106338969876,50.0079357440206,0.0,1.0,1.0,0.0,0.0
4215,0.0670106338969876,50.0079357440206,0.0,1.0,1.0,0.0,0.0
4216,0.09501710552016226,50.00169271635494,0.0,1.0,1.0,0.0,0.0
4217,0.09501710552016226,50.00169271635494,0.0,1.0,1.0,0.0,0.0
4218,0.05431629610252392,50.00988899465118,0.0,1.0,1.0,0.0,0.0
4219,0.05431629610252392,50.00988899465118,0.0,1.0,1.0,0.0,0.0
4220,0.2175237726647279,50.00227198729458,0.0,1.0,1.0,0.0,0.0
4221,0.2175237726647279,50.00227198729458,0.0,1.0,1.0,0.0,0.0
4222,0.23546942817050956,50.002356008602284,0.0,1.0,1.0,0.0,0.0
4223,0.23546942817050956,50.002356008602284,0.0,1.0,1.0,0.0,0.0
4224,0.057456526684301214,50.01051645635502,0.0,1.0,1.0,0.0,0.0
4225,0.057456526684301214,50.01051645635502,0.0,1.0,1.0,0.0,0.0
4226,0.05293669070295066,50.00579546854431,0.0,1.0,1.0,0.0,0.0
4227,0.05293669070295066,50.00579546854431,0.0,1.0,1.0,0.0,0.0
4228,0.14578869480025552,50.00374440557544,0.0,1.0,1.0,0.0,0.0
4229,0.14578869480025552,50.00374440557544,0.0,1.0,1.0,0.0,0.0
4230,0.059285906129493984,50.006856154212365,0.0,1.0,1.0,0.0,0.0
4231,0.059285906129493984,50.006856154212365,0.0,1.0,1.0,0.0,0.0
4232,0.13298413772614925,50.00448044852071,0.0,1.0,1.0,0.0,0.0
4233,0.13298413772614925,50.00448044852071,0.0,1.0,1.0,0.0,0.0
4234,0.07955585927367435,50.00019088429255,0.0,1.0,1.0,0.0,0.0
4235,0.07955585927367435,50.00019088429255,0.0,1.0,1.0,0.0,0.0
4236,0.07107654488017048,50.004995420874295,0.0,1.0,1.0,0.0,0.0
4237,0.07107654488017048,50.004995420874295,0.0,1.0,1.0,0.0,0.0
4238,0.07055485700746851,50.009349326026125,0.0,1.0,1.0,0.0,0.0
4239,0.07055485700746851,50.009349326026125,0.0,1.0,1.0,0.0,0.0
4240,0.1264495273924697,50.00200995308556,0.0,1.0,1.0,0.0,0.0
4241,0.1264495273924697,50.00200995308556,0.0,1.0,1.0,0.0,0.0
4242,0.043528569978971775,50.00090999498992,0.0,1.0,1.0,0.0,0.0
4243,0.043528569978971775,50.00090999498992,0.0,1.0,1.0,0.0,0.0
4244,0.0752989857440063,50.0048604830147,0.0,1.0,1.0,0.0,0.0
4246,0.06152034214018142,50.00524536117704,0.0,1.0,1.0,0.0,0.0
4247,0.06152034214018142,50.00524536117704,0.0,1.0,1.0,0.0,0.0
4248,0.10902847810432728,50.000321168863465,0.0,1.0,1.0,0.0,0.0
4249,0.10902847810432728,50.000321168863465,0.0,1.0,1.0,0.0,0.0
4250,0.12579020059811014,50.00493840030881,0.0,1.0,1.0,0.0,0.0
4251,0.12579020059811014,50.00493840030881,0.0,1.0,1.0,0.0,0.0
4252,0.2175237726647279,50.00227198729458,0.0,1.0,1.0,0.0,0.0
4253,0.2175237726647279,50.00227198729458,0.0,1.0,1.0,0.0,0.0
4254,0.05658237611396558,50.01142990677046,0.0,1.0,1.0,0.0,0.0
4255,0.05658237611396558,50.01142990677046,0.0,1.0,1.0,0.0,0.0
4256,0.04555509331234559,50.01474105655509,0.0,1.0,1.0,0.0,0.0
4257,0.04555509331234559,50.01474105655509,0.0,1.0,1.0,0.0,0.0
4258,0.20857149555097554,50.00049170829806,0.0,1.0,1.0,0.0,0.0
4259,0.20857149555097554,50.00049170829806,0.0,1.0,1.0,0.0,0.0
4260,0.07955585927367435,48.94553734134017,4.4560185185185214E-4,0.963476772052799,0.9789070882111962,25.0,25.0
4261,0.07955585927367435,50.00019088429255,0.0,1.0,1.0,0.0,0.0
4262,0.05658237611396558,50.01142990677046,0.0,1.0,1.0,0.0,0.0
4263,0.05658237611396558,49.62509161074066,4.4560185185185214E-4,0.9922827590017127,0.9922827590017127,25.0,25.0
4264,0.07198954700690312,50.00238649910308,0.0,1.0,1.0,0.0,0.0
4265,0.07198954700690312,50.00238649910308,0.0,1.0,1.0,0.0,0.0
4266,0.13824207326203078,50.002156509927744,0.0,1.0,1.0,0.0,0.0
4267,0.13824207326203078,50.002156509927744,0.0,1.0,1.0,0.0,0.0
4268,0.08279302302926499,50.00081914198187,0.0,1.0,1.0,0.0,0.0
4269,0.08279302302926499,50.00081914198187,0.0,1.0,1.0,0.0,0.0
4270,0.07198954700690312,50.00238649910308,0.0,1.0,1.0,0.0,0.0
4271,0.07198954700690312,50.00238649910308,0.0,1.0,1.0,0.0,0.0
4272,0.018497031249278158,50.02953606115806,0.0,1.0,1.0,0.0,0.0
4273,0.018497031249278158,50.02953606115806,0.0,1.0,1.0,0.0,0.0
4274,0.08279302302926499,50.00081914198187,0.0,1.0,1.0,0.0,0.0
4275,0.08279302302926499,48.996195465802266,0.0010516203703703707,0.9637270522736815,0.9799082090947261,59.0,59.0
4276,0.07107654488017048,50.004995420874295,0.0,1.0,1.0,0.0,0.0
4277,0.07107654488017048,45.36436574662814,0.03151296296296297,0.8823262866897543,0.9071988543545804,1768.0,1768.0
4278,0.20106429378721016,50.00217308883369,0.0,1.0,1.0,0.0,0.0
4279,0.20106429378721016,50.00217308883369,0.0,1.0,1.0,0.0,0.0
4280,0.07564799848355304,50.006021766579316,0.0,1.0,1.0,0.0,0.0
4281,0.07564799848355304,50.006021766579316,0.0,1.0,1.0,0.0,0.0
4282,0.2109586348731589,50.00007146904813,0.0,1.0,1.0,0.0,0.0
4283,0.2109586348731589,50.00007146904813,0.0,1.0,1.0,0.0,0.0
4284,0.044416928355468635,50.000294584017226,0.0,1.0,1.0,0.0,0.0
4286,0.08844522902794573,50.00044354594922,0.0,1.0,1.0,0.0,0.0
4287,0.08844522902794573,50.00044354594922,0.0,1.0,1.0,0.0,0.0
4288,0.03372828011398694,50.00898204709761,0.0,1.0,1.0,0.0,0.0
4289,0.03372828011398694,50.00898204709761,0.0,1.0,1.0,0.0,0.0
4290,0.07294395718123749,50.00918793609883,0.0,1.0,1.0,0.0,0.0
4291,0.07294395718123749,50.00918793609883,0.0,1.0,1.0,0.0,0.0
4292,0.05248025912731414,50.00765824730834,0.0,1.0,1.0,0.0,0.0
4293,0.05248025912731414,50.00765824730834,0.0,1.0,1.0,0.0,0.0
4294,0.05838787765177096,50.01103010858326,0.0,1.0,1.0,0.0,0.0
4295,0.05838787765177096,50.01103010858326,0.0,1.0,1.0,0.0,0.0
4296,0.20857149555097554,50.00049170829806,7.12962962962963E-5,1.0,1.0,4.0,4.0
4297,0.20857149555097554,50.00049170829806,0.0,1.0,1.0,0.0,0.0
4298,0.1294815348085302,47.587401258836934,0.02333171296296295,0.9311661913288775,0.9516805933406748,1309.0,1309.0
4300,0.21537726409573987,49.936332233969885,1.247685185185186E-4,0.9987165703512846,0.9987165703512846,7.0,7.0
4302,0.1368094742394956,30.000250183479576,0.0,1.0,1.0,0.0,0.0
4303,0.1368094742394956,30.000250183479576,0.0,1.0,1.0,0.0,0.0
4304,0.07023963203802568,50.00250649335424,0.0,1.0,1.0,0.0,0.0
4306,0.18143496704104514,30.000270133555144,4.3981481481481476E-4,1.0,1.0,20.0,20.0
4307,0.18143496704104514,30.000270133555144,2.858796296296295E-4,1.0,1.0,13.0,13.0
4308,0.1461595659135158,50.00232227393871,0.0,1.0,1.0,0.0,0.0
4309,0.1461595659135158,50.00232227393871,0.0,1.0,1.0,0.0,0.0
4310,0.18131275857364434,50.00198643060515,1.960648148148149E-4,1.0,1.0,11.0,11.0
4311,0.18131275857364434,50.00198643060515,0.0,1.0,1.0,0.0,0.0
4312,0.07146209444266322,50.00263167999759,0.0,1.0,1.0,0.0,0.0
4314,0.08068695259697722,30.00134572909709,0.0,1.0,1.0,0.0,0.0
4315,0.08068695259697722,30.00134572909709,0.0,1.0,1.0,0.0,0.0
4316,0.17189130370624056,29.169191682428714,0.004244212962962964,0.9618154876754439,0.9722619507017757,193.0,193.0
4317,0.17189130370624056,30.001391124913507,0.0,1.0,1.0,0.0,0.0
4318,0.07016078147120085,50.00570447363355,0.0,1.0,1.0,0.0,0.0
4320,0.10238562226058888,50.00518791725952,0.0,1.0,1.0,0.0,0.0
4321,0.10238562226058888,50.00518791725952,0.0,1.0,1.0,0.0,0.0
4322,0.01132457115251133,47.17975462462886,0.007361342592592597,0.927112669032947,0.9420182463076696,413.0,413.0
4324,0.1023856222605889,50.005187917259526,0.0,1.0,1.0,0.0,0.0
4325,0.1023856222605889,50.005187917259526,8.199074074074072E-4,1.0,1.0,46.0,46.0
4326,0.030048140813418618,49.42940001630396,0.0010694444444444443,0.9883814741467519,0.9883814741467519,60.0,60.0
4328,0.07552187083901185,50.00528508744577,0.0,1.0,1.0,0.0,0.0
4330,0.049040330128916544,50.012801264617444,4.812499999999999E-4,1.0,1.0,27.0,27.0
4332,0.07653114470538734,50.0021998075126,0.0,1.0,1.0,0.0,0.0
4333,0.07653114470538734,50.0021998075126,0.0,1.0,1.0,0.0,0.0
4334,0.0684013334294826,50.009098364365826,0.0,1.0,1.0,0.0,0.0
4336,0.07485537361059164,50.005445351295215,0.0,1.0,1.0,0.0,0.0
4337,0.07485537361059164,50.005445351295215,0.0,1.0,1.0,0.0,0.0
4338,0.07333612956410172,30.001143912587068,0.0,1.0,1.0,0.0,0.0
4339,0.07333612956410172,30.001143912587068,0.0,1.0,1.0,0.0,0.0
4340,0.05958385525783642,30.000262787162395,0.0,1.0,1.0,0.0,0.0
4341,0.05958385525783642,30.000262787162395,0.0,1.0,1.0,0.0,0.0
4342,0.018497031249278158,50.02953606115806,5.347222222222221E-4,1.0,1.0,30.0,30.0
4343,0.018497031249278158,50.02953606115806,0.0,1.0,1.0,0.0,0.0
4344,0.10379748594022961,50.00280334334626,5.347222222222221E-4,1.0,1.0,30.0,30.0
4346,0.060692679874211904,30.000500830312074,0.0,1.0,1.0,0.0,0.0
4347,0.060692679874211904,30.000500830312074,0.0,1.0,1.0,0.0,0.0
4348,0.05036597484436507,50.0048288581672,0.0,1.0,1.0,0.0,0.0
4349,0.05036597484436507,47.25759545910555,0.029481018518518524,0.9267612912374915,0.9450663981520668,1654.0,1654.0
4350,0.06082482881859007,47.21163562309405,0.029481018518518524,0.925695479514984,0.9441543261061414,1654.0,1654.0
4351,0.06082482881859007,50.004426523618235,0.0,1.0,1.0,0.0,0.0
4352,0.09569797898929444,50.00184678685922,0.0,1.0,1.0,0.0,0.0
4354,0.03735287162908283,48.66069829689435,0.0016932870370370374,0.9620172504029003,0.9730690016116015,95.0,95.0
4356,0.06572314109921397,50.000699061109536,4.4560185185185214E-4,1.0,1.0,25.0,25.0
4358,0.049092752349398396,50.00959492298649,0.0,1.0,1.0,0.0,0.0
4360,0.05099441510220368,49.8367613107082,0.0012298611111111106,0.9965791446599861,0.9965791446599861,69.0,69.0
4362,0.07783908884406311,50.003697330233265,0.0,1.0,1.0,0.0,0.0
4363,0.07783908884406311,49.86618716257512,6.951388888888888E-4,0.9972528777553649,0.9972528777553649,39.0,39.0
4364,0.04164684134627671,48.80676444793444,9.268518518518516E-4,0.9627380651049356,0.9759522604197427,52.0,52.0
4366,0.03859502249397115,47.47176647639538,0.021014583333333337,0.9304489620905294,0.9491513056463192,1179.0,1179.0
4368,0.0884093508913566,50.00371770760153,0.0,1.0,1.0,0.0,0.0
4369,0.0884093508913566,50.00371770760153,0.0,1.0,1.0,0.0,0.0
4370,0.12982113304791823,30.00103215897456,0.0,1.0,1.0,0.0,0.0
4372,0.0634706829627352,30.00189845927609,5.71759259259259E-4,1.0,1.0,26.0,26.0
4374,0.053032927199428585,28.817169962549656,0.007542824074074072,0.9433912460954511,0.9604306192239165,343.0,343.0
4376,0.1037094654614319,50.00724292273705,0.0,1.0,1.0,0.0,0.0
4377,0.1037094654614319,50.00724292273705,0.0,1.0,1.0,0.0,0.0
4378,0.07045894895532646,50.00043686953977,0.0,1.0,1.0,0.0,0.0
4379,0.07045894895532646,50.00043686953977,0.0,1.0,1.0,0.0,0.0
4380,0.2638890027400003,50.00002157178953,0.0,1.0,1.0,0.0,0.0
4381,0.2638890027400003,50.00002157178953,0.0,1.0,1.0,0.0,0.0
4382,0.14360254949827847,50.00185493701543,0.0,1.0,1.0,0.0,0.0
4383,0.14360254949827847,50.00185493701543,0.0,1.0,1.0,0.0,0.0
4384,0.09566775046713841,50.00056644623959,0.0,1.0,1.0,0.0,0.0
4385,0.09566775046713841,50.00056644623959,0.0,1.0,1.0,0.0,0.0
4386,0.09566775046713841,50.00056644623959,0.0,1.0,1.0,0.0,0.0
4387,0.09566775046713841,50.00056644623959,0.0,1.0,1.0,0.0,0.0
4388,0.14360254949827844,50.001854937015416,0.0015506944444444444,1.0,1.0,87.0,87.0
4389,0.14360254949827844,50.001854937015416,0.0,1.0,1.0,0.0,0.0
4390,0.06298937304478675,50.00258940710745,0.0,1.0,1.0,0.0,0.0
4391,0.06298937304478675,50.00258940710745,0.0,1.0,1.0,0.0,0.0
4392,0.04723385078697488,50.01231259797341,0.0,1.0,1.0,0.0,0.0
4393,0.04723385078697488,50.01231259797341,0.0,1.0,1.0,0.0,0.0
4394,0.2638890027400003,50.00002157178953,0.0,1.0,1.0,0.0,0.0
4395,0.2638890027400003,47.536526992380146,0.017699305555555562,0.9296544720352685,0.9507301578471633,993.0,993.0
4396,0.12579020059811014,47.147717298466006,0.020568981481481476,0.9257954635241283,0.9428668951305182,1154.0,1154.0
4397,0.12579020059811014,50.00493840030881,0.0,1.0,1.0,0.0,0.0
4398,0.13541097158339696,50.003025715481485,0.0,1.0,1.0,0.0,0.0
4400,0.05835898993066342,50.010084206233834,0.0,1.0,1.0,0.0,0.0
4401,0.05835898993066342,50.010084206233834,0.0,1.0,1.0,0.0,0.0
4402,0.058068251899334795,50.010934650144804,0.0,1.0,1.0,0.0,0.0
4403,0.058068251899334795,50.010934650144804,0.0,1.0,1.0,0.0,0.0
4404,0.06298937304478675,50.00258940710745,0.0,1.0,1.0,0.0,0.0
4405,0.06298937304478675,50.00258940710745,8.020833333333331E-4,1.0,1.0,45.0,45.0
4406,0.011277374417996242,50.05986178148763,0.0,1.0,1.0,0.0,0.0
4407,0.011277374417996242,50.05986178148763,0.0,1.0,1.0,0.0,0.0
4408,0.06719047412617898,50.00738202485929,0.0,1.0,1.0,0.0,0.0
4410,0.07045894895532646,50.00043686953977,6.416666666666666E-4,1.0,1.0,36.0,36.0
4411,0.07045894895532646,50.00043686953977,0.0,1.0,1.0,0.0,0.0
4412,0.08095049213778198,50.00373570624831,0.0,1.0,1.0,0.0,0.0
4413,0.08095049213778198,50.00373570624831,0.0,1.0,1.0,0.0,0.0
4414,0.3146830790298644,50.00040095809295,0.0,1.0,1.0,0.0,0.0
4415,0.3146830790298644,50.00040095809295,0.0,1.0,1.0,0.0,0.0
4416,0.05835898993066342,45.46371834416633,0.026272685185185173,0.8884526017049721,0.9090957923979358,1474.0,1474.0
4417,0.05835898993066342,50.010084206233834,0.0,1.0,1.0,0.0,0.0
4418,0.05958385525783642,30.000262787162395,0.0,1.0,1.0,0.0,0.0
4419,0.05958385525783642,30.000262787162395,0.0,1.0,1.0,0.0,0.0
4420,0.011208869637285528,30.001435460392493,0.0,1.0,1.0,0.0,0.0
4421,0.011208869637285528,30.001435460392493,0.0,1.0,1.0,0.0,0.0
4422,0.058068251899334795,50.010934650144804,0.0,1.0,1.0,0.0,0.0
4423,0.058068251899334795,45.453593359519786,0.02627268518518518,0.8883786545812421,0.9088782327607481,1474.0,1474.0
4424,0.1591321919401959,50.00225983981018,0.0,1.0,1.0,0.0,0.0
4425,0.1591321919401959,50.00225983981018,0.0,1.0,1.0,0.0,0.0
4426,0.07264360649592227,50.00324730120845,0.0,1.0,1.0,0.0,0.0
4427,0.07264360649592227,50.00324730120845,0.0,1.0,1.0,0.0,0.0
4428,0.08095049213778198,50.00373570624831,0.0,1.0,1.0,0.0,0.0
4429,0.08095049213778198,50.00373570624831,0.0,1.0,1.0,0.0,0.0
4430,0.06461653540570307,47.90237893755337,0.007093981481481482,0.94265650197356,0.9579679983327738,398.0,398.0
4431,0.06461653540570307,50.00419764843746,0.0,1.0,1.0,0.0,0.0
4432,0.07055485700746851,50.009349326026125,0.0,1.0,1.0,0.0,0.0
4433,0.07055485700746851,48.436646736880796,0.0038143518518518535,0.9608884348305288,0.9685537393221153,214.0,214.0
4434,0.15351300322642566,50.004235578640284,0.0,1.0,1.0,0.0,0.0
4435,0.15351300322642566,50.004235578640284,0.0,1.0,1.0,0.0,0.0
4436,0.1200965235428362,50.00549210666323,0.0,1.0,1.0,0.0,0.0
4437,0.1200965235428362,50.00549210666323,0.0,1.0,1.0,0.0,0.0
4438,0.06440392178402075,50.00088816529539,0.0,1.0,1.0,0.0,0.0
4439,0.06440392178402075,50.00088816529539,0.0,1.0,1.0,0.0,0.0
4440,0.10672806403201013,50.00273692285743,0.0,1.0,1.0,0.0,0.0
4441,0.10672806403201013,50.00273692285743,0.0,1.0,1.0,0.0,0.0
4442,0.15351300322642566,50.004235578640284,3.921296296296298E-4,1.0,1.0,22.0,22.0
4443,0.15351300322642566,50.004235578640284,0.0,1.0,1.0,0.0,0.0
4444,0.052199764745903605,50.00509661661868,0.0,1.0,1.0,0.0,0.0
4445,0.052199764745903605,50.00509661661868,0.0,1.0,1.0,0.0,0.0
4446,0.029731283032778992,50.01524248504877,0.0,1.0,1.0,0.0,0.0
4447,0.029731283032778992,45.23936079686988,0.026254861111111107,0.8876632614369169,0.9045172969313257,1473.0,1473.0
4448,0.148001841901376,50.00062226397838,0.0,1.0,1.0,0.0,0.0
4449,0.148001841901376,50.00062226397838,0.0,1.0,1.0,0.0,0.0
4450,0.072383019723611,50.00554039627703,0.0,1.0,1.0,0.0,0.0
4451,0.072383019723611,50.00554039627703,0.0,1.0,1.0,0.0,0.0
4452,0.17914977790987952,50.003039267759824,0.0,1.0,1.0,0.0,0.0
4453,0.17914977790987952,50.003039267759824,0.0,1.0,1.0,0.0,0.0
4454,0.2236993448440797,50.00109533333458,0.0,1.0,1.0,0.0,0.0
4455,0.2236993448440797,47.44249261880991,0.00835949074074074,0.9300194295765634,0.9488293148761746,469.0,469.0
4456,0.17914977790987952,50.003039267759824,8.020833333333331E-4,1.0,1.0,45.0,45.0
4457,0.17914977790987952,50.003039267759824,0.0,1.0,1.0,0.0,0.0
4458,0.034235866745807746,50.019935180563266,0.0,1.0,1.0,0.0,0.0
4459,0.034235866745807746,50.019935180563266,0.0,1.0,1.0,0.0,0.0
4460,0.07304068298199283,50.008835818785506,0.0,1.0,1.0,0.0,0.0
4461,0.07304068298199283,50.008835818785506,0.0,1.0,1.0,0.0,0.0
4462,0.034235866745807746,50.019935180563266,0.0,1.0,1.0,0.0,0.0
4463,0.034235866745807746,50.019935180563266,0.0,1.0,1.0,0.0,0.0
4464,0.028132197900782384,50.01279626805758,0.0,1.0,1.0,0.0,0.0
4466,0.016525996642795956,49.19124824917357,4.099537037037036E-4,0.9831223282975272,0.9831223282975272,23.0,23.0
4468,0.01774652621106272,50.029361284123574,0.0,1.0,1.0,0.0,0.0
4470,0.02188424588099735,50.02113344227966,0.0,1.0,1.0,0.0,0.0
4472,0.018369677900650607,50.02332862506973,0.0,1.0,1.0,0.0,0.0
4474,0.013504042760528908,50.01497318714411,0.0,1.0,1.0,0.0,0.0
4476,0.017686408810557913,50.016552802834646,4.099537037037036E-4,1.0,1.0,23.0,23.0
4478,0.20690257542608242,50.00330770232926,0.0,1.0,1.0,0.0,0.0
4479,0.20690257542608242,50.00330770232926,0.0,1.0,1.0,0.0,0.0
4480,0.012854382190521237,50.02786582256914,0.0,1.0,1.0,0.0,0.0
4482,0.072383019723611,50.00554039627703,0.0,1.0,1.0,0.0,0.0
4483,0.072383019723611,46.84240550468242,0.009714120370370375,0.9216863454781696,0.9367453819126785,545.0,545.0
4484,0.10515806279664827,50.00911837092916,0.0,1.0,1.0,0.0,0.0
4485,0.10515806279664827,50.00911837092916,0.0,1.0,1.0,0.0,0.0
4486,0.14578869480025552,50.00374440557544,0.0,1.0,1.0,0.0,0.0
4487,0.14578869480025552,45.71874253617913,0.05894421296296298,0.882940724255267,0.9143085435415175,3307.0,3307.0
4488,0.15028725694598152,44.90958214920234,0.07047638888888891,0.8789166700643399,0.8981357929865433,3954.0,3954.0
4489,0.15028725694598152,50.00315388221196,0.0,1.0,1.0,0.0,0.0
4490,0.07216251160958546,50.00674529249426,0.0,1.0,1.0,0.0,0.0
4491,0.07216251160958546,50.00674529249426,0.0,1.0,1.0,0.0,0.0
4492,0.1200965235428362,48.930595555118195,0.0019784722222222226,0.963376661431163,0.9785066457246518,111.0,111.0
4493,0.1200965235428362,50.00549210666323,0.0,1.0,1.0,0.0,0.0
4494,0.07042468648879854,50.005694548259314,0.0,1.0,1.0,0.0,0.0
4495,0.07042468648879854,50.005694548259314,0.0,1.0,1.0,0.0,0.0
4496,0.07216251160958546,50.00674529249426,5.525462962962965E-4,1.0,1.0,31.0,31.0
4497,0.07216251160958546,50.00674529249426,0.0,1.0,1.0,0.0,0.0
4498,0.04555509331234559,49.733017397947464,2.1388888888888898E-4,0.9943747399881944,0.9943747399881944,12.0,12.0
4499,0.04555509331234559,50.01474105655509,3.208333333333333E-4,1.0,1.0,18.0,18.0
4500,0.007122488317501893,50.079995982435186,0.0,1.0,1.0,0.0,0.0
4501,0.007122488317501893,50.079995982435186,0.0,1.0,1.0,0.0,0.0
4502,0.16289426287397482,50.001649586145064,0.0,1.0,1.0,0.0,0.0
4503,0.16289426287397482,50.001649586145064,0.0,1.0,1.0,0.0,0.0
4504,0.007122488317501893,50.079995982435186,2.1388888888888898E-4,1.0,1.0,12.0,12.0
4505,0.007122488317501893,49.31627604370305,3.208333333333333E-4,0.9847755987143793,0.9847755987143793,18.0,18.0
4506,0.1264495273924697,50.00200995308556,0.0,1.0,1.0,0.0,0.0
4507,0.1264495273924697,50.00200995308556,0.0,1.0,1.0,0.0,0.0
4508,0.07042468648879854,49.763479465291184,7.664351851851849E-4,0.9951592574332995,0.9951592574332995,43.0,43.0
4509,0.07042468648879854,50.005694548259314,0.0,1.0,1.0,0.0,0.0
4510,0.1926993099547675,30.001189976956407,0.0,1.0,1.0,0.0,0.0
4511,0.1926993099547675,30.001189976956407,0.0,1.0,1.0,0.0,0.0
4512,0.02905568017511779,29.925537725971413,1.0995370370370369E-4,0.9973264667761153,0.9973264667761153,5.0,5.0
4514,0.1302023074184588,49.9052012968271,0.0018715277777777786,0.9980455191691532,0.9980455191691532,105.0,105.0
4516,0.053035378569354565,50.007166801905825,0.0,1.0,1.0,0.0,0.0
4517,0.053035378569354565,50.007166801905825,0.0,1.0,1.0,0.0,0.0
4518,0.053035378569354565,50.007166801905825,0.0,1.0,1.0,0.0,0.0
4519,0.053035378569354565,50.007166801905825,0.0026736111111111105,1.0,1.0,150.0,150.0
4520,0.11943509428033829,50.00190015225234,0.0,1.0,1.0,0.0,0.0
4521,0.11943509428033829,50.00190015225234,0.0,1.0,1.0,0.0,0.0
4522,0.06857732829597105,50.005748808080966,0.0,1.0,1.0,0.0,0.0
4523,0.06857732829597105,50.005748808080966,0.0,1.0,1.0,0.0,0.0
4524,0.12511113722385492,30.000672351020967,0.0,1.0,1.0,0.0,0.0
4525,0.12511113722385492,29.76945619905503,0.0029687499999999996,0.9838036298998317,0.9922937287553312,135.0,135.0
4526,0.26175722909596977,29.10061455961957,0.005145833333333331,0.959278871655383,0.9699943054522486,234.0,234.0
4527,0.26175722909596977,30.000828549681348,0.0,1.0,1.0,0.0,0.0
4528,0.07795023177712734,50.00371247285432,0.0,1.0,1.0,0.0,0.0
4529,0.07795023177712734,50.00371247285432,0.0,1.0,1.0,0.0,0.0
4530,0.06857732829597105,49.97949578995672,9.268518518518516E-4,0.999479730310916,0.999479730310916,52.0,52.0
4531,0.06857732829597105,49.722469781404,0.0013368055555555553,0.9943404078082118,0.9943404078082118,75.0,75.0
4532,0.05120357490009121,50.00891742819543,0.0,1.0,1.0,0.0,0.0
4533,0.05120357490009121,50.00891742819543,0.0,1.0,1.0,0.0,0.0
4534,0.11943509428033829,50.00190015225234,4.45601851851852E-4,1.0,1.0,25.0,25.0
4535,0.11943509428033829,49.909072550580795,0.0027092592592592606,0.9981450314267795,0.9981450314267795,152.0,152.0
4536,0.07093585268578444,50.0037340256166,0.0,1.0,1.0,0.0,0.0
4537,0.07093585268578444,50.0037340256166,0.0,1.0,1.0,0.0,0.0
4538,0.08115864205629958,50.003613110162334,0.0,1.0,1.0,0.0,0.0
4539,0.08115864205629958,50.003613110162334,0.0,1.0,1.0,0.0,0.0
4540,0.28562348393995074,50.00216602722343,0.0,1.0,1.0,0.0,0.0
4541,0.28562348393995074,50.00216602722343,0.0,1.0,1.0,0.0,0.0
4542,0.08640557676862431,48.39882281883466,0.004010416666666666,0.9607363528673444,0.9679454114693774,225.0,225.0
4544,0.053495547325873916,30.002176409588113,0.0,1.0,1.0,0.0,0.0
4545,0.053495547325873916,30.002176409588113,0.0,1.0,1.0,0.0,0.0
4546,0.144247855967195,29.94517704312808,0.0015393518518518519,0.9981314467477058,0.9981314467477058,70.0,70.0
4548,0.052548081123094115,29.878578331677556,0.00235300925925926,0.9958356146262346,0.9958356146262346,107.0,107.0
4550,0.052402225577888484,50.01272854729548,0.0,1.0,1.0,0.0,0.0
4552,0.030803729537844875,48.92288250459554,0.009838888888888885,0.9780985389066326,0.9780985389066326,552.0,552.0
4554,0.06825126419303396,30.0005556892457,0.0,1.0,1.0,0.0,0.0
4556,0.12302923616121987,49.934851184905746,0.00796736111111111,0.9986861574408132,0.9986861574408132,447.0,447.0
4558,0.06579917818685835,45.330751583819,0.015863425925925923,0.8880638213701919,0.906512753219052,890.0,890.0
4560,0.26954397688945625,30.00025712790362,0.0,1.0,1.0,0.0,0.0
4562,0.1543190925816438,50.00438643509611,2.1388888888888898E-4,1.0,1.0,12.0,12.0
4564,0.05120357490009121,50.00891742819543,0.0,1.0,1.0,0.0,0.0
4565,0.05120357490009121,50.00891742819543,4.634259259259258E-4,1.0,1.0,26.0,26.0
4566,0.28562348393995074,49.536231761375795,0.0015328703703703698,0.9906831197057335,0.9906831197057335,86.0,86.0
4567,0.28562348393995074,50.00216602722343,0.0,1.0,1.0,0.0,0.0
4568,0.07795023177712734,49.902663303898755,7.307870370370375E-4,0.9979813369164228,0.9979813369164228,41.0,41.0
4569,0.07795023177712734,50.00371247285432,0.0,1.0,1.0,0.0,0.0
4570,0.19953947052405205,50.00293010487174,0.0,1.0,1.0,0.0,0.0
4571,0.19953947052405205,50.00293010487174,0.0,1.0,1.0,0.0,0.0
4572,0.004590634803633078,30.047791441961966,0.0,1.0,1.0,0.0,0.0
4573,0.004590634803633078,30.047791441961966,0.0,1.0,1.0,0.0,0.0
4574,0.06279706684443723,50.00430007519886,0.0,1.0,1.0,0.0,0.0
4575,0.06279706684443723,50.00430007519886,0.0,1.0,1.0,0.0,0.0
4576,0.05861635553018124,50.00447391200296,0.0,1.0,1.0,0.0,0.0
4577,0.05861635553018124,50.00447391200296,0.0,1.0,1.0,0.0,0.0
4578,0.2326750145481562,50.00179395734017,0.0,1.0,1.0,0.0,0.0
4579,0.2326750145481562,50.00179395734017,0.0,1.0,1.0,0.0,0.0
4580,0.05861635553018124,47.2799311032824,0.06261597222222223,0.9202694705974194,0.9455166003455937,3513.0,3513.0
4581,0.05861635553018124,50.00447391200296,0.0,1.0,1.0,0.0,0.0
4582,0.060446275208260764,50.001514418598056,0.0,1.0,1.0,0.0,0.0
4583,0.060446275208260764,50.001514418598056,0.0,1.0,1.0,0.0,0.0
4584,0.2254731923311831,50.00021512826531,0.0,1.0,1.0,0.0,0.0
4585,0.2254731923311831,50.00021512826531,0.0,1.0,1.0,0.0,0.0
4586,0.14315901562263628,50.00217873692545,0.0,1.0,1.0,0.0,0.0
4588,0.11338611649452379,50.00490253341733,0.0,1.0,1.0,0.0,0.0
4589,0.11338611649452379,50.00490253341733,0.0,1.0,1.0,0.0,0.0
4590,0.05439860544693045,50.00893248441001,0.0,1.0,1.0,0.0,0.0
4591,0.05439860544693045,50.00893248441001,0.0,1.0,1.0,0.0,0.0
4592,0.24608607280621636,50.00055661487634,0.0,1.0,1.0,0.0,0.0
4593,0.24608607280621636,50.00055661487634,0.0,1.0,1.0,0.0,0.0
4594,0.2326750145481562,50.00179395734017,4.812499999999999E-4,1.0,1.0,27.0,27.0
4595,0.2326750145481562,50.00179395734017,0.0,1.0,1.0,0.0,0.0
4596,0.06185006664221618,50.00229955355451,0.0,1.0,1.0,0.0,0.0
4597,0.06185006664221618,50.00229955355451,0.0,1.0,1.0,0.0,0.0
4598,0.21867348338030557,50.00155869976499,0.0,1.0,1.0,0.0,0.0
4599,0.21867348338030557,50.00155869976499,0.0,1.0,1.0,0.0,0.0
4600,0.11395475642693813,50.00452500450722,0.0,1.0,1.0,0.0,0.0
4601,0.11395475642693813,50.00452500450722,0.0,1.0,1.0,0.0,0.0
4602,0.029599061490974923,50.00310716448134,0.0,1.0,1.0,0.0,0.0
4603,0.029599061490974923,50.00310716448134,0.0,1.0,1.0,0.0,0.0
4604,0.11338611649452379,50.00490253341733,0.0,1.0,1.0,0.0,0.0
4605,0.11338611649452379,50.00490253341733,0.0,1.0,1.0,0.0,0.0
4606,0.24779733615587404,50.0011440032031,0.0,1.0,1.0,0.0,0.0
4607,0.24779733615587404,50.0011440032031,0.0,1.0,1.0,0.0,0.0
4608,0.029599061490974923,50.00310716448134,0.0,1.0,1.0,0.0,0.0
4609,0.029599061490974923,50.00310716448134,0.0,1.0,1.0,0.0,0.0
4610,0.24608607280621636,50.00055661487634,0.0,1.0,1.0,0.0,0.0
4611,0.24608607280621636,49.982109688682854,6.594907407407404E-4,0.9996312933989955,0.9996312933989955,37.0,37.0
4612,0.6078773236217168,50.00019112660635,0.0,1.0,1.0,0.0,0.0
4613,0.6078773236217168,50.00019112660635,0.0,1.0,1.0,0.0,0.0
4614,0.6310462753512907,50.0003651648431,0.0,1.0,1.0,0.0,0.0
4615,0.6310462753512907,50.0003651648431,0.0,1.0,1.0,0.0,0.0
4616,0.060446275208260764,47.166786145910265,0.0609048611111111,0.9200126237372179,0.943307958577241,3417.0,3417.0
4617,0.060446275208260764,50.001514418598056,0.0,1.0,1.0,0.0,0.0
4618,0.03474621459581402,50.01454320069192,0.0,1.0,1.0,0.0,0.0
4619,0.03474621459581402,46.98426500076319,0.05814212962962965,0.9188923851694114,0.9394186746692453,3262.0,3262.0
4620,0.2186734833803056,50.001558699765,0.0,1.0,1.0,0.0,0.0
4621,0.2186734833803056,49.431487918565225,3.208333333333333E-4,0.9885998832924753,0.9885998832924753,18.0,18.0
4622,0.05439860544693045,49.98705357644808,4.2777777777777795E-4,0.9995661437092656,0.9995661437092656,24.0,24.0
4623,0.05439860544693045,50.00893248441001,0.0,1.0,1.0,0.0,0.0
4624,0.06185006664221618,50.00229955355451,0.0,1.0,1.0,0.0,0.0
4625,0.06185006664221618,49.888335979155364,1.425925925925926E-4,0.9977216866593315,0.9977216866593315,8.0,8.0
4626,0.2254731923311831,50.00021512826531,5.881944444444444E-4,1.0,1.0,33.0,33.0
4627,0.2254731923311831,50.00021512826531,0.0,1.0,1.0,0.0,0.0
4628,0.058075769221783966,50.00544587381542,0.0,1.0,1.0,0.0,0.0
4629,0.058075769221783966,50.00544587381542,0.0,1.0,1.0,0.0,0.0
4630,0.05911655951872392,50.00460861546196,0.0,1.0,1.0,0.0,0.0
4631,0.05911655951872392,45.65049767732166,0.06985254629629632,0.8822025341595896,0.9129283426476277,3919.0,3919.0
4632,0.014356438728747445,50.032119480630016,0.0,1.0,1.0,0.0,0.0
4633,0.014356438728747445,50.032119480630016,0.0,1.0,1.0,0.0,0.0
4634,0.26225093252440423,50.00017779302273,0.0,1.0,1.0,0.0,0.0
4636,0.1985249263583924,46.95596089921114,0.00987453703703704,0.9222669179241436,0.9390676716965745,554.0,554.0
4637,0.1985249263583924,50.002780024502385,0.0,1.0,1.0,0.0,0.0
4638,0.17341636830098223,49.900130700912094,0.0014972222222222227,0.997928320609455,0.997928320609455,84.0,84.0
4639,0.17341636830098223,47.78144144290153,0.00745046296296296,0.936111009263498,0.9555553518603294,418.0,418.0
4640,0.06876449047105686,50.000437425935104,0.0,1.0,1.0,0.0,0.0
4641,0.06876449047105686,50.000437425935104,0.0,1.0,1.0,0.0,0.0
4642,0.09065432135491931,47.78778208517424,0.009125925925925926,0.9421279279661234,0.9557395011887139,512.0,512.0
4643,0.09065432135491931,50.000851367812096,0.0,1.0,1.0,0.0,0.0
4644,0.1327053967368797,50.00412688431724,0.0,1.0,1.0,0.0,0.0
4645,0.1327053967368797,47.92994786845835,0.006291898148148147,0.942831740435973,0.9585207185206527,353.0,353.0
4646,0.1447674294330644,50.00122286856297,0.0,1.0,1.0,0.0,0.0
4647,0.1447674294330644,50.00122286856297,0.0,1.0,1.0,0.0,0.0
4648,0.06876449047105686,50.000437425935104,3.386574074074076E-4,1.0,1.0,19.0,19.0
4649,0.06876449047105686,50.000437425935104,0.0,1.0,1.0,0.0,0.0
4650,0.07297924228737464,50.00481009412804,0.0,1.0,1.0,0.0,0.0
4651,0.07297924228737464,50.00481009412804,0.0,1.0,1.0,0.0,0.0
4652,0.12868091482014896,50.000139595524686,0.0,1.0,1.0,0.0,0.0
4653,0.12868091482014896,50.000139595524686,0.0,1.0,1.0,0.0,0.0
4654,0.09947567685989879,50.0017364836129,0.0,1.0,1.0,0.0,0.0
4655,0.09947567685989879,50.0017364836129,0.0,1.0,1.0,0.0,0.0
4656,0.12739467945067218,50.002272789186634,0.0,1.0,1.0,0.0,0.0
4657,0.12739467945067218,50.002272789186634,0.0,1.0,1.0,0.0,0.0
4658,0.10575272342271641,50.00128767031509,0.0,1.0,1.0,0.0,0.0
4660,0.029379968951417815,50.00845778964734,0.0,1.0,1.0,0.0,0.0
4661,0.029379968951417815,50.00845778964734,0.0,1.0,1.0,0.0,0.0
4662,0.11893559478455495,50.002118559429846,0.0,1.0,1.0,0.0,0.0
4663,0.11893559478455495,50.002118559429846,0.0,1.0,1.0,0.0,0.0
4664,0.09963775159554965,50.00639979701362,0.0,1.0,1.0,0.0,0.0
4666,0.12739467945067218,49.82194729501343,0.0034043981481481473,0.9963953841075248,0.9963953841075248,191.0,191.0
4667,0.12739467945067218,50.002272789186634,0.0,1.0,1.0,0.0,0.0
4668,0.12557725227729777,48.4251027219895,0.004580787037037036,0.9608606164617648,0.9684424658470592,257.0,257.0
4670,0.12889353582507074,50.0018026907602,0.0,1.0,1.0,0.0,0.0
4671,0.12889353582507074,49.849679856024125,0.0013724537037037047,0.9969590455475787,0.9969590455475787,77.0,77.0
4672,0.06567361503557315,48.648721492103306,0.004349074074074075,0.9619682564952803,0.9728730259811211,244.0,244.0
4674,0.05544588020832006,49.09673490147382,0.0036539351851851867,0.9701216074014178,0.9819098814695023,205.0,205.0
4676,0.07255881927560467,50.00224911795115,0.0,1.0,1.0,0.0,0.0
4677,0.07255881927560467,50.00224911795115,0.0,1.0,1.0,0.0,0.0
4678,0.004188983472403238,50.10079900548725,0.0,1.0,1.0,0.0,0.0
4679,0.004188983472403238,50.10079900548725,0.0,1.0,1.0,0.0,0.0
4680,0.004335396364109294,50.023804201261086,0.0,1.0,1.0,0.0,0.0
4681,0.004335396364109294,50.023804201261086,0.0,1.0,1.0,0.0,0.0
4682,0.035625192027683994,50.000269512538935,0.0,1.0,1.0,0.0,0.0
4683,0.035625192027683994,50.000269512538935,0.0,1.0,1.0,0.0,0.0
4684,0.035625192027683994,47.95391951024017,0.004580787037037036,0.9439209699440926,0.9590732806962529,257.0,257.0
4685,0.035625192027683994,50.000269512538935,0.0,1.0,1.0,0.0,0.0
4686,0.0819534871270645,30.001276556582493,0.0,1.0,1.0,0.0,0.0
4687,0.0819534871270645,30.001276556582493,0.0,1.0,1.0,0.0,0.0
4688,0.2340929916418201,50.00206300644075,0.0,1.0,1.0,0.0,0.0
4689,0.2340929916418201,50.00206300644075,0.0,1.0,1.0,0.0,0.0
4690,0.04007444589697822,50.006240980631404,0.0,1.0,1.0,0.0,0.0
4691,0.04007444589697822,50.006240980631404,0.0,1.0,1.0,0.0,0.0
4692,0.06183012675956972,30.002487711881788,0.0,1.0,1.0,0.0,0.0
4693,0.06183012675956972,30.002487711881788,0.0,1.0,1.0,0.0,0.0
4694,0.10557552157791525,30.000148210631846,0.0,1.0,1.0,0.0,0.0
4695,0.10557552157791525,30.000148210631846,0.0,1.0,1.0,0.0,0.0
4696,0.10557552157791525,30.000148210631846,0.0,1.0,1.0,0.0,0.0
4697,0.10557552157791525,30.000148210631846,0.0,1.0,1.0,0.0,0.0
4698,0.06183012675956972,30.002487711881788,0.0,1.0,1.0,0.0,0.0
4699,0.06183012675956972,30.002487711881788,0.001341435185185185,1.0,1.0,61.0,61.0
4700,0.06551753302702398,30.000396705327695,0.0,1.0,1.0,0.0,0.0
4701,0.06551753302702398,30.000396705327695,0.0,1.0,1.0,0.0,0.0
4702,0.043063687065973154,30.00373010209084,0.0,1.0,1.0,0.0,0.0
4703,0.043063687065973154,30.00373010209084,0.0,1.0,1.0,0.0,0.0
4704,0.043063687065973154,30.00373010209084,0.0,1.0,1.0,0.0,0.0
4705,0.043063687065973154,29.031180975389113,0.00602546296296296,0.9606467191184893,0.9675868764739574,274.0,274.0
4706,0.12288770320514586,46.12120858006225,0.02602314814814815,0.9023847334608662,0.922330480617209,1460.0,1460.0
4707,0.12288770320514586,50.00516915773992,0.0,1.0,1.0,0.0,0.0
4708,0.23262792954576658,50.000629671309326,0.0,1.0,1.0,0.0,0.0
4709,0.23262792954576658,50.000629671309326,0.0,1.0,1.0,0.0,0.0
4710,0.0947735800958527,30.002188563583335,0.0,1.0,1.0,0.0,0.0
4711,0.0947735800958527,30.002188563583335,0.0,1.0,1.0,0.0,0.0
4712,0.0819534871270645,29.51983839079065,8.796296296296295E-4,0.9711435837344293,0.9839538341355253,40.0,40.0
4713,0.0819534871270645,30.001276556582493,0.0,1.0,1.0,0.0,0.0
4714,0.047469261679495875,30.001640106422958,0.0,1.0,1.0,0.0,0.0
4715,0.047469261679495875,30.001640106422958,0.0,1.0,1.0,0.0,0.0
4716,0.047469261679495875,30.001640106422958,0.0018472222222222219,1.0,1.0,84.0,84.0
4717,0.047469261679495875,30.001640106422958,0.0,1.0,1.0,0.0,0.0
4718,0.06551753302702398,29.242534071206816,0.0033645833333333323,0.9624346157938981,0.9747384631755924,153.0,153.0
4719,0.06551753302702398,30.000396705327695,0.0,1.0,1.0,0.0,0.0
4720,0.0947735800958527,30.002188563583335,0.0,1.0,1.0,0.0,0.0
4721,0.0947735800958527,29.784483003647214,0.001781250000000001,0.9841429740886629,0.9927461876737728,81.0,81.0
4722,0.042780496532642154,30.003854961525768,0.0,1.0,1.0,0.0,0.0
4723,0.042780496532642154,30.003854961525768,0.0,1.0,1.0,0.0,0.0
4724,0.042780496532642154,30.003854961525768,6.157407407407405E-4,1.0,1.0,28.0,28.0
4725,0.042780496532642154,30.003854961525768,0.0,1.0,1.0,0.0,0.0
4726,0.13542996737011664,50.00491102896615,0.0,1.0,1.0,0.0,0.0
4728,0.06665562306491046,50.00213441001826,0.0012120370370370375,1.0,1.0,68.0,68.0
4729,0.06665562306491046,50.00213441001826,0.0,1.0,1.0,0.0,0.0
4730,0.01642131098047049,50.01414511818424,0.0,1.0,1.0,0.0,0.0
4731,0.01642131098047049,50.01414511818424,0.0,1.0,1.0,0.0,0.0
4732,0.05609001600631838,50.00595780652456,0.0,1.0,1.0,0.0,0.0
4733,0.05609001600631838,50.00595780652456,0.0,1.0,1.0,0.0,0.0
4734,0.12868091482014896,50.000139595524686,0.0,1.0,1.0,0.0,0.0
4735,0.12868091482014896,50.000139595524686,6.773148148148152E-4,1.0,1.0,38.0,38.0
4736,0.14476742943306442,49.100500216719794,0.0014972222222222227,0.9642466415050681,0.9819865660202722,84.0,84.0
4737,0.14476742943306442,50.00122286856298,0.0,1.0,1.0,0.0,0.0
4738,0.01642131098047049,50.01414511818424,4.099537037037036E-4,1.0,1.0,23.0,23.0
4739,0.01642131098047049,50.01414511818424,0.0,1.0,1.0,0.0,0.0
4740,0.04007444589697822,50.006240980631404,0.0,1.0,1.0,0.0,0.0
4741,0.04007444589697822,50.006240980631404,9.80324074074074E-4,1.0,1.0,55.0,55.0
4742,0.2340929916418201,48.86072122313193,0.003315277777777778,0.9677098059748653,0.9771753132988661,186.0,186.0
4743,0.2340929916418201,50.00206300644075,0.0,1.0,1.0,0.0,0.0
4744,0.2109975540080004,50.00271176544016,0.0,1.0,1.0,0.0,0.0
4745,0.2109975540080004,50.00271176544016,0.0,1.0,1.0,0.0,0.0
4746,0.01925965571959069,49.22162417793143,0.0029409722222222237,0.9839570125181779,0.9839570125181779,165.0,165.0
4747,0.01925965571959069,49.225199609067495,5.881944444444444E-4,0.9840285211408992,0.9840285211408992,33.0,33.0
4748,0.3176162065131441,50.00080214480142,0.0,1.0,1.0,0.0,0.0
4749,0.3176162065131441,50.00080214480142,0.0,1.0,1.0,0.0,0.0
4750,0.2109975540080004,49.86936803740828,0.0015685185185185192,0.9973359501950292,0.9973359501950292,88.0,88.0
4751,0.2109975540080004,49.89736751070516,9.268518518518516E-4,0.9978953747098334,0.9978953747098334,52.0,52.0
4752,0.08871514552005365,46.41804968969083,0.09865625000000006,0.8847000545412789,0.928292999915091,5535.0,5535.0
4753,0.08871514552005365,50.00383965432804,0.0,1.0,1.0,0.0,0.0
4754,0.037445011320581104,50.00075695626556,0.0,1.0,1.0,0.0,0.0
4755,0.037445011320581104,50.00075695626556,0.0,1.0,1.0,0.0,0.0
4756,0.04033358659676983,30.00018837776269,0.0,1.0,1.0,0.0,0.0
4757,0.04033358659676983,30.00018837776269,0.0,1.0,1.0,0.0,0.0
4758,0.10953847648794289,30.001408654640475,0.0,1.0,1.0,0.0,0.0
4759,0.10953847648794289,30.001408654640475,0.0,1.0,1.0,0.0,0.0
4760,0.05609528497744578,50.01065525478078,0.0,1.0,1.0,0.0,0.0
4761,0.05609528497744578,50.01065525478078,0.0,1.0,1.0,0.0,0.0
4762,0.04033358659676983,29.697535623488402,0.001055555555555555,0.9899118364933053,0.9899118364933053,48.0,48.0
4763,0.04033358659676983,30.00018837776269,0.0,1.0,1.0,0.0,0.0
4764,0.10953847648794289,30.001408654640475,6.817129629629625E-4,1.0,1.0,31.0,31.0
4765,0.10953847648794289,30.001408654640475,0.0,1.0,1.0,0.0,0.0
4766,0.05609528497744578,50.01065525478078,0.0,1.0,1.0,0.0,0.0
4767,0.05609528497744578,50.01065525478078,0.0,1.0,1.0,0.0,0.0
4768,0.014134108604070121,30.00164562184696,0.0,1.0,1.0,0.0,0.0
4769,0.014134108604070121,30.00164562184696,0.0,1.0,1.0,0.0,0.0
4770,0.0973570542750613,30.002173890619815,0.0,1.0,1.0,0.0,0.0
4771,0.0973570542750613,30.002173890619815,0.0,1.0,1.0,0.0,0.0
4772,0.05294923056930341,29.88873395065762,0.0018692129629629638,0.9961542123114072,0.9961542123114072,85.0,85.0
4774,0.0973570542750613,30.002173890619815,0.0018692129629629638,1.0,1.0,85.0,85.0
4775,0.0973570542750613,30.002173890619815,0.0,1.0,1.0,0.0,0.0
4776,0.07157990190219517,30.002054587018577,0.0,1.0,1.0,0.0,0.0
4777,0.07157990190219517,30.002054587018577,0.0,1.0,1.0,0.0,0.0
4778,0.08644241067154346,27.207507504732266,0.018736111111111103,0.8882163810319205,0.9069092063718632,852.0,852.0
4780,0.07157990190219517,30.002054587018577,0.0,1.0,1.0,0.0,0.0
4781,0.07157990190219517,30.002054587018577,0.0,1.0,1.0,0.0,0.0
4782,0.05305098171988411,29.887338785950327,0.002924768518518517,0.9962268917046792,0.9962268917046792,133.0,133.0
4784,0.08596659232681284,30.002882440768417,0.0,1.0,1.0,0.0,0.0
4785,0.08596659232681284,30.002882440768417,0.0,1.0,1.0,0.0,0.0
4786,0.03670734704993102,50.01758114297944,0.0,1.0,1.0,0.0,0.0
4787,0.03670734704993102,50.01758114297944,0.0,1.0,1.0,0.0,0.0
4788,0.06942643323523419,50.00703474326592,0.0,1.0,1.0,0.0,0.0
4789,0.06942643323523419,50.00703474326592,0.0,1.0,1.0,0.0,0.0
4790,0.045597618074507025,47.95860106334582,0.00796736111111111,0.9436735177299086,0.959163791928373,447.0,447.0
4791,0.045597618074507025,50.00043407500009,0.0,1.0,1.0,0.0,0.0
4792,0.03670734704993102,50.01758114297944,0.0,1.0,1.0,0.0,0.0
4793,0.03670734704993102,50.01758114297944,0.0,1.0,1.0,0.0,0.0
4794,0.06942643323523418,48.08568887654093,0.007575231481481481,0.9444521845605687,0.961580410523069,425.0,425.0
4795,0.06942643323523418,50.00703474326591,1.7824074074074064E-4,1.0,1.0,10.0,10.0
4796,0.012313621163858314,50.03277222335207,0.0,1.0,1.0,0.0,0.0
4797,0.012313621163858314,50.03277222335207,0.0,1.0,1.0,0.0,0.0
4798,0.04272167986267931,50.01562520508797,0.0,1.0,1.0,0.0,0.0
4799,0.04272167986267931,50.01562520508797,0.0,1.0,1.0,0.0,0.0
4800,0.02930190797663689,48.03004357028482,0.008983333333333331,0.9439912147561393,0.9602694492124921,504.0,504.0
4802,0.031461939856267836,50.00573222188265,5.525462962962965E-4,1.0,1.0,31.0,31.0
4804,0.19014635307380534,50.001962824375404,0.0,1.0,1.0,0.0,0.0
4805,0.19014635307380534,50.001962824375404,0.0,1.0,1.0,0.0,0.0
4806,0.19014635307380534,50.001962824375404,0.0,1.0,1.0,0.0,0.0
4807,0.19014635307380534,49.944296870225266,0.006398842592592595,0.9988487255257217,0.9988487255257217,359.0,359.0
4808,0.02344910306389192,49.60360471883417,0.006398842592592595,0.991883734911464,0.991883734911464,359.0,359.0
4810,0.04501869515421583,49.50286976579631,0.01860833333333333,0.9899561834650888,0.9899561834650888,1044.0,1044.0
4812,0.05824576025656797,50.0202139607931,0.0,1.0,1.0,0.0,0.0
4813,0.05824576025656797,50.0202139607931,0.0,1.0,1.0,0.0,0.0
4814,0.46185694006139183,50.00255576269128,0.0,1.0,1.0,0.0,0.0
4815,0.46185694006139183,50.00255576269128,0.0,1.0,1.0,0.0,0.0
4816,0.06403608208466502,50.00648492511802,0.0,1.0,1.0,0.0,0.0
4817,0.06403608208466502,50.00648492511802,0.0,1.0,1.0,0.0,0.0
4818,0.06738075713315457,50.00427245503123,0.0,1.0,1.0,0.0,0.0
4820,0.16820648652973658,50.00357981065662,0.0,1.0,1.0,0.0,0.0
4822,0.09103552605223535,49.00551308110049,0.012334259259259258,0.9691810108635754,0.9800286883938176,692.0,692.0
4824,0.010374081686436243,50.06259258870037,0.0,1.0,1.0,0.0,0.0
4826,0.018277353827397747,48.80527223465523,0.0017824074074074085,0.9668661263679296,0.9753989194025258,100.0,100.0
4828,0.03744824667410466,50.005077161267344,0.0,1.0,1.0,0.0,0.0
4830,0.01379698810975361,49.20435932246701,0.0035113425925925945,0.9710253759170171,0.9837174185007008,197.0,197.0
4832,0.07031726106209231,50.00832473795581,0.0,1.0,1.0,0.0,0.0
4833,0.07031726106209231,50.00832473795581,0.0,1.0,1.0,0.0,0.0
4834,0.24624936143809345,50.0026905734749,0.0,1.0,1.0,0.0,0.0
4835,0.24624936143809345,49.54625512871377,0.0034935185185185178,0.982699834520757,0.9908740937854803,196.0,196.0
4836,0.07698401114740608,50.007657908816654,0.0,1.0,1.0,0.0,0.0
4837,0.07698401114740608,50.007657908816654,0.0,1.0,1.0,0.0,0.0
4838,0.020810882020966308,49.47746759343024,0.003386574074074075,0.9893040073336636,0.9893040073336636,190.0,190.0
4840,0.3400186745435274,30.0001771569212,0.0,1.0,1.0,0.0,0.0
4841,0.3400186745435274,30.0001771569212,0.0,1.0,1.0,0.0,0.0
4842,0.1098563172445086,49.75246946000289,0.0013724537037037047,0.9949700420591094,0.9949700420591094,77.0,77.0
4844,0.12664516825954156,50.002479242635395,5.168981481481481E-4,1.0,1.0,29.0,29.0
4846,0.1495562965764513,50.00024774101269,0.0,1.0,1.0,0.0,0.0
4847,0.1495562965764513,50.00024774101269,0.0,1.0,1.0,0.0,0.0
4848,0.0011956373747816927,48.07109334090029,0.011621296296296298,0.9583333333333334,0.960464748291609,652.0,652.0
4850,0.17180569048188848,49.75747955286037,7.486111111111114E-4,0.9951488384365952,0.9951488384365952,42.0,42.0
4852,0.019953275944843467,48.70634706110975,0.005293750000000002,0.9660179598656707,0.973702586398008,297.0,297.0
4854,0.06530644516706047,50.000681114720905,0.0,1.0,1.0,0.0,0.0
4855,0.06530644516706047,50.000681114720905,0.0,1.0,1.0,0.0,0.0
4856,0.08953671572578173,50.00499171778068,0.0,1.0,1.0,0.0,0.0
4858,0.08438728329589867,50.00727899016217,0.0,1.0,1.0,0.0,0.0
4859,0.08438728329589867,50.00727899016217,0.0,1.0,1.0,0.0,0.0
4860,0.1495562965764513,50.00024774101269,0.0020675925925925922,1.0,1.0,116.0,116.0
4861,0.1495562965764513,50.00024774101269,0.0,1.0,1.0,0.0,0.0
4862,0.0580677694745755,48.96808480787845,0.009001157407407413,0.9687467060836836,0.979160078834034,505.0,505.0
4864,0.2799356574700679,49.91708038925187,0.0011229166666666664,0.998324141543343,0.998324141543343,63.0,63.0
4866,0.02713158132568912,48.56115744343252,0.004295601851851853,0.9613165463239115,0.9709931563042459,241.0,241.0
4868,0.04337663016875428,50.00187915706545,0.0,1.0,1.0,0.0,0.0
4870,0.04901311836594678,50.0133860877008,0.0,1.0,1.0,0.0,0.0
4871,0.04901311836594678,50.0133860877008,0.0,1.0,1.0,0.0,0.0
4872,0.22878181535399428,50.000882423165336,0.0,1.0,1.0,0.0,0.0
4874,0.028318648631914793,50.0231281034805,0.0,1.0,1.0,0.0,0.0
4876,0.04004503381327632,50.00420455351882,0.0,1.0,1.0,0.0,0.0
4878,0.06453545179471817,49.10133757419646,0.011621296296296298,0.9701230571343213,0.9819127809353093,652.0,652.0
4880,0.07575510392878472,49.09522487282342,0.015916898148148145,0.9750181049641162,0.9818427337418019,893.0,893.0
4881,0.07575510392878472,50.003368929890904,0.0,1.0,1.0,0.0,0.0
4882,0.06530644516706047,50.000681114720905,0.0,1.0,1.0,0.0,0.0
4883,0.06530644516706047,49.318045782461745,0.012940277777777775,0.9787239548512394,0.9863484285460182,726.0,726.0
4884,0.08438728329589866,49.0703955635724,0.012352083333333331,0.9741640086443691,0.9812744631184749,693.0,693.0
4885,0.08438728329589866,50.00727899016216,0.0,1.0,1.0,0.0,0.0
4886,0.12360126651493798,50.00163607751172,0.0,1.0,1.0,0.0,0.0
4887,0.12360126651493798,49.538560219628614,0.01103310185185185,0.9825226794382212,0.9907412096381908,619.0,619.0
4888,0.09854938629169659,49.423076411796586,0.009304166666666665,0.9808731735771885,0.9883864536584736,522.0,522.0
4890,0.05042593082925633,48.53402608618055,0.004295601851851853,0.9613761065177701,0.9705044260710801,241.0,241.0
4892,0.25569743341379514,50.00058448069867,0.0,1.0,1.0,0.0,0.0
4893,0.25569743341379514,50.00058448069867,0.0,1.0,1.0,0.0,0.0
4894,0.006045096190853205,48.55619289506443,0.0015685185185185192,0.9435045332740216,0.9705857773823662,88.0,88.0
4896,0.0029154763579161006,47.98373239042156,0.016309027777777783,0.9417441221179945,0.9555278626675674,915.0,915.0
4898,0.002456143670404035,50.23930234917345,0.0,1.0,1.0,0.0,0.0
4899,0.002456143670404035,50.23930234917345,0.0,1.0,1.0,0.0,0.0
4900,0.14692515912033718,50.00289022813518,0.0,1.0,1.0,0.0,0.0
4902,0.04877735204043772,50.01380442767753,0.0,1.0,1.0,0.0,0.0
4903,0.04877735204043772,50.01380442767753,0.0,1.0,1.0,0.0,0.0
4904,0.008521506089593898,50.044733968251286,0.0,1.0,1.0,0.0,0.0
4905,0.008521506089593898,50.044733968251286,0.0,1.0,1.0,0.0,0.0
4906,0.10424804670987127,50.005725270557846,0.0,1.0,1.0,0.0,0.0
4907,0.10424804670987127,50.005725270557846,0.0,1.0,1.0,0.0,0.0
4908,0.15581299054840853,50.002385984513346,0.0,1.0,1.0,0.0,0.0
4909,0.15581299054840853,50.002385984513346,0.0,1.0,1.0,0.0,0.0
4910,0.06015817994975082,50.00449037614937,0.0,1.0,1.0,0.0,0.0
4911,0.06015817994975082,50.00449037614937,0.0,1.0,1.0,0.0,0.0
4912,0.14301242416537824,50.00434411376862,0.0,1.0,1.0,0.0,0.0
4913,0.14301242416537824,50.00434411376862,0.0,1.0,1.0,0.0,0.0
4914,0.051597317824752215,50.00009264309771,0.0,1.0,1.0,0.0,0.0
4915,0.051597317824752215,50.00009264309771,0.0,1.0,1.0,0.0,0.0
4916,0.040207325893578186,50.01602391737438,0.0,1.0,1.0,0.0,0.0
4917,0.040207325893578186,50.01602391737438,0.0,1.0,1.0,0.0,0.0
4918,0.22473340456434698,50.002488036566696,0.0,1.0,1.0,0.0,0.0
4919,0.22473340456434698,50.002488036566696,0.0,1.0,1.0,0.0,0.0
4920,0.05556127153099561,50.00514437789605,0.0,1.0,1.0,0.0,0.0
4921,0.05556127153099561,50.00514437789605,0.0,1.0,1.0,0.0,0.0
4922,0.05622140890219199,50.0116313436845,0.0,1.0,1.0,0.0,0.0
4923,0.05622140890219199,50.0116313436845,0.0,1.0,1.0,0.0,0.0
4924,0.07153940490400346,50.00812769988591,0.0,1.0,1.0,0.0,0.0
4925,0.07153940490400346,50.00812769988591,0.0,1.0,1.0,0.0,0.0
4926,0.040207325893578186,50.01602391737438,0.0,1.0,1.0,0.0,0.0
4927,0.040207325893578186,50.01602391737438,0.0,1.0,1.0,0.0,0.0
4928,0.051597317824752215,49.85165486806351,0.0012833333333333332,0.9970313217018975,0.9970313217018975,72.0,72.0
4929,0.051597317824752215,50.00009264309771,7.486111111111114E-4,1.0,1.0,42.0,42.0
4930,0.09162188515884313,50.00588031713694,0.0,1.0,1.0,0.0,0.0
4931,0.09162188515884313,50.00588031713694,0.0,1.0,1.0,0.0,0.0
4932,0.0635076322111904,50.00600961511056,0.0,1.0,1.0,0.0,0.0
4933,0.0635076322111904,50.00600961511056,0.0,1.0,1.0,0.0,0.0
4934,0.057569701870993466,50.00022357914994,0.0,1.0,1.0,0.0,0.0
4935,0.057569701870993466,50.00022357914994,0.0,1.0,1.0,0.0,0.0
4936,0.3944917607215195,50.00247653677453,0.0,1.0,1.0,0.0,0.0
4937,0.3944917607215195,50.00247653677453,0.0,1.0,1.0,0.0,0.0
4938,0.045353727232336855,30.002465644324268,0.0,1.0,1.0,0.0,0.0
4939,0.045353727232336855,30.002465644324268,0.0,1.0,1.0,0.0,0.0
4940,0.22700447749571842,50.000986232537095,0.0,1.0,1.0,0.0,0.0
4941,0.22700447749571842,50.000986232537095,0.0,1.0,1.0,0.0,0.0
4942,0.05556127153099561,49.568667138120745,0.0027092592592592606,0.9912747421860738,0.9912747421860738,152.0,152.0
4943,0.05556127153099561,49.171725304931115,0.020105555555555567,0.9833401925038614,0.9833401925038614,1128.0,1128.0
4944,0.09964533204237212,50.00323325237519,0.0,1.0,1.0,0.0,0.0
4945,0.09964533204237212,50.00323325237519,0.0,1.0,1.0,0.0,0.0
4946,0.19509016096813808,50.001749927758596,0.0,1.0,1.0,0.0,0.0
4947,0.19509016096813808,50.001749927758596,0.0,1.0,1.0,0.0,0.0
4948,0.09162188515884313,49.88562808113621,0.001105092592592593,0.9975998555442661,0.9975998555442661,62.0,62.0
4949,0.09162188515884313,49.446799626277496,0.0011229166666666664,0.9888232864470919,0.9888232864470919,63.0,63.0
4950,0.14795314798024076,50.00294148787708,0.0,1.0,1.0,0.0,0.0
4951,0.14795314798024076,50.00294148787708,0.0,1.0,1.0,0.0,0.0
4952,0.21643486027838166,50.00099448130488,0.0,1.0,1.0,0.0,0.0
4953,0.21643486027838166,50.00099448130488,0.0,1.0,1.0,0.0,0.0
4954,0.03377753608068544,50.020209745153274,0.0,1.0,1.0,0.0,0.0
4955,0.03377753608068544,50.020209745153274,0.0,1.0,1.0,0.0,0.0
4956,0.17887759565212158,50.00072554916047,0.0,1.0,1.0,0.0,0.0
4957,0.17887759565212158,50.00072554916047,0.0,1.0,1.0,0.0,0.0
4958,0.04983190682047648,50.01250754215649,0.0,1.0,1.0,0.0,0.0
4959,0.04983190682047648,50.01250754215649,0.0,1.0,1.0,0.0,0.0
4960,0.04314858373784161,50.0112367856503,0.0,1.0,1.0,0.0,0.0
4961,0.04314858373784161,50.0112367856503,0.0,1.0,1.0,0.0,0.0
4962,0.19509016096813808,50.001749927758596,0.0,1.0,1.0,0.0,0.0
4963,0.19509016096813808,50.001749927758596,9.090277777777775E-4,1.0,1.0,51.0,51.0
4964,0.1788775956521216,50.00072554916048,0.0,1.0,1.0,0.0,0.0
4965,0.1788775956521216,50.00072554916048,4.2777777777777795E-4,1.0,1.0,24.0,24.0
4966,0.05622140890219199,49.21727993250898,0.019713425925925922,0.984132357349297,0.984132357349297,1106.0,1106.0
4967,0.05622140890219199,50.0116313436845,0.0,1.0,1.0,0.0,0.0
4968,0.0604903887732837,50.00353606976378,0.0,1.0,1.0,0.0,0.0
4969,0.0604903887732837,50.00353606976378,0.0,1.0,1.0,0.0,0.0
4970,0.27220359601892447,50.00168107297317,0.0,1.0,1.0,0.0,0.0
4971,0.27220359601892447,50.00168107297317,0.0,1.0,1.0,0.0,0.0
4972,0.22473340456434698,50.002488036566696,3.921296296296298E-4,1.0,1.0,22.0,22.0
4973,0.22473340456434698,49.901992840022615,0.0027092592592592606,0.997992169432924,0.997992169432924,152.0,152.0
4974,0.0635076322111904,49.461436581158836,0.003939120370370373,0.9891147993367058,0.9891147993367058,221.0,221.0
4975,0.0635076322111904,50.00600961511056,0.0,1.0,1.0,0.0,0.0
4976,0.053859617690733975,50.011509849533745,0.0,1.0,1.0,0.0,0.0
4977,0.053859617690733975,50.011509849533745,0.0,1.0,1.0,0.0,0.0
4978,0.2946088975760099,50.001981579069145,0.0,1.0,1.0,0.0,0.0
4979,0.2946088975760099,50.001981579069145,0.0,1.0,1.0,0.0,0.0
4980,0.04559128389321987,50.00872090663971,0.0,1.0,1.0,0.0,0.0
4981,0.04559128389321987,50.00872090663971,0.0,1.0,1.0,0.0,0.0
4982,0.04983190682047648,49.79734956700117,9.268518518518516E-4,0.9957072634486906,0.9957072634486906,52.0,52.0
4983,0.04983190682047648,50.01250754215649,0.0,1.0,1.0,0.0,0.0
4984,0.04565407767862072,50.00142368209145,0.0,1.0,1.0,0.0,0.0
4985,0.04565407767862072,50.00142368209145,0.0,1.0,1.0,0.0,0.0
4986,0.057569701870993466,48.79851823827287,0.02147800925925927,0.966259124012361,0.9759661260774064,1205.0,1205.0
4987,0.057569701870993466,50.00022357914994,0.0,1.0,1.0,0.0,0.0
4988,0.27220359601892447,50.00168107297317,3.564814814814815E-5,1.0,1.0,2.0,2.0
4989,0.27220359601892447,49.425384996290255,0.007165277777777775,0.9809399428536978,0.988475479360486,402.0,402.0
4990,0.21643486027838163,50.00099448130487,0.0,1.0,1.0,0.0,0.0
4991,0.21643486027838163,48.894455080456595,0.01427708333333334,0.9679661493216382,0.9778702479010605,801.0,801.0
4992,0.053859617690733975,49.94743260253903,4.099537037037036E-4,0.9987280466013838,0.9987280466013838,23.0,23.0
4993,0.053859617690733975,50.011509849533745,0.0,1.0,1.0,0.0,0.0
4994,0.22700447749571842,49.96078936125211,1.960648148148149E-4,0.9991964735045242,0.9991964735045242,11.0,11.0
4995,0.22700447749571842,50.000986232537095,0.0,1.0,1.0,0.0,0.0
4996,0.03377753608068544,50.020209745153274,0.0,1.0,1.0,0.0,0.0
4997,0.03377753608068544,50.020209745153274,6.060185185185188E-4,1.0,1.0,34.0,34.0
4998,0.04314858373784161,50.0112367856503,0.0,1.0,1.0,0.0,0.0
4999,0.04314858373784161,49.20584905534337,0.00285185185185185,0.9775095403697609,0.9839016093819034,160.0,160.0
5000,0.08221786091872964,50.005794780778295,0.0,1.0,1.0,0.0,0.0
5001,0.08221786091872964,50.005794780778295,0.0,1.0,1.0,0.0,0.0
5002,0.11906558498181921,50.00421207822553,0.0,1.0,1.0,0.0,0.0
5003,0.11906558498181921,50.00421207822553,0.0,1.0,1.0,0.0,0.0
5004,0.04471545406691984,50.00796354175565,0.0,1.0,1.0,0.0,0.0
5005,0.04471545406691984,50.00796354175565,0.0,1.0,1.0,0.0,0.0
5006,0.04559128389321987,49.62952483743924,9.268518518518516E-4,0.9924233460381905,0.9924233460381905,52.0,52.0
5007,0.04559128389321987,50.00872090663971,0.0,1.0,1.0,0.0,0.0
5008,0.04699473040027821,50.009172167012,0.0,1.0,1.0,0.0,0.0
5009,0.04699473040027821,50.009172167012,0.0,1.0,1.0,0.0,0.0
5010,0.025923374917076226,50.01294196220494,0.0,1.0,1.0,0.0,0.0
5011,0.025923374917076226,50.01294196220494,0.0,1.0,1.0,0.0,0.0
5012,0.20898827874327341,50.000518606751136,0.0,1.0,1.0,0.0,0.0
5013,0.20898827874327341,50.000518606751136,0.0,1.0,1.0,0.0,0.0
5014,0.036158984229336576,50.00858364410744,0.0,1.0,1.0,0.0,0.0
5015,0.036158984229336576,50.00858364410744,0.0,1.0,1.0,0.0,0.0
5016,0.09964533204237211,49.78811517598736,0.002317129629629631,0.9957003328492229,0.9957003328492229,130.0,130.0
5017,0.09964533204237211,49.57299709959954,0.020533333333333327,0.9914006656984458,0.9914006656984458,1152.0,1152.0
5018,0.11883072937896955,50.00474877431799,0.0,1.0,1.0,0.0,0.0
5019,0.11883072937896955,50.00474877431799,0.0,1.0,1.0,0.0,0.0
5020,0.0604903887732837,48.79787002415297,0.025862731481481487,0.9644267362340134,0.97589257253739,1451.0,1451.0
5021,0.0604903887732837,50.00353606976378,0.0,1.0,1.0,0.0,0.0
5022,0.08221786091872964,50.005794780778295,0.0,1.0,1.0,0.0,0.0
5023,0.08221786091872964,49.13208699821348,0.02160277777777777,0.9701555497213495,0.9825355023166675,1212.0,1212.0
5024,0.20898827874327341,50.000518606751136,0.001818055555555555,1.0,1.0,102.0,102.0
5025,0.20898827874327341,50.000518606751136,0.0,1.0,1.0,0.0,0.0
5026,0.14301242416537824,50.00434411376862,0.0,1.0,1.0,0.0,0.0
5027,0.14301242416537824,49.8709991961319,0.0016398148148148144,0.9973367217420729,0.9973367217420729,92.0,92.0
5028,0.11883072937896955,49.657768773513844,0.004259953703703705,0.9930643572958487,0.9930643572958487,239.0,239.0
5029,0.11883072937896955,50.00474877431799,0.0,1.0,1.0,0.0,0.0
5030,0.07153940490400346,50.00812769988591,0.0,1.0,1.0,0.0,0.0
5031,0.07153940490400346,50.00812769988591,8.377314814814818E-4,1.0,1.0,47.0,47.0
5032,0.2946088975760099,50.001981579069145,0.0,1.0,1.0,0.0,0.0
5033,0.2946088975760099,50.001981579069145,1.960648148148149E-4,1.0,1.0,11.0,11.0
5034,0.036158984229336576,49.87071275725528,7.129629629629626E-4,0.9972461587813349,0.9972461587813349,40.0,40.0
5035,0.036158984229336576,49.38481925223397,0.021371064814814815,0.9875390182360431,0.9875390182360431,1199.0,1199.0
5036,0.5935380918601971,50.00086887950366,0.0,1.0,1.0,0.0,0.0
5037,0.5935380918601971,50.00086887950366,0.0,1.0,1.0,0.0,0.0
5038,0.06934607759319618,50.00919057201648,0.0,1.0,1.0,0.0,0.0
5039,0.06934607759319618,50.00919057201648,0.0,1.0,1.0,0.0,0.0
5040,0.16691850375729453,50.00055030173576,0.0,1.0,1.0,0.0,0.0
5042,0.0093675536174196,50.034411012923684,0.0,1.0,1.0,0.0,0.0
5043,0.0093675536174196,50.034411012923684,0.0,1.0,1.0,0.0,0.0
5044,0.03911132190726436,50.00026948371865,0.0,1.0,1.0,0.0,0.0
5045,0.03911132190726436,50.00026948371865,0.0,1.0,1.0,0.0,0.0
5046,0.23875827232603478,50.00173242430048,0.0,1.0,1.0,0.0,0.0
5047,0.23875827232603478,50.00173242430048,0.0,1.0,1.0,0.0,0.0
5048,0.02276492771107905,46.81087329968161,0.049337037037037026,0.9187952412906185,0.9361756342275853,2768.0,2768.0
5049,0.02276492771107905,50.00228173269346,0.0,1.0,1.0,0.0,0.0
5050,0.04336773512210601,50.00763819333173,0.0,1.0,1.0,0.0,0.0
5051,0.04336773512210601,46.981834434481996,0.04853495370370369,0.918901391596654,0.9394966551452248,2723.0,2723.0
5052,0.2556561936563637,50.000668069914134,0.0,1.0,1.0,0.0,0.0
5053,0.2556561936563637,50.000668069914134,0.0,1.0,1.0,0.0,0.0
5054,0.08197981604862065,50.004631951039364,0.0,1.0,1.0,0.0,0.0
5055,0.08197981604862065,50.004631951039364,0.0,1.0,1.0,0.0,0.0
5056,0.07361588980892743,50.00324590795071,0.0,1.0,1.0,0.0,0.0
5058,0.08283081595454436,50.00686524171721,0.0,1.0,1.0,0.0,0.0
5059,0.08283081595454436,50.00686524171721,0.0,1.0,1.0,0.0,0.0
5060,0.06783279050236019,50.00983940374701,0.0,1.0,1.0,0.0,0.0
5061,0.06783279050236019,50.00983940374701,0.0,1.0,1.0,0.0,0.0
5062,0.08197981604862065,50.004631951039364,0.0,1.0,1.0,0.0,0.0
5063,0.08197981604862065,50.004631951039364,1.960648148148149E-4,1.0,1.0,11.0,11.0
5064,0.0501705729085437,50.00389326432928,0.0,1.0,1.0,0.0,0.0
5065,0.0501705729085437,50.00389326432928,0.0,1.0,1.0,0.0,0.0
5066,0.09038378956001751,50.004862827118956,0.0,1.0,1.0,0.0,0.0
5067,0.09038378956001751,50.004862827118956,0.0,1.0,1.0,0.0,0.0
5068,0.14861659166896635,50.001843926007375,0.0,1.0,1.0,0.0,0.0
5070,0.10910496365895998,50.00354795318344,0.0,1.0,1.0,0.0,0.0
5072,0.23875827232603478,50.00173242430048,0.0011229166666666664,1.0,1.0,63.0,63.0
5073,0.23875827232603478,50.00173242430048,0.0,1.0,1.0,0.0,0.0
5074,0.08283081595454436,50.00686524171721,0.0,1.0,1.0,0.0,0.0
5075,0.08283081595454436,50.00044074861324,3.921296296296298E-4,0.9998743706553027,0.9998743706553027,22.0,22.0
5076,0.06934607759319618,50.00919057201648,0.0,1.0,1.0,0.0,0.0
5077,0.06934607759319618,50.00919057201648,4.990740740740744E-4,1.0,1.0,28.0,28.0
5078,0.08006432258326963,50.00547558982836,0.0,1.0,1.0,0.0,0.0
5079,0.08006432258326963,50.00547558982836,0.0,1.0,1.0,0.0,0.0
5080,0.23067537382363656,49.30857729177032,0.0010159722222222221,0.9861353708696716,0.9861353708696716,57.0,57.0
5082,0.012954346961326944,50.03825006521137,0.0,1.0,1.0,0.0,0.0
5084,0.021642854683855055,50.009163582720284,0.0,1.0,1.0,0.0,0.0
5086,0.026997082311727965,49.18523877368063,8.912037037037043E-4,0.9708242492458398,0.9833151651583462,50.0,50.0
5088,0.02378347962526318,50.01198986620762,0.0,1.0,1.0,0.0,0.0
5089,0.02378347962526318,50.01198986620762,0.0,1.0,1.0,0.0,0.0
5090,0.026975272694661642,50.00565484077338,0.0,1.0,1.0,0.0,0.0
5091,0.026975272694661642,50.00565484077338,0.0,1.0,1.0,0.0,0.0
5092,0.08006432258326963,50.00547558982836,0.0,1.0,1.0,0.0,0.0
5093,0.08006432258326963,48.77909552554565,0.0020319444444444443,0.9626192404264674,0.9754769617058695,114.0,114.0
5094,0.004014425327830703,50.006682284396305,0.0,1.0,1.0,0.0,0.0
5096,0.19661240548685138,50.00032917156435,8.377314814814818E-4,1.0,1.0,47.0,47.0
5097,0.19661240548685138,50.00032917156435,0.0,1.0,1.0,0.0,0.0
5098,0.06783279050236019,50.00983940374701,1.960648148148149E-4,1.0,1.0,11.0,11.0
5099,0.06783279050236019,50.00983940374701,0.0,1.0,1.0,0.0,0.0
5100,0.07947016804127612,50.00744711564307,0.0,1.0,1.0,0.0,0.0
5102,0.2556561936563637,50.000668069914134,4.099537037037036E-4,1.0,1.0,23.0,23.0
5103,0.2556561936563637,50.000668069914134,0.0,1.0,1.0,0.0,0.0
5104,0.14082510186487868,50.00200874973501,0.0,1.0,1.0,0.0,0.0
5106,0.05831238802433159,50.005859191899404,0.0,1.0,1.0,0.0,0.0
5107,0.05831238802433159,50.005859191899404,0.0,1.0,1.0,0.0,0.0
5108,0.2831668075047784,50.00002486841291,0.0,1.0,1.0,0.0,0.0
5109,0.2831668075047784,50.00002486841291,0.0,1.0,1.0,0.0,0.0
5110,0.06165934239715232,50.00532386342607,0.0,1.0,1.0,0.0,0.0
5111,0.06165934239715232,50.00532386342607,0.0,1.0,1.0,0.0,0.0
5112,0.017171132751893355,50.01300801522337,0.0,1.0,1.0,0.0,0.0
5113,0.017171132751893355,50.01300801522337,0.0,1.0,1.0,0.0,0.0
5114,0.07244914110411779,50.00324155959049,0.0,1.0,1.0,0.0,0.0
5115,0.07244914110411779,50.00324155959049,0.0,1.0,1.0,0.0,0.0
5116,0.03308226845995759,50.01938952366541,0.0,1.0,1.0,0.0,0.0
5117,0.03308226845995759,50.01938952366541,0.0,1.0,1.0,0.0,0.0
5118,0.17238237320412433,50.002138710405895,0.0,1.0,1.0,0.0,0.0
5119,0.17238237320412433,50.002138710405895,0.0,1.0,1.0,0.0,0.0
5120,0.016236007039791903,50.04248745141341,0.0,1.0,1.0,0.0,0.0
5121,0.016236007039791903,50.04248745141341,0.0,1.0,1.0,0.0,0.0
5122,0.06165934239715232,49.41364434132095,0.0022458333333333328,0.9807114679163978,0.9881708461107527,126.0,126.0
5123,0.06165934239715232,50.00532386342607,0.0,1.0,1.0,0.0,0.0
5124,0.06364275193711517,50.00303513173606,0.0,1.0,1.0,0.0,0.0
5125,0.06364275193711517,50.00303513173606,0.0,1.0,1.0,0.0,0.0
5126,0.06496356348797011,50.004025776500406,0.0,1.0,1.0,0.0,0.0
5127,0.06496356348797011,50.004025776500406,0.0,1.0,1.0,0.0,0.0
5128,0.0422545478946909,50.00538212389456,0.0,1.0,1.0,0.0,0.0
5129,0.0422545478946909,50.00538212389456,0.0,1.0,1.0,0.0,0.0
5130,0.20449408278306105,50.001949196428704,0.0,1.0,1.0,0.0,0.0
5131,0.20449408278306105,50.001949196428704,0.0,1.0,1.0,0.0,0.0
5132,0.017171132751893355,50.01300801522337,2.851851851851852E-4,1.0,1.0,16.0,16.0
5133,0.017171132751893355,50.01300801522337,0.0,1.0,1.0,0.0,0.0
5134,0.03795260497961398,50.01075326742691,0.0,1.0,1.0,0.0,0.0
5135,0.03795260497961398,50.01075326742691,0.0,1.0,1.0,0.0,0.0
5136,0.04272167986267931,48.08784905051065,0.008983333333333331,0.9442803939705529,0.9614607531637535,504.0,504.0
5137,0.04272167986267931,50.01562520508797,0.0,1.0,1.0,0.0,0.0
5138,0.09619146345572915,50.00567053294223,0.0,1.0,1.0,0.0,0.0
5139,0.09619146345572915,50.00567053294223,0.0,1.0,1.0,0.0,0.0
5140,0.01924205508091802,50.015450029823015,0.0,1.0,1.0,0.0,0.0
5141,0.01924205508091802,50.015450029823015,0.0,1.0,1.0,0.0,0.0
5142,0.05098139182332935,50.00899470408329,0.0,1.0,1.0,0.0,0.0
5144,0.028905784921725974,50.005202171174204,0.0,1.0,1.0,0.0,0.0
5145,0.028905784921725974,50.005202171174204,0.0,1.0,1.0,0.0,0.0
5146,0.03308226845995759,49.58936171651057,5.881944444444444E-4,0.9914156017932909,0.9914156017932909,33.0,33.0
5147,0.03308226845995759,50.01938952366541,0.0,1.0,1.0,0.0,0.0
5148,0.01924205508091802,50.015450029823015,0.0,1.0,1.0,0.0,0.0
5149,0.01924205508091802,50.015450029823015,0.0,1.0,1.0,0.0,0.0
5150,0.08403887620897726,50.006604025176564,0.0,1.0,1.0,0.0,0.0
5151,0.08403887620897726,50.006604025176564,0.0,1.0,1.0,0.0,0.0
5152,0.011149357557950232,50.046991531946176,0.0,1.0,1.0,0.0,0.0
5153,0.011149357557950232,48.02111299796371,0.010640972222222227,0.9435431851799312,0.9595313788327946,597.0,597.0
5154,0.0422545478946909,50.00538212389456,9.624999999999998E-4,1.0,1.0,54.0,54.0
5155,0.0422545478946909,50.00538212389456,0.0,1.0,1.0,0.0,0.0
5156,0.027822247790125806,50.005038464529655,0.0,1.0,1.0,0.0,0.0
5157,0.027822247790125806,50.005038464529655,0.0,1.0,1.0,0.0,0.0
5158,0.226305119116013,50.0029723695849,0.0,1.0,1.0,0.0,0.0
5159,0.226305119116013,50.0029723695849,0.0,1.0,1.0,0.0,0.0
5160,0.1591321919401959,47.97560408806109,0.005810648148148149,0.9434648523592531,0.9594692389648205,326.0,326.0
5161,0.1591321919401959,50.00225983981018,0.0,1.0,1.0,0.0,0.0
5162,0.0537938689424642,50.00204704179476,0.0,1.0,1.0,0.0,0.0
5163,0.0537938689424642,48.886196667018275,0.0011407407407407408,0.9631711745931582,0.9776846983726326,64.0,64.0
5164,0.022706567361218084,50.02670899656372,0.0,1.0,1.0,0.0,0.0
5165,0.022706567361218084,48.395558545094936,0.004010416666666666,0.9605998121169401,0.9673992484677607,225.0,225.0
5166,0.0804244254630121,50.00482412208006,0.0,1.0,1.0,0.0,0.0
5167,0.0804244254630121,50.00482412208006,0.0,1.0,1.0,0.0,0.0
5168,0.06227548431207026,50.00931151538098,0.0,1.0,1.0,0.0,0.0
5169,0.06227548431207026,50.00931151538098,0.0,1.0,1.0,0.0,0.0
5170,0.06642217167053173,50.0041442940013,0.0,1.0,1.0,0.0,0.0
5171,0.06642217167053173,50.0041442940013,0.0,1.0,1.0,0.0,0.0
5172,0.12035880791975918,50.00481344617808,0.0,1.0,1.0,0.0,0.0
5173,0.12035880791975918,50.00481344617808,0.0,1.0,1.0,0.0,0.0
5174,0.093485441695268,50.00707133773622,0.0,1.0,1.0,0.0,0.0
5175,0.093485441695268,50.00707133773622,0.0,1.0,1.0,0.0,0.0
5176,0.08505565784725037,48.21252948127318,0.01916087962962962,0.9450436044299213,0.9642494496175975,1075.0,1075.0
5177,0.08505565784725037,50.000060132283046,0.0,1.0,1.0,0.0,0.0
5178,0.05271218714774504,50.003655792327315,0.0,1.0,1.0,0.0,0.0
5180,0.030951183706070248,29.84473514072956,0.0054756944444444445,0.994789047690362,0.994789047690362,249.0,249.0
5182,0.05262388069375646,28.27167833957943,0.012292824074074078,0.9230655424726697,0.9422621698906786,559.0,559.0
5184,0.040529713074552005,30.003489012623323,0.0,1.0,1.0,0.0,0.0
5185,0.040529713074552005,30.003489012623323,0.0,1.0,1.0,0.0,0.0
5186,0.07876957055527399,50.003606771113795,0.0,1.0,1.0,0.0,0.0
5187,0.07876957055527399,50.003606771113795,0.0,1.0,1.0,0.0,0.0
5188,0.06596703090164985,50.006593229298694,0.0,1.0,1.0,0.0,0.0
5189,0.06596703090164985,50.006593229298694,0.0,1.0,1.0,0.0,0.0
5190,0.01406282434850791,50.02585736623367,0.0,1.0,1.0,0.0,0.0
5191,0.01406282434850791,50.02585736623367,0.0,1.0,1.0,0.0,0.0
5192,0.17238237320412433,50.002138710405895,0.0,1.0,1.0,0.0,0.0
5193,0.17238237320412433,49.05753125594319,0.00262013888888889,0.9754155582103965,0.9811096331694176,147.0,147.0
5194,0.10514497990026701,50.00289665006093,0.0,1.0,1.0,0.0,0.0
5195,0.10514497990026701,50.00289665006093,0.0,1.0,1.0,0.0,0.0
5196,0.2831668075047784,50.00002486841291,0.0,1.0,1.0,0.0,0.0
5197,0.2831668075047784,48.5006923946624,0.004384722222222224,0.9612533428121668,0.9700133712486673,246.0,246.0
5198,0.02424569642950726,49.681114717656364,0.001425925925925925,0.9932473957969455,0.9932473957969455,80.0,80.0
5200,0.06496356348797011,50.004025776500406,0.0,1.0,1.0,0.0,0.0
5201,0.06496356348797011,48.96892261408028,0.002513194444444446,0.9688173124493406,0.9793012915653478,141.0,141.0
5202,0.03795260497961398,48.05609399294352,0.008983333333333333,0.944010639076694,0.9609180158305685,504.0,504.0
5203,0.03795260497961398,50.01075326742691,0.0,1.0,1.0,0.0,0.0
5204,0.093485441695268,48.2635813860897,0.01907175925925927,0.9452604147159114,0.9651375669438781,1070.0,1070.0
5205,0.093485441695268,50.00707133773622,0.0,1.0,1.0,0.0,0.0
5206,0.11697524812170787,50.001293426519624,0.0,1.0,1.0,0.0,0.0
5207,0.11697524812170787,50.001293426519624,0.0,1.0,1.0,0.0,0.0
5208,0.13298413772614925,45.520303265104594,0.0308,0.8894578035161527,0.9103267240262044,1728.0,1728.0
5209,0.13298413772614925,50.00448044852071,0.0,1.0,1.0,0.0,0.0
5210,0.04983985232270606,50.00654079201277,0.0,1.0,1.0,0.0,0.0
5211,0.04983985232270606,50.00654079201277,0.0,1.0,1.0,0.0,0.0
5212,0.10132697576007016,50.00371661908877,0.0,1.0,1.0,0.0,0.0
5213,0.10132697576007016,50.00371661908877,0.0,1.0,1.0,0.0,0.0
5214,0.03793129980904028,50.00098107379898,0.0,1.0,1.0,0.0,0.0
5215,0.03793129980904028,50.00098107379898,0.0,1.0,1.0,0.0,0.0
5216,0.0591157103160591,50.00389030493721,0.0,1.0,1.0,0.0,0.0
5217,0.0591157103160591,50.00389030493721,0.0,1.0,1.0,0.0,0.0
5218,0.08162259809217787,50.007037633056555,0.0,1.0,1.0,0.0,0.0
5219,0.08162259809217787,50.007037633056555,0.0,1.0,1.0,0.0,0.0
5220,0.06802311472436616,50.0067823172796,0.0,1.0,1.0,0.0,0.0
5221,0.06802311472436616,50.0067823172796,0.0,1.0,1.0,0.0,0.0
5222,0.06596703090164985,49.899828729560156,0.0018715277777777786,0.997870204362978,0.997870204362978,105.0,105.0
5223,0.06596703090164985,50.006593229298694,0.0,1.0,1.0,0.0,0.0
5224,0.038570916073065314,50.00190776486681,0.0,1.0,1.0,0.0,0.0
5225,0.038570916073065314,50.00190776486681,0.0,1.0,1.0,0.0,0.0
5226,0.003762426241292676,50.16568321723568,0.0,1.0,1.0,0.0,0.0
5227,0.003762426241292676,50.16568321723568,0.0,1.0,1.0,0.0,0.0
5228,0.1284734073877535,50.00046125361217,0.0,1.0,1.0,0.0,0.0
5230,0.028905784921725974,49.513838756623784,5.881944444444444E-4,0.9901759830659754,0.9901759830659754,33.0,33.0
5231,0.028905784921725974,50.005202171174204,0.0,1.0,1.0,0.0,0.0
5232,0.07840440776854414,50.00103949809725,0.0,1.0,1.0,0.0,0.0
5233,0.07840440776854414,50.00103949809725,0.0,1.0,1.0,0.0,0.0
5234,0.12035880791975918,50.00481344617808,0.0,1.0,1.0,0.0,0.0
5235,0.12035880791975918,50.00481344617808,3.030092592592594E-4,1.0,1.0,17.0,17.0
5236,0.07269285901385687,50.00846406456808,0.0,1.0,1.0,0.0,0.0
5237,0.07269285901385687,50.00846406456808,0.0,1.0,1.0,0.0,0.0
5238,0.07485537361059164,50.005445351295215,0.0,1.0,1.0,0.0,0.0
5239,0.07485537361059164,50.005445351295215,0.0,1.0,1.0,0.0,0.0
5240,0.12715959967179982,50.00268255799884,0.0,1.0,1.0,0.0,0.0
5241,0.12715959967179982,50.00268255799884,0.0,1.0,1.0,0.0,0.0
5242,0.05895504911630963,48.50904392315696,0.005810648148148149,0.9612521162723177,0.9700084650892706,326.0,326.0
5244,0.05931867429488873,50.011060295456545,0.0,1.0,1.0,0.0,0.0
5245,0.05931867429488873,50.011060295456545,0.0,1.0,1.0,0.0,0.0
5246,0.06392591880320134,50.00723765569857,0.0,1.0,1.0,0.0,0.0
5247,0.06392591880320134,50.00723765569857,0.0,1.0,1.0,0.0,0.0
5248,0.10902847810432728,50.000321168863465,0.0,1.0,1.0,0.0,0.0
5249,0.10902847810432728,47.00751867256467,0.020729398148148146,0.9220968661216322,0.9401446860860029,1163.0,1163.0
5250,0.14408450612464596,50.00040698368281,0.0,1.0,1.0,0.0,0.0
5251,0.14408450612464596,50.00040698368281,0.0,1.0,1.0,0.0,0.0
5252,0.21621545420773344,50.00164676224323,0.0,1.0,1.0,0.0,0.0
5253,0.21621545420773344,50.00164676224323,0.0,1.0,1.0,0.0,0.0
5254,0.06392591880320134,50.00723765569857,0.0,1.0,1.0,0.0,0.0
5255,0.06392591880320134,50.00723765569857,0.0,1.0,1.0,0.0,0.0
5256,0.05656801059111885,50.01101132810115,0.0,1.0,1.0,0.0,0.0
5257,0.05656801059111885,50.01101132810115,0.0,1.0,1.0,0.0,0.0
5258,0.07564799848355304,45.00232598712318,0.02935625,0.8811873223519289,0.8999398842926216,1647.0,1647.0
5259,0.07564799848355304,49.03357030679468,0.0030300925925925938,0.9680055426559506,0.9805597525472355,170.0,170.0
5260,0.10301715654175933,50.00158602539216,0.0,1.0,1.0,0.0,0.0
5261,0.10301715654175933,47.37620019402897,0.030140509259259263,0.9280502441428594,0.9474959180142599,1691.0,1691.0
5262,0.2354694281705096,47.9670079894027,0.0297127314814815,0.943933264532389,0.9592984388023886,1667.0,1667.0
5263,0.2354694281705096,50.002356008602284,0.0,1.0,1.0,0.0,0.0
5264,0.2036852818157982,50.00116021390205,0.0,1.0,1.0,0.0,0.0
5265,0.2036852818157982,50.00116021390205,0.0,1.0,1.0,0.0,0.0
5266,0.059526088308839716,50.01024922096219,0.0,1.0,1.0,0.0,0.0
5267,0.059526088308839716,50.01024922096219,0.0,1.0,1.0,0.0,0.0
5268,0.14408450612464596,50.00040698368281,0.0,1.0,1.0,0.0,0.0
5269,0.14408450612464596,46.64052585667819,0.021495833333333342,0.9175252112064902,0.9328033101308473,1206.0,1206.0
5270,0.0817504092871412,30.000150197116035,7.69675925925926E-4,1.0,1.0,35.0,35.0
5272,0.3491694258219554,29.70683484896596,0.005849537037037033,0.9902205023793932,0.9902205023793932,266.0,266.0
5274,0.07903957872700258,50.007466329913754,0.0,1.0,1.0,0.0,0.0
5275,0.07903957872700258,50.007466329913754,0.0,1.0,1.0,0.0,0.0
5276,0.06642316369511345,50.00489111300887,0.0,1.0,1.0,0.0,0.0
5277,0.06642316369511345,50.00489111300887,0.0,1.0,1.0,0.0,0.0
5278,0.028638090502295294,50.02286550619266,0.0,1.0,1.0,0.0,0.0
5279,0.028638090502295294,50.02286550619266,0.0,1.0,1.0,0.0,0.0
5280,0.07876957055527399,50.003606771113795,0.0,1.0,1.0,0.0,0.0
5281,0.07876957055527399,49.17918375400027,0.0021210648148148156,0.9709239393168289,0.9835145453003244,119.0,119.0
5282,0.0591157103160591,50.00389030493721,0.0,1.0,1.0,0.0,0.0
5283,0.0591157103160591,50.00389030493721,0.0,1.0,1.0,0.0,0.0
5284,0.06777129966624575,50.005468087412325,0.0,1.0,1.0,0.0,0.0
5285,0.06777129966624575,50.005468087412325,0.0,1.0,1.0,0.0,0.0
5286,0.05931867429488873,48.45690857401453,0.005329398148148152,0.96098154562101,0.96892618248404,299.0,299.0
5287,0.05931867429488873,50.011060295456545,0.0,1.0,1.0,0.0,0.0
5288,0.2164661913218116,50.00181512727121,0.0,1.0,1.0,0.0,0.0
5289,0.2164661913218116,50.00181512727121,0.0,1.0,1.0,0.0,0.0
5290,0.2164661913218116,50.00181512727121,0.0,1.0,1.0,0.0,0.0
5291,0.2164661913218116,50.00181512727121,0.0,1.0,1.0,0.0,0.0
5292,0.10514497990026701,50.00289665006093,4.4560185185185214E-4,1.0,1.0,25.0,25.0
5293,0.10514497990026701,50.00289665006093,0.0,1.0,1.0,0.0,0.0
5294,0.063730075521233,50.006162135230774,0.0,1.0,1.0,0.0,0.0
5295,0.063730075521233,50.006162135230774,0.0,1.0,1.0,0.0,0.0
5296,0.21621545420773344,50.00164676224323,0.0,1.0,1.0,0.0,0.0
5297,0.21621545420773344,50.00164676224323,0.0,1.0,1.0,0.0,0.0
5298,0.057456526684301214,50.01051645635502,0.0,1.0,1.0,0.0,0.0
5299,0.057456526684301214,46.6232887940455,0.03078217592592593,0.90415456763915,0.9322795469662899,1727.0,1727.0
5300,0.06227548431207026,50.00931151538098,5.881944444444444E-4,1.0,1.0,33.0,33.0
5301,0.06227548431207026,50.00931151538098,0.0,1.0,1.0,0.0,0.0
5302,0.04944538334027444,50.00094944522135,0.0,1.0,1.0,0.0,0.0
5303,0.04944538334027444,50.00094944522135,0.0,1.0,1.0,0.0,0.0
5304,0.1037094654614319,48.86834576241364,0.015328703703703705,0.9653573292669344,0.9772386551581376,860.0,860.0
5305,0.1037094654614319,50.00724292273705,0.0,1.0,1.0,0.0,0.0
5306,0.054931887878933716,50.001212734301234,0.0,1.0,1.0,0.0,0.0
5307,0.054931887878933716,50.001212734301234,0.0,1.0,1.0,0.0,0.0
5308,0.08162259809217787,50.007037633056555,0.0,1.0,1.0,0.0,0.0
5309,0.08162259809217787,50.007037633056555,0.0,1.0,1.0,0.0,0.0
5310,0.03966049766043158,50.009734352908474,0.0,1.0,1.0,0.0,0.0
5311,0.03966049766043158,50.009734352908474,0.0,1.0,1.0,0.0,0.0
5312,0.06777129966624575,49.066510034890946,0.0018537037037037031,0.969779364511208,0.9812253956890827,104.0,104.0
5313,0.06777129966624575,50.005468087412325,0.0,1.0,1.0,0.0,0.0
5314,0.08016757627064017,50.000567320565594,0.0,1.0,1.0,0.0,0.0
5315,0.08016757627064017,50.000567320565594,0.0,1.0,1.0,0.0,0.0
5316,0.012259408947771114,50.03840386845352,0.0,1.0,1.0,0.0,0.0
5318,0.20449408278306105,49.96347547440812,0.0015506944444444444,0.9992321498899456,0.9992321498899456,87.0,87.0
5319,0.20449408278306105,50.001949196428704,0.0,1.0,1.0,0.0,0.0
5320,0.01406282434850791,50.02585736623367,0.0,1.0,1.0,0.0,0.0
5321,0.01406282434850791,48.21349085005654,0.008323842592592594,0.9583333333333334,0.963774217481652,467.0,467.0
5322,0.051429101469345845,48.570440970869804,0.008323842592592594,0.9615442631076673,0.971177052430669,467.0,467.0
5324,0.07903957872700258,50.007466329913754,0.0,1.0,1.0,0.0,0.0
5325,0.07903957872700258,50.007466329913754,0.0,1.0,1.0,0.0,0.0
5326,0.06642217167053173,50.0041442940013,0.0,1.0,1.0,0.0,0.0
5327,0.06642217167053173,50.0041442940013,0.0,1.0,1.0,0.0,0.0
5328,0.06802311472436616,50.0067823172796,0.0016041666666666663,1.0,1.0,90.0,90.0
5329,0.06802311472436616,50.0067823172796,0.0,1.0,1.0,0.0,0.0
5330,0.06642316369511345,50.00489111300887,0.0,1.0,1.0,0.0,0.0
5331,0.06642316369511345,50.00489111300887,0.0,1.0,1.0,0.0,0.0
5332,0.0804244254630121,50.00482412208006,0.0,1.0,1.0,0.0,0.0
5333,0.0804244254630121,49.92643140020511,0.0011763888888888887,0.9984361656642344,0.9984361656642344,66.0,66.0
5334,0.08016757627064017,49.92139975564137,0.0013724537037037047,0.9984171214686535,0.9984171214686535,77.0,77.0
5335,0.08016757627064017,50.000567320565594,0.0,1.0,1.0,0.0,0.0
5336,0.1926993099547675,30.001189976956407,1.0995370370370369E-4,1.0,1.0,5.0,5.0
5337,0.1926993099547675,30.001189976956407,0.0,1.0,1.0,0.0,0.0
5338,0.0659388309579033,50.00627584757782,0.0,1.0,1.0,0.0,0.0
5339,0.0659388309579033,50.00627584757782,0.0,1.0,1.0,0.0,0.0
5340,0.020015140284569567,30.010206174281734,0.0,1.0,1.0,0.0,0.0
5341,0.020015140284569567,30.010206174281734,0.0,1.0,1.0,0.0,0.0
5342,0.053032461851255444,30.00422169802288,0.0,1.0,1.0,0.0,0.0
5343,0.053032461851255444,30.00422169802288,0.0,1.0,1.0,0.0,0.0
5344,0.05645167915562739,50.00640870085103,0.0,1.0,1.0,0.0,0.0
5346,0.06291072114809514,50.00631400599305,0.0,1.0,1.0,0.0,0.0
5347,0.06291072114809514,50.00631400599305,0.0,1.0,1.0,0.0,0.0
5348,0.0942003783711596,50.00314982839495,0.0,1.0,1.0,0.0,0.0
5349,0.0942003783711596,50.00314982839495,0.0,1.0,1.0,0.0,0.0
5350,0.060763121903000504,50.01079992016503,0.0,1.0,1.0,0.0,0.0
5351,0.060763121903000504,49.58727095834113,5.525462962962965E-4,0.9915361707136252,0.9915361707136252,31.0,31.0
5352,1.0427198463753944,49.98217979809251,5.525462962962965E-4,0.9996199954519032,0.9996199954519032,31.0,31.0
5353,1.0427198463753944,50.00121809083598,0.0,1.0,1.0,0.0,0.0
5354,0.05724799691414643,30.003317643168895,0.0,1.0,1.0,0.0,0.0
5356,0.05681855779427496,50.01144451329825,0.0,1.0,1.0,0.0,0.0
5358,0.0659388309579033,50.00627584757782,0.0,1.0,1.0,0.0,0.0
5359,0.0659388309579033,49.900845949332506,9.981481481481488E-4,0.9978966319080753,0.9978966319080753,56.0,56.0
5360,0.08658672580646118,50.00195907976584,0.0,1.0,1.0,0.0,0.0
5361,0.08658672580646118,50.00195907976584,0.0,1.0,1.0,0.0,0.0
5362,0.05656801059111885,44.930022108438074,0.025844907407407414,0.8808140193692489,0.8984054499003037,1450.0,1450.0
5363,0.05656801059111885,50.01101132810115,0.0,1.0,1.0,0.0,0.0
5364,0.05569385251591507,50.0119403984271,0.0,1.0,1.0,0.0,0.0
5365,0.05569385251591507,50.0119403984271,0.0,1.0,1.0,0.0,0.0
5366,0.0942003783711596,50.00314982839495,0.0,1.0,1.0,0.0,0.0
5367,0.0942003783711596,50.00314982839495,0.002602314814814816,1.0,1.0,146.0,146.0
5368,0.012101259010654897,50.01668477423379,0.0,1.0,1.0,0.0,0.0
5369,0.012101259010654897,50.01668477423379,0.0,1.0,1.0,0.0,0.0
5370,0.04077537963340935,50.031140654489995,0.0,1.0,1.0,0.0,0.0
5371,0.04077537963340935,50.031140654489995,0.0,1.0,1.0,0.0,0.0
5372,0.10062397188628683,50.00639132946336,0.0,1.0,1.0,0.0,0.0
5373,0.10062397188628683,50.00639132946336,0.0,1.0,1.0,0.0,0.0
5374,0.05293669070295066,45.63905959622008,0.05924722222222223,0.8828135709201247,0.9126785638355963,3324.0,3324.0
5375,0.05293669070295066,50.00579546854431,0.0,1.0,1.0,0.0,0.0
5376,0.048886709629789624,50.011979160910094,0.0,1.0,1.0,0.0,0.0
5377,0.048886709629789624,50.011979160910094,0.0,1.0,1.0,0.0,0.0
5378,0.2010642937872101,50.00217308883368,0.0,1.0,1.0,0.0,0.0
5379,0.2010642937872101,45.52631241401888,0.05889074074074076,0.8829499068170817,0.9104877664989479,3304.0,3304.0
5380,0.06291072114809514,50.00631400599305,0.0,1.0,1.0,0.0,0.0
5381,0.06291072114809514,50.00631400599305,0.0,1.0,1.0,0.0,0.0
5382,0.060692679874211904,30.000500830312074,0.0,1.0,1.0,0.0,0.0
5383,0.060692679874211904,30.000500830312074,0.0,1.0,1.0,0.0,0.0
5384,0.03843961832163913,30.004905888530107,0.0,1.0,1.0,0.0,0.0
5385,0.03843961832163913,30.004905888530107,0.0,1.0,1.0,0.0,0.0
5386,0.14862422020486502,50.00441053621628,0.0,1.0,1.0,0.0,0.0
5387,0.14862422020486502,50.00441053621628,0.0,1.0,1.0,0.0,0.0
5388,0.05751554027969244,50.001435645228874,0.0,1.0,1.0,0.0,0.0
5389,0.05751554027969244,50.001435645228874,0.0,1.0,1.0,0.0,0.0
5390,0.054931887878933716,50.001212734301234,0.0,1.0,1.0,0.0,0.0
5391,0.054931887878933716,45.1852566578033,0.019339120370370364,0.8817505173120894,0.9036836576528151,1085.0,1085.0
5392,0.08460803201739292,50.00638897760869,0.0,1.0,1.0,0.0,0.0
5393,0.08460803201739292,50.00638897760869,0.0012655092592592598,1.0,1.0,71.0,71.0
5394,0.20690257542608242,50.00330770232926,0.0,1.0,1.0,0.0,0.0
5395,0.20690257542608242,49.85954819268506,6.773148148148152E-4,0.9971275662257237,0.9971275662257237,38.0,38.0
5396,0.10515806279664827,48.68912328370213,0.0015685185185185192,0.962151924224475,0.9736076968979004,88.0,88.0
5397,0.10515806279664827,50.00911837092916,0.0,1.0,1.0,0.0,0.0
5398,0.05065776726003426,50.00492518127868,0.0,1.0,1.0,0.0,0.0
5399,0.05065776726003426,50.00492518127868,0.0,1.0,1.0,0.0,0.0
5400,0.05569385251591507,44.92925300175485,0.022440509259259254,0.8807789433924552,0.8983736154796171,1259.0,1259.0
5401,0.05569385251591507,50.0119403984271,0.0,1.0,1.0,0.0,0.0
5402,0.05751554027969244,50.001435645228874,0.0,1.0,1.0,0.0,0.0
5403,0.05751554027969244,44.89020223684106,0.021442361111111124,0.8806607467205185,0.89777862185256,1203.0,1203.0
5404,0.08658672580646118,50.00195907976584,0.0,1.0,1.0,0.0,0.0
5405,0.08658672580646118,48.91048797540581,9.981481481481488E-4,0.9632930526198177,0.9781722104792708,56.0,56.0
5406,0.031649324758398885,50.016492155503066,0.0,1.0,1.0,0.0,0.0
5407,0.031649324758398885,50.016492155503066,0.0,1.0,1.0,0.0,0.0
5408,0.06512536134523192,50.000277424362324,0.0,1.0,1.0,0.0,0.0
5409,0.06512536134523192,50.000277424362324,0.0,1.0,1.0,0.0,0.0
5410,0.12037624137782334,50.0005156294178,0.0,1.0,1.0,0.0,0.0
5411,0.12037624137782334,50.0005156294178,0.0,1.0,1.0,0.0,0.0
5412,0.06396042589858596,50.00163588163072,0.0,1.0,1.0,0.0,0.0
5413,0.06396042589858596,50.00163588163072,0.0,1.0,1.0,0.0,0.0
5414,0.053032461851255444,30.00422169802288,0.001231481481481481,1.0,1.0,56.0,56.0
5415,0.053032461851255444,30.00422169802288,0.0,1.0,1.0,0.0,0.0
5416,0.07333612956410172,30.001143912587068,0.0,1.0,1.0,0.0,0.0
5417,0.07333612956410172,30.001143912587068,0.0,1.0,1.0,0.0,0.0
5418,0.28225481593939505,30.00051188018371,0.0,1.0,1.0,0.0,0.0
5419,0.28225481593939505,30.00051188018371,0.0,1.0,1.0,0.0,0.0
5420,0.09708083621456139,50.0058678455317,0.0,1.0,1.0,0.0,0.0
5421,0.09708083621456139,50.0058678455317,0.0,1.0,1.0,0.0,0.0
5422,0.06805821137061861,50.00195121106673,0.0,1.0,1.0,0.0,0.0
5423,0.06805821137061861,50.00195121106673,0.0,1.0,1.0,0.0,0.0
5424,0.05748613037623041,50.000016756325074,2.495370370370372E-4,1.0,1.0,14.0,14.0
5425,0.05748613037623041,50.000016756325074,0.0,1.0,1.0,0.0,0.0
5426,0.020413289885310854,49.47235147545035,5.525462962962965E-4,0.9889532681612996,0.9889532681612996,31.0,31.0
5428,0.05667431734337267,50.006750597093536,0.0,1.0,1.0,0.0,0.0
5430,0.03129604973782984,50.00700357576006,0.0,1.0,1.0,0.0,0.0
5432,0.01314595038787333,49.631926706119025,0.0029053240740740745,0.9835408394262986,0.9921290760825409,163.0,163.0
5434,0.009065719727548497,49.330307437724784,0.0011763888888888887,0.9855304925159788,0.9855304925159788,66.0,66.0
5436,0.06615172108225327,28.455415637140245,0.012908564814814814,0.9298686997962399,0.9484894628160513,587.0,587.0
5438,0.0683914642310509,50.00188286591861,0.0,1.0,1.0,0.0,0.0
5440,0.1368094742394956,30.000250183479576,0.0,1.0,1.0,0.0,0.0
5441,0.1368094742394956,29.95738217892818,0.0011874999999999995,0.9985714139920085,0.9985714139920085,54.0,54.0
5442,0.08068695259697722,29.938253300810384,0.00272685185185185,0.9978987881253003,0.9978987881253003,124.0,124.0
5443,0.08068695259697722,30.00134572909709,0.0,1.0,1.0,0.0,0.0
5444,0.07137828869360358,49.70333170516503,8.199074074074072E-4,0.9940224776801351,0.9940224776801351,46.0,46.0
5446,0.1461595659135158,50.00232227393871,0.0,1.0,1.0,0.0,0.0
5447,0.1461595659135158,50.00232227393871,3.921296296296298E-4,1.0,1.0,22.0,22.0
5448,0.06864843285796374,50.00695230446569,0.0,1.0,1.0,0.0,0.0
5449,0.06864843285796374,50.00695230446569,0.0,1.0,1.0,0.0,0.0
5450,0.16481000817727826,50.00135087124573,0.0,1.0,1.0,0.0,0.0
5451,0.16481000817727826,50.00135087124573,0.0,1.0,1.0,0.0,0.0
5452,0.22143220309712386,50.003508414856725,0.0,1.0,1.0,0.0,0.0
5453,0.22143220309712386,50.003508414856725,0.0,1.0,1.0,0.0,0.0
5454,0.24101255224270995,50.00260419973235,0.0,1.0,1.0,0.0,0.0
5455,0.24101255224270995,50.00260419973235,0.0,1.0,1.0,0.0,0.0
5456,0.11103336093365009,48.54310710380342,0.006701851851851855,0.9614534878033807,0.9708139512135228,376.0,376.0
5458,0.061588109587408825,48.22469578554793,0.003243981481481482,0.9457698021376182,0.9644203975917316,182.0,182.0
5459,0.061588109587408825,48.77922707108816,0.00484814814814815,0.9669217743722247,0.975510215411116,272.0,272.0
5460,0.11197495041172993,29.949942828296987,0.001231481481481481,0.998260526249206,0.998260526249206,56.0,56.0
5462,0.07151761330119688,49.63322710343369,5.347222222222221E-4,0.9926151749799147,0.9926151749799147,30.0,30.0
5464,0.04078977061383014,49.460375463997515,5.881944444444444E-4,0.988925661293706,0.988925661293706,33.0,33.0
5466,0.023803583125844824,48.72789211900074,0.001621990740740741,0.962269461224996,0.9740778448999838,91.0,91.0
5468,0.01509564289585344,47.3298222441349,0.02318912037037038,0.9294976426331492,0.9458313477647357,1301.0,1301.0
5470,0.026640620859257152,49.9818952756802,1.425925925925926E-4,0.9995735661555548,0.9995735661555548,8.0,8.0
5472,0.17594802974409293,49.79972372257011,0.0014437499999999995,0.9959749460589372,0.9959749460589372,81.0,81.0
5474,0.01987353071096436,50.031266125504686,0.0,1.0,1.0,0.0,0.0
5475,0.01987353071096436,50.031266125504686,0.0,1.0,1.0,0.0,0.0
5476,0.147062813575167,50.00246778150749,0.0,1.0,1.0,0.0,0.0
5477,0.147062813575167,50.00246778150749,0.0,1.0,1.0,0.0,0.0
5478,0.029964882576181566,49.11903578146523,0.009321990740740737,0.9762117428798847,0.9821712127287351,523.0,523.0
5480,0.06310139321060347,50.00330520761006,0.0,1.0,1.0,0.0,0.0
5482,0.1643325094823357,50.003975499654175,3.564814814814813E-4,1.0,1.0,20.0,20.0
5484,0.08422866328863886,50.00382385209431,4.634259259259258E-4,1.0,1.0,26.0,26.0
5486,0.04517701591040173,49.61398901310621,8.020833333333331E-4,0.9920601929873027,0.9920601929873027,45.0,45.0
5488,0.14887300218224997,49.3144760237158,0.0016398148148148144,0.972273150923764,0.9862129685141946,92.0,92.0
5490,0.06626084301011664,50.00818340386162,0.0,1.0,1.0,0.0,0.0
5491,0.06626084301011664,50.00818340386162,0.0,1.0,1.0,0.0,0.0
5492,0.20694837127243768,49.2880139549074,0.010141898148148152,0.9788899041771693,0.985742094458448,569.0,569.0
5494,0.11797797013728646,50.002436130707714,0.0,1.0,1.0,0.0,0.0
5495,0.11797797013728646,50.002436130707714,0.0,1.0,1.0,0.0,0.0
5496,0.22636126763436265,50.00003457379468,0.0,1.0,1.0,0.0,0.0
5497,0.22636126763436265,48.916585762295675,0.00363611111111111,0.9683321929574243,0.9783310525815154,204.0,204.0
5498,0.1676981610648881,50.00110815252585,0.0,1.0,1.0,0.0,0.0
5499,0.1676981610648881,50.00110815252585,0.0,1.0,1.0,0.0,0.0
5500,0.14018985946795162,50.00331854598493,0.0,1.0,1.0,0.0,0.0
5501,0.14018985946795162,50.00331854598493,0.0,1.0,1.0,0.0,0.0
5502,0.11935068162085699,50.001449300021555,0.0,1.0,1.0,0.0,0.0
5503,0.11935068162085699,50.001449300021555,0.0,1.0,1.0,0.0,0.0
5504,0.11797797013728646,50.002436130707714,0.0016398148148148144,1.0,1.0,92.0,92.0
5505,0.11797797013728646,50.002436130707714,0.0,1.0,1.0,0.0,0.0
5506,0.09038378956001751,46.58705761799826,0.023064351851851857,0.9191854051499262,0.9316520005294511,1294.0,1294.0
5507,0.09038378956001751,50.004862827118956,0.0,1.0,1.0,0.0,0.0
5508,0.15163708247875876,50.00398432935162,0.0,1.0,1.0,0.0,0.0
5509,0.15163708247875876,50.00398432935162,0.0,1.0,1.0,0.0,0.0
5510,0.1093252372224879,50.00264947286957,0.0,1.0,1.0,0.0,0.0
5512,0.14485722962916542,50.00345446974739,0.0,1.0,1.0,0.0,0.0
5514,0.05719444371146116,50.012144124668495,0.0,1.0,1.0,0.0,0.0
5515,0.05719444371146116,50.012144124668495,0.0,1.0,1.0,0.0,0.0
5516,0.026822795727270362,50.006247860265816,0.0,1.0,1.0,0.0,0.0
5517,0.026822795727270362,50.006247860265816,0.0,1.0,1.0,0.0,0.0
5518,0.06043351283677693,50.00244684265616,0.002049768518518518,1.0,1.0,115.0,115.0
5520,0.006346920445359711,50.10726667389245,0.0,1.0,1.0,0.0,0.0
5521,0.006346920445359711,50.10726667389245,0.0,1.0,1.0,0.0,0.0
5522,0.07553721966310672,47.39664169858075,0.07536018518518517,0.921083666758433,0.9478182395560742,4228.0,4228.0
5523,0.07553721966310672,50.006250604484045,0.0,1.0,1.0,0.0,0.0
5524,0.026975272694661642,46.96970702785269,0.04336597222222221,0.9194650662131851,0.9392904684762085,2433.0,2433.0
5525,0.026975272694661642,50.00565484077338,0.0,1.0,1.0,0.0,0.0
5526,0.0501705729085437,50.00389326432928,0.0,1.0,1.0,0.0,0.0
5527,0.0501705729085437,46.712886194109785,0.043276851851851865,0.9189530087352207,0.9341863473694922,2428.0,2428.0
5528,0.16627551832482132,50.00349728254588,0.0,1.0,1.0,0.0,0.0
5529,0.16627551832482132,50.00349728254588,0.0,1.0,1.0,0.0,0.0
5530,0.04993198304819709,50.00142947802768,0.0,1.0,1.0,0.0,0.0
5531,0.04993198304819709,50.00142947802768,0.0,1.0,1.0,0.0,0.0
5532,0.12326962542762251,50.002326934021525,0.0,1.0,1.0,0.0,0.0
5533,0.12326962542762251,50.002326934021525,0.0,1.0,1.0,0.0,0.0
5534,0.03869556963334,50.001453941142856,0.0,1.0,1.0,0.0,0.0
5535,0.03869556963334,50.001453941142856,0.0,1.0,1.0,0.0,0.0
5536,0.06279706684443723,50.00430007519886,0.0,1.0,1.0,0.0,0.0
5537,0.06279706684443723,47.30340311109627,0.06404189814814819,0.9205532255086148,0.9459892275099464,3593.0,3593.0
5538,0.18131554377892936,50.00275452766552,0.0,1.0,1.0,0.0,0.0
5540,0.05600439178539845,50.0039212369629,0.0,1.0,1.0,0.0,0.0
5541,0.05600439178539845,50.0039212369629,0.0,1.0,1.0,0.0,0.0
5542,0.04993198304819709,50.00142947802768,2.317129629629629E-4,1.0,1.0,13.0,13.0
5543,0.04993198304819709,50.00142947802768,0.0,1.0,1.0,0.0,0.0
5544,0.1183000162980827,50.00352925597015,0.0,1.0,1.0,0.0,0.0
5545,0.1183000162980827,50.00352925597015,0.0,1.0,1.0,0.0,0.0
5546,0.16627551832482132,50.00349728254588,0.0,1.0,1.0,0.0,0.0
5547,0.16627551832482132,50.00349728254588,0.0,1.0,1.0,0.0,0.0
5548,0.030813660815562614,50.01315551669315,0.0,1.0,1.0,0.0,0.0
5549,0.030813660815562614,50.01315551669315,0.0,1.0,1.0,0.0,0.0
5550,0.012313621163858314,48.01379906849771,0.006897916666666664,0.9437356660832622,0.9596546746355712,387.0,387.0
5551,0.012313621163858314,49.85453047230638,5.168981481481481E-4,0.9964556476186812,0.9964556476186812,29.0,29.0
5552,0.03869556963334,50.001453941142856,0.0,1.0,1.0,0.0,0.0
5553,0.03869556963334,48.93664566416163,3.564814814814813E-4,0.9685190382534615,0.9787047431735898,20.0,20.0
5554,0.03911132190726436,46.92043812665696,0.04675254629629628,0.9191846307638316,0.9384038219982973,2623.0,2623.0
5555,0.03911132190726436,50.00026948371865,0.0,1.0,1.0,0.0,0.0
5556,0.02378347962526318,50.01198986620762,0.0,1.0,1.0,0.0,0.0
5557,0.02378347962526318,46.780149053348254,0.045397916666666656,0.9189471951554914,0.9353831668531587,2547.0,2547.0
5558,0.1183000162980827,50.00352925597015,0.0,1.0,1.0,0.0,0.0
5559,0.1183000162980827,50.00352925597015,0.0,1.0,1.0,0.0,0.0
5560,0.011332341645377057,50.056969231113385,0.0,1.0,1.0,0.0,0.0
5561,0.011332341645377057,50.056969231113385,0.0,1.0,1.0,0.0,0.0
5562,0.030813660815562614,47.99479487158343,0.006648379629629627,0.9439063444128096,0.9596464907610276,373.0,373.0
5563,0.030813660815562614,49.46995707760907,6.238425925925927E-4,0.989146994148896,0.989146994148896,35.0,35.0
5564,0.15537437700529888,50.00426937413516,0.0,1.0,1.0,0.0,0.0
5565,0.15537437700529888,50.00426937413516,0.0,1.0,1.0,0.0,0.0
5566,0.07003727153542928,50.00677856555839,0.0,1.0,1.0,0.0,0.0
5567,0.07003727153542928,50.00677856555839,0.0,1.0,1.0,0.0,0.0
5568,0.16769816106488813,50.001108152525866,0.0,1.0,1.0,0.0,0.0
5569,0.16769816106488813,48.484076511988505,0.00613148148148148,0.9611650726624228,0.9696602906496911,344.0,344.0
5570,0.11935068162085699,50.001449300021555,0.0,1.0,1.0,0.0,0.0
5571,0.11935068162085699,50.001449300021555,0.0,1.0,1.0,0.0,0.0
5572,0.06894446273684247,49.97457634310005,0.0024597222222222212,0.9994912725961944,0.9994912725961944,138.0,138.0
5573,0.06894446273684247,49.97262817263243,0.006470138888888887,0.9994523174781184,0.9994523174781184,363.0,363.0
5574,0.039706847198719815,50.0156227835519,0.0,1.0,1.0,0.0,0.0
5575,0.039706847198719815,50.0156227835519,0.0,1.0,1.0,0.0,0.0
5576,0.06626084301011664,49.50783161320959,0.009625000000000003,0.9820831711009663,0.9899997836901774,540.0,540.0
5577,0.06626084301011664,50.00818340386162,2.495370370370372E-4,1.0,1.0,14.0,14.0
5578,0.061956642312328156,50.009845812641565,0.0,1.0,1.0,0.0,0.0
5580,0.005260916340391302,50.103965146583825,0.0,1.0,1.0,0.0,0.0
5581,0.005260916340391302,50.103965146583825,0.0,1.0,1.0,0.0,0.0
5582,0.03566448096023082,49.567083629072954,3.921296296296298E-4,0.9910270954138473,0.9910270954138473,22.0,22.0
5584,0.09416418165407174,50.00605604877685,0.0,1.0,1.0,0.0,0.0
5585,0.09416418165407174,50.00605604877685,0.0,1.0,1.0,0.0,0.0
5586,0.15781970771063267,50.000083407399245,0.0,1.0,1.0,0.0,0.0
5587,0.15781970771063267,50.000083407399245,0.0,1.0,1.0,0.0,0.0
5588,0.12298944844601047,49.52658846502474,0.00862685185185185,0.9824626564034483,0.9905057640934867,484.0,484.0
5589,0.12298944844601047,50.001356793409116,0.0,1.0,1.0,0.0,0.0
5590,0.08555730135515284,49.813516446470075,0.0013902777777777776,0.9962505611498705,0.9962505611498705,78.0,78.0
5592,0.035568610364421424,30.00163948264225,2.1990740740740738E-4,1.0,1.0,10.0,10.0
5594,0.12333303676328464,29.499875297050938,0.002748842592592592,0.9770333767276924,0.9832667245258121,125.0,125.0
5596,0.018908639025564496,50.015503667914906,0.0,1.0,1.0,0.0,0.0
5597,0.018908639025564496,50.015503667914906,0.0,1.0,1.0,0.0,0.0
5598,0.01928444835715297,50.01730121451779,0.0,1.0,1.0,0.0,0.0
5599,0.01928444835715297,50.01730121451779,0.0,1.0,1.0,0.0,0.0
5600,0.04502466791100766,50.01197299587398,0.0,1.0,1.0,0.0,0.0
5601,0.04502466791100766,50.01197299587398,0.0,1.0,1.0,0.0,0.0
5602,0.07479692958617604,50.00351838630153,0.0,1.0,1.0,0.0,0.0
5603,0.07479692958617604,50.00351838630153,0.0,1.0,1.0,0.0,0.0
5604,0.029379968951417815,50.00845778964734,0.0,1.0,1.0,0.0,0.0
5605,0.029379968951417815,49.547442319399025,0.0014437499999999995,0.9907849767135634,0.9907849767135634,81.0,81.0
5606,0.06705930127211113,50.00279299494616,0.0,1.0,1.0,0.0,0.0
5607,0.06705930127211113,50.00279299494616,0.0,1.0,1.0,0.0,0.0
5608,0.009515800039535656,50.01004400339906,0.0,1.0,1.0,0.0,0.0
5609,0.009515800039535656,50.01004400339906,0.0,1.0,1.0,0.0,0.0
5610,0.05995990549368992,50.00131104407777,0.0,1.0,1.0,0.0,0.0
5611,0.05995990549368992,47.12596424154961,0.023955555555555556,0.9249842217079436,0.9424960684254484,1344.0,1344.0
5612,0.05129852180050719,49.17318381349238,0.004509490740740744,0.9768865252456698,0.9833369871594725,253.0,253.0
5614,0.10646107580692757,50.00128805022039,0.0,1.0,1.0,0.0,0.0
5615,0.10646107580692757,50.00128805022039,0.0,1.0,1.0,0.0,0.0
5616,0.07479692958617604,50.00351838630153,0.0,1.0,1.0,0.0,0.0
5617,0.07479692958617604,50.00351838630153,0.0,1.0,1.0,0.0,0.0
5618,0.026970502722280847,30.00426755259921,0.0,1.0,1.0,0.0,0.0
5620,0.0756438187698214,30.000853538763586,0.0,1.0,1.0,0.0,0.0
5621,0.0756438187698214,30.000853538763586,0.0,1.0,1.0,0.0,0.0
5622,0.14194152810463417,50.003865464006566,0.0,1.0,1.0,0.0,0.0
5623,0.14194152810463417,50.003865464006566,0.0,1.0,1.0,0.0,0.0
5624,0.1190370712583496,50.00390391249225,0.0,1.0,1.0,0.0,0.0
5625,0.1190370712583496,50.00390391249225,0.0,1.0,1.0,0.0,0.0
5626,0.06834999769766266,50.00203042300052,0.0,1.0,1.0,0.0,0.0
5627,0.06834999769766266,50.00203042300052,0.0,1.0,1.0,0.0,0.0
5628,0.008782901829663858,46.18049929776508,0.01472268518518519,0.9182619214614988,0.9230748792709957,826.0,826.0
5630,0.05086045310857743,30.001250399947363,0.0,1.0,1.0,0.0,0.0
5632,0.0773399752174902,29.910781788651388,0.002045138888888889,0.9969437517900276,0.9969437517900276,93.0,93.0
5634,0.05009091215611802,50.007566212430646,0.0,1.0,1.0,0.0,0.0
5635,0.05009091215611802,50.007566212430646,0.0,1.0,1.0,0.0,0.0
5636,0.12785658525998386,47.92817447748961,0.0062027777777777775,0.9430397531702162,0.9584940677869208,348.0,348.0
5638,0.059022405790313426,50.00721601438653,0.0,1.0,1.0,0.0,0.0
5640,0.1962934300560945,50.000449175825395,0.0,1.0,1.0,0.0,0.0
5641,0.1962934300560945,50.000449175825395,0.0,1.0,1.0,0.0,0.0
5642,0.19430122928198734,50.002460891783144,0.0,1.0,1.0,0.0,0.0
5643,0.19430122928198734,50.002460891783144,0.0,1.0,1.0,0.0,0.0
5644,0.22311303965205054,50.00043219293961,0.0,1.0,1.0,0.0,0.0
5645,0.22311303965205054,50.00043219293961,0.0,1.0,1.0,0.0,0.0
5646,0.1416979855012827,50.00124953975865,0.0,1.0,1.0,0.0,0.0
5647,0.1416979855012827,50.00124953975865,0.0,1.0,1.0,0.0,0.0
5648,0.055682054367154475,50.00134590215917,0.0,1.0,1.0,0.0,0.0
5649,0.055682054367154475,50.00134590215917,0.0,1.0,1.0,0.0,0.0
5650,0.06419938711914236,50.0038497682632,0.0,1.0,1.0,0.0,0.0
5651,0.06419938711914236,50.0038497682632,0.0,1.0,1.0,0.0,0.0
5652,0.10058213238279218,50.00630804834303,0.0,1.0,1.0,0.0,0.0
5653,0.10058213238279218,50.00630804834303,0.0,1.0,1.0,0.0,0.0
5654,0.20327464618877386,50.00264614141345,0.0,1.0,1.0,0.0,0.0
5655,0.20327464618877386,50.00264614141345,0.0,1.0,1.0,0.0,0.0
5656,0.0637949640815534,50.00258451852651,0.0,1.0,1.0,0.0,0.0
5657,0.0637949640815534,50.00258451852651,0.0,1.0,1.0,0.0,0.0
5658,0.2609273934298519,50.00205559179531,0.0,1.0,1.0,0.0,0.0
5659,0.2609273934298519,50.00205559179531,0.0,1.0,1.0,0.0,0.0
5660,0.08023947752855946,50.00209781942428,0.0,1.0,1.0,0.0,0.0
5662,0.0635943778913124,50.0086851045707,0.0,1.0,1.0,0.0,0.0
5663,0.0635943778913124,50.0086851045707,0.0,1.0,1.0,0.0,0.0
5664,0.04576033051970816,28.44632674566286,0.010225694444444445,0.9298181211933061,0.9481699730250694,465.0,465.0
5666,0.15387067875685156,30.000782253285617,0.0,1.0,1.0,0.0,0.0
5667,0.15387067875685156,30.000782253285617,0.0,1.0,1.0,0.0,0.0
5668,0.009732868011148024,29.763748393860027,5.277777777777775E-4,0.9913327516806016,0.9913327516806016,24.0,24.0
5670,0.1355042784361636,30.000947255239172,0.0,1.0,1.0,0.0,0.0
5671,0.1355042784361636,30.000947255239172,0.0,1.0,1.0,0.0,0.0
5672,0.07821247286683759,49.125342617007156,6.773148148148152E-4,0.9703947307508038,0.9824561281682743,38.0,38.0
5674,0.06672865778228436,50.00482265117063,0.0,1.0,1.0,0.0,0.0
5676,0.249593936264489,48.96225709320622,0.003012268518518519,0.9669035452489456,0.9792048719669971,169.0,169.0
5678,0.04638896596675009,50.00008307793422,0.0,1.0,1.0,0.0,0.0
5680,0.04374251927664642,50.00732594345097,0.0,1.0,1.0,0.0,0.0
5682,0.07578759140087692,50.00647526450823,0.0,1.0,1.0,0.0,0.0
5683,0.07578759140087692,50.00647526450823,0.0,1.0,1.0,0.0,0.0
5684,0.07533938998305602,50.00401990025842,0.0,1.0,1.0,0.0,0.0
5685,0.07533938998305602,50.00401990025842,0.0,1.0,1.0,0.0,0.0
5686,0.04502466791100766,50.01197299587398,0.0,1.0,1.0,0.0,0.0
5687,0.04502466791100766,49.61656583437535,0.0014437499999999995,0.992101834266589,0.992101834266589,81.0,81.0
5688,0.06532854647580622,49.84274533324861,0.001283333333333333,0.9967228178619866,0.9967228178619866,72.0,72.0
5690,0.1174237027675656,50.002996210460864,0.0,1.0,1.0,0.0,0.0
5691,0.1174237027675656,50.002996210460864,0.0,1.0,1.0,0.0,0.0
5692,0.051120753167583535,50.00943244654911,0.0,1.0,1.0,0.0,0.0
5693,0.051120753167583535,50.00943244654911,0.0,1.0,1.0,0.0,0.0
5694,0.00811222224040848,50.00684942717557,0.0,1.0,1.0,0.0,0.0
5696,0.03201926835525762,50.00840176959974,0.0,1.0,1.0,0.0,0.0
5697,0.03201926835525762,47.784982978052795,0.021353240740740742,0.9449755092723741,0.9555508782243938,1198.0,1198.0
5698,0.056882570069519786,50.00665500617124,0.0,1.0,1.0,0.0,0.0
5699,0.056882570069519786,50.00665500617124,0.0,1.0,1.0,0.0,0.0
5700,0.10646878592230553,47.924480970919795,0.023206944444444454,0.9416186323253746,0.958402684969997,1302.0,1302.0
5701,0.10646878592230553,50.004909239438994,0.0,1.0,1.0,0.0,0.0
5702,0.019467796196651614,50.02431570874077,0.0,1.0,1.0,0.0,0.0
5704,0.2609273934298519,50.00205559179531,4.2777777777777795E-4,1.0,1.0,24.0,24.0
5705,0.2609273934298519,50.00205559179531,0.0,1.0,1.0,0.0,0.0
5706,0.0637949640815534,50.00258451852651,0.0,1.0,1.0,0.0,0.0
5707,0.0637949640815534,48.785394330568536,0.0018358796296296298,0.9626645875015698,0.9756583500062793,103.0,103.0
5708,0.04011899159108427,50.009823312985944,0.0,1.0,1.0,0.0,0.0
5709,0.04011899159108427,50.009823312985944,0.0,1.0,1.0,0.0,0.0
5710,0.10172686214449837,50.00228068271357,0.0,1.0,1.0,0.0,0.0
5711,0.10172686214449837,50.00228068271357,0.0,1.0,1.0,0.0,0.0
5712,0.07301476754634996,50.00060170569904,0.0,1.0,1.0,0.0,0.0
5713,0.07301476754634996,50.00060170569904,0.0,1.0,1.0,0.0,0.0
5714,0.1463381730774513,50.00165367111093,0.0,1.0,1.0,0.0,0.0
5715,0.1463381730774513,50.00165367111093,0.0,1.0,1.0,0.0,0.0
5716,0.04011899159108427,46.98512308816161,0.015524768518518514,0.9223800802920711,0.9395203211682844,871.0,871.0
5717,0.04011899159108427,50.009823312985944,0.0,1.0,1.0,0.0,0.0
5718,0.10947145713025445,30.001312855429052,5.937499999999998E-4,1.0,1.0,27.0,27.0
5720,0.25939704124369384,29.975044896071317,0.0014953703703703709,0.9991480907707454,0.9991480907707454,68.0,68.0
5722,0.1463381730774513,46.89638638896439,0.013884953703703703,0.9219742664901932,0.9378970659607726,779.0,779.0
5723,0.1463381730774513,50.00165367111093,0.0,1.0,1.0,0.0,0.0
5724,0.06455649738481092,50.00072947188455,0.0,1.0,1.0,0.0,0.0
5725,0.06455649738481092,50.00072947188455,0.0,1.0,1.0,0.0,0.0
5726,0.07094933817352041,50.0034489868194,0.0,1.0,1.0,0.0,0.0
5727,0.07094933817352041,50.0034489868194,0.0,1.0,1.0,0.0,0.0
5728,0.18545567110212882,50.00302695983102,0.0,1.0,1.0,0.0,0.0
5729,0.18545567110212882,50.00302695983102,0.0,1.0,1.0,0.0,0.0
5730,0.05934440799239887,50.00933257786422,0.0,1.0,1.0,0.0,0.0
5731,0.05934440799239887,50.00933257786422,0.0,1.0,1.0,0.0,0.0
5732,0.004188983472403238,48.64161323445243,0.0013189814814814809,0.9583333333333334,0.970900283750543,74.0,74.0
5733,0.004188983472403238,45.59948991857197,0.017325000000000004,0.8989529896528607,0.9101628163969832,972.0,972.0
5734,0.23262792954576658,46.0940705999036,0.020871990740740733,0.9024823900195555,0.9218699992055905,1171.0,1171.0
5735,0.23262792954576658,50.000629671309326,0.0,1.0,1.0,0.0,0.0
5736,0.0453728847058716,48.639602169778456,0.005097685185185183,0.9604545641995407,0.9725460091511101,286.0,286.0
5738,0.07578759140087692,50.00647526450823,0.0,1.0,1.0,0.0,0.0
5739,0.07578759140087692,49.506720615456494,3.030092592592594E-4,0.982091060637875,0.9900103030727222,17.0,17.0
5740,0.08375021689127148,29.53984275984753,5.71759259259259E-4,0.9714961384105822,0.9846589434878312,26.0,26.0
5742,0.05819652449112459,30.000227416035898,2.6388888888888876E-4,0.9999267095488168,0.9999267095488168,12.0,12.0
5744,0.011576800656858571,50.03179155425073,0.0,1.0,1.0,0.0,0.0
5745,0.011576800656858571,50.03179155425073,0.0,1.0,1.0,0.0,0.0
5746,0.06915408931904322,50.00094829253978,0.0,1.0,1.0,0.0,0.0
5747,0.06915408931904322,50.00094829253978,0.0,1.0,1.0,0.0,0.0
5748,0.020579773981355545,50.025108935097876,0.0,1.0,1.0,0.0,0.0
5749,0.020579773981355545,50.025108935097876,0.0,1.0,1.0,0.0,0.0
5750,0.037237347892568766,30.003234649339205,8.356481481481481E-4,1.0,1.0,38.0,38.0
5752,0.055604621387614746,30.00249355446839,0.0,1.0,1.0,0.0,0.0
5753,0.055604621387614746,30.00249355446839,0.0,1.0,1.0,0.0,0.0
5754,0.06030836486318764,50.002329227884736,1.6041666666666664E-4,1.0,1.0,9.0,9.0
5756,0.17685033219001275,50.00087928092719,0.0,1.0,1.0,0.0,0.0
5757,0.17685033219001275,50.00087928092719,0.0,1.0,1.0,0.0,0.0
5758,0.07269285901385687,50.00846406456808,0.0,1.0,1.0,0.0,0.0
5759,0.07269285901385687,50.00846406456808,0.0,1.0,1.0,0.0,0.0
5760,0.10703743474486085,50.00451143024904,0.0,1.0,1.0,0.0,0.0
5761,0.10703743474486085,50.00451143024904,0.0,1.0,1.0,0.0,0.0
5762,0.07653114470538734,50.0021998075126,0.0,1.0,1.0,0.0,0.0
5763,0.07653114470538734,50.0021998075126,0.0,1.0,1.0,0.0,0.0
5764,0.033204825973837726,29.999360092929596,0.001759259259259259,0.9998393658006305,0.9998393658006305,80.0,80.0
5766,0.1201419176600948,50.0012605290568,0.0,1.0,1.0,0.0,0.0
5768,0.0551286762801479,50.00333449446522,0.0,1.0,1.0,0.0,0.0
5769,0.0551286762801479,50.00333449446522,0.0,1.0,1.0,0.0,0.0
5770,0.04006801435269027,50.01555189656206,0.0,1.0,1.0,0.0,0.0
5771,0.04006801435269027,50.01555189656206,0.0,1.0,1.0,0.0,0.0
5772,0.054173085435184336,50.00592501709323,0.0,1.0,1.0,0.0,0.0
5773,0.054173085435184336,46.98887156809538,0.010676620370370371,0.9224168929174926,0.9396675716699705,599.0,599.0
5774,0.06304204877174197,50.000303057561375,0.0,1.0,1.0,0.0,0.0
5775,0.06304204877174197,50.000303057561375,0.0,1.0,1.0,0.0,0.0
5776,0.06117636986015315,50.00793176579277,0.0,1.0,1.0,0.0,0.0
5777,0.06117636986015315,50.00793176579277,0.0,1.0,1.0,0.0,0.0
5778,0.0586576974654012,50.0041939084642,0.0,1.0,1.0,0.0,0.0
5779,0.0586576974654012,50.0041939084642,0.0,1.0,1.0,0.0,0.0
5780,0.15097515343025197,50.000970777268364,0.0,1.0,1.0,0.0,0.0
5781,0.15097515343025197,50.000970777268364,0.0,1.0,1.0,0.0,0.0
5782,0.009839180313641324,50.02973040834571,0.0,1.0,1.0,0.0,0.0
5784,0.18545567110212882,47.434954216802524,0.008858564814814819,0.9299496889190536,0.948642328839219,497.0,497.0
5785,0.18545567110212882,50.00302695983102,0.0,1.0,1.0,0.0,0.0
5786,0.0586576974654012,50.0041939084642,0.0,1.0,1.0,0.0,0.0
5787,0.0586576974654012,48.96044181655697,0.0016041666666666663,0.9687308932094544,0.9791284530855755,90.0,90.0
5788,0.15988100996641258,50.001879582928105,0.0,1.0,1.0,0.0,0.0
5789,0.15988100996641258,50.001879582928105,0.0,1.0,1.0,0.0,0.0
5790,0.06863090686860258,50.00430372940079,0.0,1.0,1.0,0.0,0.0
5791,0.06863090686860258,50.00430372940079,0.0,1.0,1.0,0.0,0.0
5792,0.06215224426038081,45.25722393671745,0.044292824074074075,0.8824408468857239,0.9049541781235735,2485.0,2485.0
5794,0.057227743326631296,30.001438179098976,0.0,1.0,1.0,0.0,0.0
5796,0.11551993781635121,30.000849526681893,0.0,1.0,1.0,0.0,0.0
5797,0.11551993781635121,30.000849526681893,0.0,1.0,1.0,0.0,0.0
5798,0.10045591039831453,30.001765176201452,0.0,1.0,1.0,0.0,0.0
5799,0.10045591039831453,30.001765176201452,0.0,1.0,1.0,0.0,0.0
5800,0.1980180574825664,50.001052601335424,0.0,1.0,1.0,0.0,0.0
5801,0.1980180574825664,50.001052601335424,0.0,1.0,1.0,0.0,0.0
5802,0.03807927856193359,50.01291602442937,0.0,1.0,1.0,0.0,0.0
5803,0.03807927856193359,50.01291602442937,0.0,1.0,1.0,0.0,0.0
5804,0.066817461976549,50.00891125063959,0.0,1.0,1.0,0.0,0.0
5805,0.066817461976549,50.00891125063959,0.0,1.0,1.0,0.0,0.0
5806,0.043392640540454025,50.00432328605458,0.0,1.0,1.0,0.0,0.0
5807,0.043392640540454025,50.00432328605458,0.0,1.0,1.0,0.0,0.0
5808,0.14194152810463417,50.003865464006566,0.0016398148148148144,1.0,1.0,92.0,92.0
5809,0.14194152810463417,48.91100686780865,0.0025844907407407405,0.9632865123240119,0.9781460492960472,145.0,145.0
5810,0.06986949789126987,50.006002466912825,0.0,1.0,1.0,0.0,0.0
5811,0.06986949789126987,50.006002466912825,0.0,1.0,1.0,0.0,0.0
5812,0.15097515343025197,50.000970777268364,1.7824074074074064E-4,1.0,1.0,10.0,10.0
5813,0.15097515343025197,50.000970777268364,0.0,1.0,1.0,0.0,0.0
5814,0.056802461638155416,50.00950401011482,0.0,1.0,1.0,0.0,0.0
5815,0.056802461638155416,50.00950401011482,0.0,1.0,1.0,0.0,0.0
5816,0.055682054367154475,49.794882011371506,1.6041666666666664E-4,0.995871282976813,0.995871282976813,9.0,9.0
5817,0.055682054367154475,50.00134590215917,0.0,1.0,1.0,0.0,0.0
5818,0.0710403791460501,50.008870732456074,0.0,1.0,1.0,0.0,0.0
5819,0.0710403791460501,50.008870732456074,0.0,1.0,1.0,0.0,0.0
5820,0.05009091215611802,50.007566212430646,0.0,1.0,1.0,0.0,0.0
5821,0.05009091215611802,50.007566212430646,4.990740740740744E-4,1.0,1.0,28.0,28.0
5822,0.05934440799239887,50.00933257786422,0.0,1.0,1.0,0.0,0.0
5823,0.05934440799239887,50.00933257786422,0.0012833333333333332,1.0,1.0,72.0,72.0
5824,0.03554189928517398,50.000327247607004,0.0,1.0,1.0,0.0,0.0
5825,0.03554189928517398,50.000327247607004,0.0,1.0,1.0,0.0,0.0
5826,0.028302709800469547,50.01951658404044,0.0,1.0,1.0,0.0,0.0
5827,0.028302709800469547,50.01951658404044,0.0,1.0,1.0,0.0,0.0
5828,0.029662252025544945,48.38069682073634,0.0039034722222222235,0.9605769357317924,0.9673077429271695,219.0,219.0
5830,0.09306091674425807,50.002880638705825,0.0,1.0,1.0,0.0,0.0
5831,0.09306091674425807,50.002880638705825,0.0,1.0,1.0,0.0,0.0
5832,0.1174237027675656,50.002996210460864,0.0,1.0,1.0,0.0,0.0
5833,0.1174237027675656,50.002996210460864,0.0,1.0,1.0,0.0,0.0
5834,0.11893559478455495,50.002118559429846,4.990740740740744E-4,1.0,1.0,28.0,28.0
5835,0.11893559478455495,50.002118559429846,0.0,1.0,1.0,0.0,0.0
5836,0.13140003133396955,44.85643055423684,0.02290393518518519,0.8804812283772674,0.8970535232545158,1285.0,1285.0
5838,0.06436004845857655,48.33483721792835,0.0022993055555555566,0.9463609505953441,0.9665077975355187,129.0,129.0
5840,0.08055934711456296,30.000377533094717,0.0,1.0,1.0,0.0,0.0
5842,0.003251082897589232,46.02500156842429,0.010819212962962966,0.9166666666666667,0.9201945987151126,607.0,607.0
5844,0.12715959967179982,50.00268255799884,0.0,1.0,1.0,0.0,0.0
5845,0.12715959967179982,50.00268255799884,0.0,1.0,1.0,0.0,0.0
5846,0.08398678245510105,50.000399675601756,5.703703703703704E-4,1.0,1.0,32.0,32.0
5847,0.08398678245510105,50.000399675601756,0.0,1.0,1.0,0.0,0.0
5848,0.0605174618167143,50.002952155191984,0.0,1.0,1.0,0.0,0.0
5849,0.0605174618167143,50.002952155191984,0.0,1.0,1.0,0.0,0.0
5850,0.0605193189653184,50.00448663648066,0.0,1.0,1.0,0.0,0.0
5851,0.0605193189653184,50.00448663648066,0.0,1.0,1.0,0.0,0.0
5852,0.1254259841210575,50.00371459975714,0.0,1.0,1.0,0.0,0.0
5853,0.1254259841210575,50.00371459975714,0.0,1.0,1.0,0.0,0.0
5854,0.06773073025895479,50.006281569367765,0.0,1.0,1.0,0.0,0.0
5855,0.06773073025895479,50.006281569367765,0.0,1.0,1.0,0.0,0.0
5856,0.040212146405897924,50.00474164463991,0.0,1.0,1.0,0.0,0.0
5857,0.040212146405897924,50.00474164463991,0.0,1.0,1.0,0.0,0.0
5858,0.13726718148160233,50.00119936595856,0.0,1.0,1.0,0.0,0.0
5859,0.13726718148160233,50.00119936595856,0.0,1.0,1.0,0.0,0.0
5860,0.033131763350670175,50.01020883120027,0.0,1.0,1.0,0.0,0.0
5861,0.033131763350670175,50.01020883120027,0.0,1.0,1.0,0.0,0.0
5862,0.3360170364984101,49.14319369692641,0.0024597222222222212,0.9705941150430121,0.9828548967526908,138.0,138.0
5864,0.06552012453299175,50.004759024543205,0.0,1.0,1.0,0.0,0.0
5865,0.06552012453299175,50.004759024543205,0.0,1.0,1.0,0.0,0.0
5866,0.05430841540811799,50.0026331123337,0.0,1.0,1.0,0.0,0.0
5867,0.05430841540811799,50.0026331123337,0.0,1.0,1.0,0.0,0.0
5868,0.1098123690283823,50.00310251735092,0.0,1.0,1.0,0.0,0.0
5869,0.1098123690283823,50.00310251735092,0.0,1.0,1.0,0.0,0.0
5870,0.03793129980904028,48.56449563405304,0.002370601851851851,0.9615677771916451,0.9712711087665803,133.0,133.0
5871,0.03793129980904028,50.00098107379898,0.0,1.0,1.0,0.0,0.0
5872,0.04539938428575234,50.01156163669169,0.0,1.0,1.0,0.0,0.0
5873,0.04539938428575234,50.01156163669169,0.0,1.0,1.0,0.0,0.0
5874,0.15876922208149846,50.001679598757285,0.0,1.0,1.0,0.0,0.0
5875,0.15876922208149846,50.001679598757285,0.0,1.0,1.0,0.0,0.0
5876,0.047797615298767845,50.00622350350603,2.6736111111111107E-4,1.0,1.0,15.0,15.0
5878,0.011576800656858571,48.576035567269265,0.001621990740740741,0.9614778433055616,0.9709113732222463,91.0,91.0
5879,0.011576800656858571,50.03179155425073,0.0,1.0,1.0,0.0,0.0
5880,0.04920152437376836,50.00719586266688,0.0,1.0,1.0,0.0,0.0
5881,0.04920152437376836,50.00719586266688,0.0,1.0,1.0,0.0,0.0
5882,0.06826875425561407,50.003563646024546,0.0,1.0,1.0,0.0,0.0
5883,0.06826875425561407,50.003563646024546,0.0,1.0,1.0,0.0,0.0
5884,0.029894818213695083,30.00316296886041,0.0,1.0,1.0,0.0,0.0
5885,0.029894818213695083,30.00316296886041,0.0,1.0,1.0,0.0,0.0
5886,0.055604621387614746,30.00249355446839,0.0,1.0,1.0,0.0,0.0
5887,0.055604621387614746,30.00249355446839,0.0,1.0,1.0,0.0,0.0
5888,0.03884748946367211,30.00449733302287,0.0,1.0,1.0,0.0,0.0
5889,0.03884748946367211,30.00449733302287,0.0,1.0,1.0,0.0,0.0
5890,0.1136737739516456,50.00312637169162,0.0,1.0,1.0,0.0,0.0
5891,0.1136737739516456,50.00312637169162,0.0,1.0,1.0,0.0,0.0
5892,0.009515800039535656,50.01004400339906,0.0,1.0,1.0,0.0,0.0
5893,0.009515800039535656,46.4099392351663,0.027805555555555573,0.9157009996394577,0.9280209221431344,1560.0,1560.0
5894,0.05184489092035045,47.32167371386904,0.028536342592592592,0.9277445142286098,0.9462360476502798,1601.0,1601.0
5895,0.05184489092035045,50.011148797765706,0.0,1.0,1.0,0.0,0.0
5896,0.06759746068171511,50.00017638261238,0.0,1.0,1.0,0.0,0.0
5898,0.12092395600747917,50.003014200198145,0.0,1.0,1.0,0.0,0.0
5899,0.12092395600747917,50.003014200198145,0.0,1.0,1.0,0.0,0.0
5900,0.04318335391593018,50.00324030149522,0.0,1.0,1.0,0.0,0.0
5902,0.05646222985360478,47.881228670032705,0.007628703703703705,0.9425587317944057,0.9575591521193438,428.0,428.0
5904,0.06481856689199368,50.01003875078809,0.0,1.0,1.0,0.0,0.0
5905,0.06481856689199368,50.01003875078809,0.0,1.0,1.0,0.0,0.0
5906,0.0655994645569336,50.001709168952154,0.0014793981481481479,1.0,1.0,83.0,83.0
5908,0.13097092080858463,50.004805908463744,0.0,1.0,1.0,0.0,0.0
5909,0.13097092080858463,50.004805908463744,0.0,1.0,1.0,0.0,0.0
5910,0.06419938711914236,50.0038497682632,0.0,1.0,1.0,0.0,0.0
5911,0.06419938711914236,49.88571567318568,9.446759259259266E-4,0.997639724203614,0.997639724203614,53.0,53.0
5912,0.05383489863811177,50.00145384344747,0.0,1.0,1.0,0.0,0.0
5913,0.05383489863811177,50.00145384344747,0.0,1.0,1.0,0.0,0.0
5914,0.08048910106531666,30.00214991045144,0.0,1.0,1.0,0.0,0.0
5915,0.08048910106531666,30.00214991045144,0.0,1.0,1.0,0.0,0.0
5916,0.13313199063733608,50.00262559148773,0.0,1.0,1.0,0.0,0.0
5917,0.13313199063733608,50.00262559148773,0.0,1.0,1.0,0.0,0.0
5918,0.07971807238868762,50.006109182658214,0.0015328703703703698,1.0,1.0,86.0,86.0
5919,0.07971807238868762,50.006109182658214,0.0,1.0,1.0,0.0,0.0
5920,0.06773073025895479,50.006281569367765,0.0,1.0,1.0,0.0,0.0
5921,0.06773073025895479,50.006281569367765,0.0,1.0,1.0,0.0,0.0
5922,0.10665796223614797,49.91883271779188,4.812499999999999E-4,0.9983300691718888,0.9983300691718888,27.0,27.0
5924,0.018695021338660786,50.00154295629928,0.0,1.0,1.0,0.0,0.0
5925,0.018695021338660786,50.00154295629928,0.0,1.0,1.0,0.0,0.0
5926,0.050683984485183534,49.95767666763885,3.564814814814815E-5,0.9990865804243052,0.9990865804243052,2.0,2.0
5928,0.01094001297973081,29.588065592436593,0.001759259259259259,0.9856833657826604,0.9856833657826604,80.0,80.0
5930,0.1286972000836702,30.001289924316048,2.6388888888888876E-4,1.0,1.0,12.0,12.0
5932,0.06512536134523192,50.000277424362324,0.0,1.0,1.0,0.0,0.0
5933,0.06512536134523192,50.000277424362324,0.0,1.0,1.0,0.0,0.0
5934,0.052199764745903605,50.00509661661868,0.0,1.0,1.0,0.0,0.0
5935,0.052199764745903605,50.00509661661868,0.0,1.0,1.0,0.0,0.0
5936,0.15876922208149846,50.001679598757285,3.921296296296298E-4,1.0,1.0,22.0,22.0
5937,0.15876922208149846,50.001679598757285,0.0,1.0,1.0,0.0,0.0
5938,0.021476948246100372,30.002721647637305,0.0,1.0,1.0,0.0,0.0
5939,0.021476948246100372,30.002721647637305,0.0,1.0,1.0,0.0,0.0
5940,0.021768863191631047,30.003027369782455,0.0,1.0,1.0,0.0,0.0
5941,0.021768863191631047,28.312879819518095,0.015855324074074067,0.9234172766287412,0.9436691065149648,721.0,721.0
5942,0.06540400871309304,48.54741802378602,0.005400694444444442,0.9614825809589835,0.9709303238359341,303.0,303.0
5943,0.06540400871309304,50.00094104207581,0.0,1.0,1.0,0.0,0.0
5944,0.09947567685989879,50.0017364836129,0.0,1.0,1.0,0.0,0.0
5945,0.09947567685989879,48.953498237097115,0.003760879629629629,0.9686850077363475,0.9790366821393617,211.0,211.0
5946,0.07533938998305602,50.00401990025842,0.0,1.0,1.0,0.0,0.0
5947,0.07533938998305602,49.20208267651454,0.0011407407407407408,0.9711489693876688,0.9839646054420044,64.0,64.0
5948,0.0605193189653184,50.00448663648066,0.0,1.0,1.0,0.0,0.0
5949,0.0605193189653184,50.00448663648066,0.0,1.0,1.0,0.0,0.0
5950,0.10703743474486085,50.00451143024904,0.0,1.0,1.0,0.0,0.0
5951,0.10703743474486085,50.00451143024904,0.0010694444444444443,1.0,1.0,60.0,60.0
5952,0.06705930127211113,48.45756173823968,0.0038499999999999993,0.9610244255904147,0.9690977023616588,216.0,216.0
5953,0.06705930127211113,50.00279299494616,0.0,1.0,1.0,0.0,0.0
5954,0.0635943778913124,50.0086851045707,0.0,1.0,1.0,0.0,0.0
5955,0.0635943778913124,50.0086851045707,0.0020675925925925922,1.0,1.0,116.0,116.0
5956,0.029894818213695083,30.00316296886041,0.0,1.0,1.0,0.0,0.0
5957,0.029894818213695083,30.00316296886041,0.0,1.0,1.0,0.0,0.0
5958,0.023198520359823935,28.247161276758412,0.015855324074074067,0.9228245168053248,0.9412980672212993,721.0,721.0
5960,0.04983985232270606,45.423968268583025,0.027841203703703715,0.8890385091229187,0.9083635388464344,1562.0,1562.0
5961,0.04983985232270606,50.00654079201277,0.0,1.0,1.0,0.0,0.0
5962,0.1136737739516456,50.00312637169162,0.0,1.0,1.0,0.0,0.0
5963,0.1136737739516456,50.00312637169162,0.0,1.0,1.0,0.0,0.0
5964,0.148001841901376,50.00062226397838,0.0,1.0,1.0,0.0,0.0
5965,0.148001841901376,45.56871689996043,0.02694999999999999,0.8899902330701865,0.9113633187412582,1512.0,1512.0
5966,0.004335396364109294,45.55029912997955,0.013635416666666662,0.8989220341654702,0.910574531451734,765.0,765.0
5967,0.004335396364109294,48.589788480824936,0.002210185185185186,0.9583333333333334,0.9713395224256612,124.0,124.0
5968,0.19153138630404298,49.96637828585408,0.0022814814814814816,0.9993095100019037,0.9993095100019037,128.0,128.0
5969,0.19153138630404298,46.534812311128654,0.013457175925925925,0.9196489187751677,0.93067897553849,755.0,755.0
5970,0.015340113653189517,50.02210973866146,0.0,1.0,1.0,0.0,0.0
5972,0.032887918787100213,50.01964834539957,0.0,1.0,1.0,0.0,0.0
5973,0.032887918787100213,50.01964834539957,0.0,1.0,1.0,0.0,0.0
5974,0.14089768469142744,50.00312153875579,0.0,1.0,1.0,0.0,0.0
5975,0.14089768469142744,50.00312153875579,0.0,1.0,1.0,0.0,0.0
5976,0.06986949789126987,49.207512523007566,5.525462962962965E-4,0.9711836429985243,0.9840339526637153,31.0,31.0
5977,0.06986949789126987,50.006002466912825,0.0,1.0,1.0,0.0,0.0
5978,0.11551993781635121,30.000849526681893,0.0,1.0,1.0,0.0,0.0
5979,0.11551993781635121,30.000849526681893,0.0,1.0,1.0,0.0,0.0
5980,0.05762736478924996,30.00123112672449,0.0,1.0,1.0,0.0,0.0
5981,0.05762736478924996,30.00123112672449,0.0,1.0,1.0,0.0,0.0
5982,0.06156805448278455,30.00067625040937,0.0,1.0,1.0,0.0,0.0
5984,0.05430841540811799,50.0026331123337,0.0,1.0,1.0,0.0,0.0
5985,0.05430841540811799,50.0026331123337,0.0,1.0,1.0,0.0,0.0
5986,0.0634225089226509,50.004606246505304,0.0,1.0,1.0,0.0,0.0
5987,0.0634225089226509,50.004606246505304,0.0,1.0,1.0,0.0,0.0
5988,0.13097092080858463,50.004805908463744,0.0,1.0,1.0,0.0,0.0
5989,0.13097092080858463,50.004805908463744,0.0,1.0,1.0,0.0,0.0
5990,0.06834999769766266,49.96014727452903,6.951388888888888E-4,0.9991640290497372,0.9991640290497372,39.0,39.0
5991,0.06834999769766266,50.00203042300052,0.0,1.0,1.0,0.0,0.0
5992,0.047308862521239316,50.00349532485658,0.0,1.0,1.0,0.0,0.0
5994,0.14635882359421967,49.220825988468775,7.307870370370375E-4,0.9778381264276501,0.9843397241257558,41.0,41.0
5996,0.07238829077539016,50.00918188282567,0.0,1.0,1.0,0.0,0.0
5997,0.07238829077539016,50.00918188282567,0.0,1.0,1.0,0.0,0.0
5998,0.05405807830600699,50.00233347934871,0.0,1.0,1.0,0.0,0.0
5999,0.05405807830600699,50.00233347934871,0.0,1.0,1.0,0.0,0.0
6000,0.05058315730145685,50.01355844142946,0.0,1.0,1.0,0.0,0.0
6001,0.05058315730145685,50.01355844142946,0.0,1.0,1.0,0.0,0.0
6002,0.0067130500812276365,50.03515588492648,0.0,1.0,1.0,0.0,0.0
6003,0.0067130500812276365,50.03515588492648,0.0,1.0,1.0,0.0,0.0
6004,0.07495527218742161,30.002110281823196,0.0,1.0,1.0,0.0,0.0
6006,0.03884748946367211,30.00449733302287,0.0,1.0,1.0,0.0,0.0
6007,0.03884748946367211,30.00449733302287,0.0,1.0,1.0,0.0,0.0
6008,0.1190370712583496,49.904359103777566,3.921296296296298E-4,0.9980123570861166,0.9980123570861166,22.0,22.0
6009,0.1190370712583496,48.94853690874536,0.0026379629629629617,0.9634739782963682,0.9788959131854724,148.0,148.0
6010,0.012923603322652582,50.02685157155838,0.0,1.0,1.0,0.0,0.0
6011,0.012923603322652582,50.02685157155838,0.0,1.0,1.0,0.0,0.0
6012,0.06187432195311976,50.0106778247039,0.0,1.0,1.0,0.0,0.0
6013,0.06187432195311976,50.0106778247039,0.0,1.0,1.0,0.0,0.0
6014,0.08159278851314036,29.98081846627656,0.001759259259259259,0.9993472956924276,0.9993472956924276,80.0,80.0
6016,0.0756438187698214,30.000853538763586,0.0,1.0,1.0,0.0,0.0
6017,0.0756438187698214,28.269871389341056,0.01229282407407408,0.9230756673981582,0.9423026695926328,559.0,559.0
6018,0.09418967125614018,46.38029378689849,0.012779861111111108,0.9193168798445353,0.9275171519157333,717.0,717.0
6020,0.09130642204971333,49.87368758494066,2.851851851851852E-4,0.9974646570689247,0.9974646570689247,16.0,16.0
6021,0.09130642204971333,49.87368758494066,8.020833333333331E-4,0.9974646570689247,0.9974646570689247,45.0,45.0
6022,0.060057413022707215,50.00154645738806,0.0,1.0,1.0,0.0,0.0
6023,0.060057413022707215,50.00154645738806,0.0,1.0,1.0,0.0,0.0
6024,0.1747342200415041,50.00343339820467,0.0,1.0,1.0,0.0,0.0
6025,0.1747342200415041,50.00343339820467,0.0,1.0,1.0,0.0,0.0
6026,0.0605174618167143,50.002952155191984,0.0,1.0,1.0,0.0,0.0
6027,0.0605174618167143,50.002952155191984,0.0,1.0,1.0,0.0,0.0
6028,0.03843961832163913,30.004905888530107,0.0,1.0,1.0,0.0,0.0
6029,0.03843961832163913,30.004905888530107,0.0,1.0,1.0,0.0,0.0
6030,0.020015140284569567,30.010206174281734,0.0,1.0,1.0,0.0,0.0
6031,0.020015140284569567,30.010206174281734,0.0,1.0,1.0,0.0,0.0
6032,0.03807927856193359,50.01291602442937,6.773148148148152E-4,1.0,1.0,38.0,38.0
6033,0.03807927856193359,50.01291602442937,0.0,1.0,1.0,0.0,0.0
6034,0.07335914559559353,49.2530135977197,0.0010694444444444443,0.9716189089908982,0.984904484648463,60.0,60.0
6035,0.07335914559559353,47.88984711230059,0.005650231481481479,0.9426238841200854,0.9576428482803628,317.0,317.0
6036,0.06400230902563836,50.00180392627997,0.0,1.0,1.0,0.0,0.0
6037,0.06400230902563836,50.00180392627997,0.0,1.0,1.0,0.0,0.0
6038,0.0710403791460501,50.008870732456074,0.0,1.0,1.0,0.0,0.0
6039,0.0710403791460501,48.850616649603246,0.0028162037037037044,0.9629605776549975,0.9768423106199902,158.0,158.0
6040,0.17685033219001275,50.00087928092719,0.0,1.0,1.0,0.0,0.0
6041,0.17685033219001275,50.00087928092719,3.208333333333333E-4,1.0,1.0,18.0,18.0
6042,0.045214228748528915,45.28161702299847,0.01520393518518519,0.8877989391547999,0.905515518868536,853.0,853.0
6044,0.07238829077539016,50.00918188282567,5.525462962962965E-4,1.0,1.0,31.0,31.0
6045,0.07238829077539016,50.00918188282567,0.0,1.0,1.0,0.0,0.0
6046,0.09306091674425807,50.002880638705825,0.0,1.0,1.0,0.0,0.0
6047,0.09306091674425807,50.002880638705825,2.495370370370372E-4,1.0,1.0,14.0,14.0
6048,0.11630019621869073,49.73716942872315,0.0026914351851851856,0.9946738624875595,0.9946738624875595,151.0,151.0
6050,0.024418437901756587,50.00362710257322,0.0,1.0,1.0,0.0,0.0
6051,0.024418437901756587,50.00362710257322,0.0,1.0,1.0,0.0,0.0
6052,0.014051311223183116,50.03434263447995,0.0,1.0,1.0,0.0,0.0
6054,0.011996993139466857,50.04539432454309,0.0,1.0,1.0,0.0,0.0
6056,0.1355042784361636,30.000947255239172,0.0,1.0,1.0,0.0,0.0
6057,0.1355042784361636,30.000947255239172,5.277777777777775E-4,1.0,1.0,24.0,24.0
6058,0.1077004077556412,29.992304811961667,0.002287037037037036,0.9997398654514351,0.9997398654514351,104.0,104.0
6060,0.047672530330888904,50.00615069673662,4.099537037037036E-4,1.0,1.0,23.0,23.0
6062,0.2451652282424185,50.00253932767019,0.0,1.0,1.0,0.0,0.0
6064,0.07301476754634996,50.00060170569904,0.0,1.0,1.0,0.0,0.0
6065,0.07301476754634996,50.00060170569904,0.0,1.0,1.0,0.0,0.0
6066,0.14400684400536853,50.00237639075296,0.0,1.0,1.0,0.0,0.0
6067,0.14400684400536853,50.00237639075296,0.0,1.0,1.0,0.0,0.0
6068,0.14576771406503553,50.001312113780656,0.0,1.0,1.0,0.0,0.0
6069,0.14576771406503553,50.001312113780656,0.0,1.0,1.0,0.0,0.0
6070,0.11993771178312106,50.00298348804121,0.0,1.0,1.0,0.0,0.0
6071,0.11993771178312106,50.00298348804121,0.0,1.0,1.0,0.0,0.0
6072,0.14089768469142744,50.00312153875579,0.0,1.0,1.0,0.0,0.0
6073,0.14089768469142744,49.88152303865018,2.495370370370372E-4,0.9975699809596101,0.9975699809596101,14.0,14.0
6074,0.0675924066677813,49.94605149435695,0.0015685185185185192,0.9987923697809102,0.9987923697809102,88.0,88.0
6076,0.03365025151696367,46.48772091735272,0.01472268518518519,0.9193084946848689,0.9294447843863047,826.0,826.0
6078,0.016108253512960975,50.034264578653584,0.0,1.0,1.0,0.0,0.0
6080,0.14400684400536853,50.00237639075296,0.0,1.0,1.0,0.0,0.0
6081,0.14400684400536853,47.91201088277689,0.0074504629629629626,0.9427883661670795,0.958195165247513,418.0,418.0
6082,0.020220133892698083,50.029197260283915,0.0,1.0,1.0,0.0,0.0
6083,0.020220133892698083,50.029197260283915,0.0,1.0,1.0,0.0,0.0
6084,0.06582290769287796,50.00263087030189,0.0,1.0,1.0,0.0,0.0
6085,0.06582290769287796,50.00263087030189,0.0,1.0,1.0,0.0,0.0
6086,0.033131763350670175,49.583038297433774,0.0020141203703703714,0.9914650966840035,0.9914650966840035,113.0,113.0
6087,0.033131763350670175,50.01020883120027,0.0,1.0,1.0,0.0,0.0
6088,0.05405807830600699,50.00233347934871,0.0,1.0,1.0,0.0,0.0
6089,0.05405807830600699,50.00233347934871,0.0,1.0,1.0,0.0,0.0
6090,0.05058315730145685,50.01355844142946,0.0,1.0,1.0,0.0,0.0
6091,0.05058315730145685,49.826528571841195,0.0015506944444444444,0.996270701309426,0.996270701309426,87.0,87.0
6092,0.012217591569705118,50.037917691625054,0.0,1.0,1.0,0.0,0.0
6093,0.012217591569705118,50.037917691625054,0.0,1.0,1.0,0.0,0.0
6094,0.05383489863811177,50.00145384344747,0.0,1.0,1.0,0.0,0.0
6095,0.05383489863811177,49.93224292490949,0.0019249999999999996,0.9986169931654465,0.9986169931654465,108.0,108.0
6096,0.06915408931904322,49.20724591181735,0.0021745370370370373,0.9712300379813339,0.9841267426293345,122.0,122.0
6097,0.06915408931904322,50.00094829253978,0.0,1.0,1.0,0.0,0.0
6098,0.05551714836348851,44.93412427085084,0.015453472222222231,0.8806962649357175,0.8986304985504354,867.0,867.0
6100,0.13543467157066005,50.00151960356643,0.0,1.0,1.0,0.0,0.0
6102,0.039234858806399986,50.01610895999998,0.0,1.0,1.0,0.0,0.0
6103,0.039234858806399986,45.45106989341422,0.04643171296296295,0.8828320768394935,0.9087361350349513,2605.0,2605.0
6104,0.041022110396212355,45.511218082651325,0.04643171296296295,0.8831301752528307,0.9100468739822271,2605.0,2605.0
6105,0.041022110396212355,50.01002283317456,0.0,1.0,1.0,0.0,0.0
6106,0.05124508194054454,50.00875440118199,0.0,1.0,1.0,0.0,0.0
6107,0.05124508194054454,50.00875440118199,0.0,1.0,1.0,0.0,0.0
6108,0.04539938428575234,49.40635690008631,0.0019784722222222226,0.9805106818014518,0.9879031312908247,111.0,111.0
6109,0.04539938428575234,50.01156163669169,0.0,1.0,1.0,0.0,0.0
6110,0.12037624137782334,50.0005156294178,0.0,1.0,1.0,0.0,0.0
6111,0.12037624137782334,49.942702533221286,4.2777777777777795E-4,0.9988440603444558,0.9988440603444558,24.0,24.0
6112,0.13824207326203078,50.002156509927744,0.0,1.0,1.0,0.0,0.0
6113,0.13824207326203078,50.002156509927744,0.0,1.0,1.0,0.0,0.0
6114,0.07960183591279785,50.002898147979806,0.0,1.0,1.0,0.0,0.0
6116,0.1696052102587347,45.05353160102691,0.024989351851851853,0.881419395907141,0.901028928857188,1402.0,1402.0
6118,0.1962934300560945,50.000449175825395,0.0,1.0,1.0,0.0,0.0
6119,0.1962934300560945,50.000449175825395,0.0,1.0,1.0,0.0,0.0
6120,0.19430122928198734,50.002460891783144,0.0,1.0,1.0,0.0,0.0
6121,0.19430122928198734,50.002460891783144,0.0,1.0,1.0,0.0,0.0
6122,0.02863438525644798,50.01639346104451,0.0,1.0,1.0,0.0,0.0
6123,0.02863438525644798,50.01639346104451,0.0,1.0,1.0,0.0,0.0
6124,0.051120753167583535,50.00943244654911,0.0,1.0,1.0,0.0,0.0
6125,0.051120753167583535,50.00943244654911,9.268518518518516E-4,1.0,1.0,52.0,52.0
6126,0.05124508194054454,50.00875440118199,0.0,1.0,1.0,0.0,0.0
6127,0.05124508194054454,50.00875440118199,0.0,1.0,1.0,0.0,0.0
6128,0.0568825700695198,48.81877187560181,0.0018537037037037031,0.9628119708067718,0.9762478832270871,104.0,104.0
6129,0.0568825700695198,50.00665500617126,0.0,1.0,1.0,0.0,0.0
6130,0.007674540609512861,49.11705990088231,8.020833333333331E-4,0.9813569551618719,0.9813569551618719,45.0,45.0
6132,0.10058213238279218,50.00630804834303,0.0,1.0,1.0,0.0,0.0
6133,0.10058213238279218,50.00630804834303,8.020833333333331E-4,1.0,1.0,45.0,45.0
6134,0.20327464618877386,50.00264614141345,0.0,1.0,1.0,0.0,0.0
6135,0.20327464618877386,50.00264614141345,0.0,1.0,1.0,0.0,0.0
6136,0.06455649738481092,50.00072947188455,0.00262013888888889,1.0,1.0,147.0,147.0
6137,0.06455649738481092,50.00072947188455,0.0,1.0,1.0,0.0,0.0
6138,0.05606996261414037,50.000462078500206,0.0,1.0,1.0,0.0,0.0
6140,0.06304204877174197,50.000303057561375,0.0,1.0,1.0,0.0,0.0
6141,0.06304204877174197,50.000303057561375,0.0,1.0,1.0,0.0,0.0
6142,0.0551286762801479,50.00333449446522,0.0,1.0,1.0,0.0,0.0
6143,0.0551286762801479,50.00333449446522,0.0,1.0,1.0,0.0,0.0
6144,0.11993771178312106,50.00298348804121,0.0,1.0,1.0,0.0,0.0
6145,0.11993771178312106,49.918487705758174,9.981481481481488E-4,0.9983125705943737,0.9983125705943737,56.0,56.0
6146,0.06187432195311976,48.85159102342208,0.001621990740740741,0.9629567905404043,0.9768271621616169,91.0,91.0
6147,0.06187432195311976,50.0106778247039,0.0,1.0,1.0,0.0,0.0
6148,0.0634225089226509,49.86896875206166,4.099537037037036E-4,0.9972901290151929,0.9972901290151929,23.0,23.0
6149,0.0634225089226509,50.004606246505304,5.703703703703704E-4,1.0,1.0,32.0,32.0
6150,0.06117636986015315,49.73654816942025,0.0010872685185185187,0.994578937877377,0.994578937877377,61.0,61.0
6151,0.06117636986015315,50.00793176579277,1.6041666666666664E-4,1.0,1.0,9.0,9.0
6152,0.1416979855012827,50.00124953975865,0.0,1.0,1.0,0.0,0.0
6153,0.1416979855012827,50.00124953975865,0.0,1.0,1.0,0.0,0.0
6154,0.012923603322652582,50.02685157155838,0.0,1.0,1.0,0.0,0.0
6155,0.012923603322652582,48.44157684936484,0.0038678240740740756,0.9608292204664404,0.9683168818657613,217.0,217.0
6156,0.028302709800469547,48.36199724574375,0.0039034722222222235,0.960466469263525,0.9668658770541,219.0,219.0
6157,0.028302709800469547,50.01951658404044,0.0,1.0,1.0,0.0,0.0
6158,0.018695021338660786,50.00154295629928,3.564814814814815E-5,1.0,1.0,2.0,2.0
6159,0.018695021338660786,50.00154295629928,0.0,1.0,1.0,0.0,0.0
6160,0.06481856689199368,50.01003875078809,0.0,1.0,1.0,0.0,0.0
6161,0.06481856689199368,50.01003875078809,0.0,1.0,1.0,0.0,0.0
6162,0.027117408043924433,50.01161319576227,0.0,1.0,1.0,0.0,0.0
6163,0.027117408043924433,50.01161319576227,0.0,1.0,1.0,0.0,0.0
6164,0.043392640540454025,50.00432328605458,0.0,1.0,1.0,0.0,0.0
6165,0.043392640540454025,47.81578426303531,0.00643449074074074,0.9422226528664073,0.9562337229625882,361.0,361.0
6166,0.06863090686860258,50.00430372940079,0.0,1.0,1.0,0.0,0.0
6167,0.06863090686860258,48.45110248125563,0.004402546296296294,0.960984890369566,0.9689395614782642,247.0,247.0
6168,0.039445018187970034,50.000727280525396,0.0,1.0,1.0,0.0,0.0
6170,0.02519223913951519,50.023199615143234,0.0,1.0,1.0,0.0,0.0
6171,0.02519223913951519,50.023199615143234,0.0,1.0,1.0,0.0,0.0
6172,0.03120297703869484,50.01367646451533,0.0,1.0,1.0,0.0,0.0
6174,0.011433419626543451,46.39945781200249,0.010819212962962966,0.9191718976662513,0.9277594737549937,607.0,607.0
6176,0.10045591039831453,30.001765176201452,0.0,1.0,1.0,0.0,0.0
6177,0.10045591039831453,29.585218552451703,8.136574074074073E-4,0.9861175641752882,0.9861175641752882,37.0,37.0
6178,0.08048910106531666,30.00214991045144,0.0,1.0,1.0,0.0,0.0
6179,0.08048910106531666,30.00214991045144,0.0013194444444444451,1.0,1.0,60.0,60.0
6180,0.11535765144431374,48.43327409830863,0.004776851851851853,0.9608947083505343,0.9685788334021371,268.0,268.0
6182,0.14329969951765112,28.163239192698658,0.012490740740740735,0.9221806669953925,0.93872266798157,568.0,568.0
6184,0.051015005012551046,49.83077771473383,4.4560185185185214E-4,0.9965945870927466,0.9965945870927466,25.0,25.0
6186,0.04006801435269027,50.01555189656206,0.0,1.0,1.0,0.0,0.0
6187,0.04006801435269027,47.04075820760351,0.010676620370370371,0.9226317015174955,0.9405268060699821,599.0,599.0
6188,0.01564434739287371,46.20291755332175,0.010819212962962966,0.9183368236364783,0.9237384032307348,607.0,607.0
6190,0.10172686214449837,50.00228068271357,0.0,1.0,1.0,0.0,0.0
6191,0.10172686214449837,47.041944008774884,0.017360648148148153,0.9226991481292126,0.9407965925168502,974.0,974.0
6192,0.009273973138543916,50.054427734270014,0.0,1.0,1.0,0.0,0.0
6193,0.009273973138543916,50.054427734270014,0.0,1.0,1.0,0.0,0.0
6194,0.12239555632446819,50.002723872910295,0.0,1.0,1.0,0.0,0.0
6195,0.12239555632446819,50.002723872910295,0.0,1.0,1.0,0.0,0.0
6196,0.049584396827795675,50.0010724313906,0.0,1.0,1.0,0.0,0.0
6197,0.049584396827795675,50.0010724313906,0.0,1.0,1.0,0.0,0.0
6198,0.06552012453299175,50.004759024543205,0.0,1.0,1.0,0.0,0.0
6199,0.06552012453299175,50.004759024543205,7.842592592592596E-4,1.0,1.0,44.0,44.0
6200,0.04944538334027444,45.118461496894206,0.03431134259259258,0.8814704365818608,0.9023524168454227,1925.0,1925.0
6201,0.04944538334027444,50.00094944522135,0.0,1.0,1.0,0.0,0.0
6202,0.07264360649592227,50.00324730120845,0.0,1.0,1.0,0.0,0.0
6203,0.07264360649592227,45.30518681307504,0.03283194444444445,0.8881076119398688,0.9060462319692678,1842.0,1842.0
6204,0.06152034214018142,50.00524536117704,0.0,1.0,1.0,0.0,0.0
6205,0.06152034214018142,50.00524536117704,0.0010159722222222221,1.0,1.0,57.0,57.0
6206,0.032887918787100213,50.01964834539957,3.921296296296298E-4,1.0,1.0,22.0,22.0
6207,0.032887918787100213,50.01964834539957,0.0,1.0,1.0,0.0,0.0
6208,0.017989088257575413,50.00827623727528,0.0,1.0,1.0,0.0,0.0
6209,0.017989088257575413,50.00827623727528,0.0,1.0,1.0,0.0,0.0
6210,0.012335626286464757,48.48006461499865,0.003796527777777777,0.9611057809111226,0.9694231236444908,213.0,213.0
6212,0.020579773981355545,50.025108935097876,0.0,1.0,1.0,0.0,0.0
6213,0.020579773981355545,48.45068879772989,0.003796527777777777,0.9608831303413055,0.9685325213652218,213.0,213.0
6214,0.10646107580692757,50.00128805022039,0.0012120370370370375,1.0,1.0,68.0,68.0
6215,0.10646107580692757,50.00128805022039,0.0,1.0,1.0,0.0,0.0
6216,0.12645022150196725,50.00228442520673,7.842592592592596E-4,1.0,1.0,44.0,44.0
6218,0.06830203152636374,50.00758867091916,3.743055555555555E-4,1.0,1.0,21.0,21.0
6220,0.14576771406503553,48.8852800359777,0.0031013888888888888,0.9631701129680228,0.9776804518720914,174.0,174.0
6221,0.14576771406503553,50.001312113780656,0.0,1.0,1.0,0.0,0.0
6222,0.1980180574825664,50.001052601335424,0.0,1.0,1.0,0.0,0.0
6223,0.1980180574825664,49.88512294488904,0.0019071759259259267,0.9976822840388518,0.9976822840388518,107.0,107.0
6224,0.07094933817352041,50.0034489868194,0.0,1.0,1.0,0.0,0.0
6225,0.07094933817352041,50.0034489868194,0.0,1.0,1.0,0.0,0.0
6226,0.19033078901729403,50.00298040299632,0.0021567129629629627,1.0,1.0,121.0,121.0
6228,0.040212146405897924,50.00474164463991,0.0,1.0,1.0,0.0,0.0
6229,0.040212146405897924,50.00474164463991,0.0,1.0,1.0,0.0,0.0
6230,0.024418437901756587,50.00362710257322,0.0,1.0,1.0,0.0,0.0
6231,0.024418437901756587,50.00362710257322,6.594907407407404E-4,1.0,1.0,37.0,37.0
6232,0.12424430123170542,50.00329619163102,0.0,1.0,1.0,0.0,0.0
6233,0.12424430123170542,50.00329619163102,0.0,1.0,1.0,0.0,0.0
6234,0.020220133892698083,50.029197260283915,4.634259259259258E-4,1.0,1.0,26.0,26.0
6235,0.020220133892698083,50.029197260283915,0.0,1.0,1.0,0.0,0.0
6236,0.012217591569705118,50.037917691625054,0.0,1.0,1.0,0.0,0.0
6237,0.012217591569705118,50.037917691625054,0.0,1.0,1.0,0.0,0.0
6238,0.1098123690283823,50.00310251735092,0.0,1.0,1.0,0.0,0.0
6239,0.1098123690283823,50.00310251735092,0.0,1.0,1.0,0.0,0.0
6240,0.06826875425561407,50.003563646024546,6.060185185185188E-4,1.0,1.0,34.0,34.0
6241,0.06826875425561407,50.003563646024546,0.0,1.0,1.0,0.0,0.0
6242,0.1462699627847115,50.00207634839629,0.0,1.0,1.0,0.0,0.0
6243,0.1462699627847115,50.00207634839629,0.0,1.0,1.0,0.0,0.0
6244,0.05838787765177096,50.01103010858326,0.0,1.0,1.0,0.0,0.0
6245,0.05838787765177096,49.67887351694542,0.0011407407407407408,0.9933660599243959,0.9933660599243959,64.0,64.0
6246,0.16289426287397488,50.001649586145085,0.0,1.0,1.0,0.0,0.0
6247,0.16289426287397488,50.001649586145085,0.0,1.0,1.0,0.0,0.0
6248,0.11414436772230244,28.49361133332057,0.008598379629629631,0.930564902914546,0.9497648593845881,391.0,391.0
6250,0.05762736478924996,30.00123112672449,0.0,1.0,1.0,0.0,0.0
6251,0.05762736478924996,30.00123112672449,0.0,1.0,1.0,0.0,0.0
6252,0.15387067875685156,30.000782253285617,0.0,1.0,1.0,0.0,0.0
6253,0.15387067875685156,30.000782253285617,0.0,1.0,1.0,0.0,0.0
6254,0.138951986457065,50.002714038927834,0.0,1.0,1.0,0.0,0.0
6255,0.138951986457065,50.002714038927834,0.0,1.0,1.0,0.0,0.0
6256,0.04326985973188185,49.54337978291793,0.0026736111111111105,0.9907353362148551,0.9907353362148551,150.0,150.0
6258,0.0749097198101899,50.004634028682304,0.0,1.0,1.0,0.0,0.0
6259,0.0749097198101899,50.004634028682304,0.0,1.0,1.0,0.0,0.0
6260,0.027851681413862992,50.00800652863181,0.0,1.0,1.0,0.0,0.0
6262,0.03394893021664525,50.006607520426726,0.0,1.0,1.0,0.0,0.0
6264,0.5935380918601972,50.00086887950368,0.0,1.0,1.0,0.0,0.0
6265,0.5935380918601972,50.00086887950368,0.0,1.0,1.0,0.0,0.0
6266,0.08403887620897726,50.006604025176564,0.0,1.0,1.0,0.0,0.0
6267,0.08403887620897726,48.1115022823505,0.010640972222222229,0.9444913086123727,0.962104844336371,597.0,597.0
6268,0.11697524812170787,48.13933313382447,0.010640972222222227,0.9446865090389235,0.9627621414653882,597.0,597.0
6269,0.11697524812170787,50.001293426519624,0.0,1.0,1.0,0.0,0.0
6270,0.04976702407899895,50.003150065418986,0.0,1.0,1.0,0.0,0.0
6272,0.16060466869799556,50.00231837004099,4.990740740740744E-4,1.0,1.0,28.0,28.0
6273,0.16060466869799556,50.00231837004099,0.0,1.0,1.0,0.0,0.0
6274,0.016236007039791903,49.175084335588906,0.0022458333333333328,0.9826873438930211,0.9826873438930211,126.0,126.0
6275,0.016236007039791903,50.04248745141341,0.0,1.0,1.0,0.0,0.0
6276,0.07613017053705327,50.003396083450426,0.0,1.0,1.0,0.0,0.0
6277,0.07613017053705327,50.003396083450426,0.0,1.0,1.0,0.0,0.0
6278,0.22630511911601303,50.00297236958491,0.0,1.0,1.0,0.0,0.0
6279,0.22630511911601303,50.00297236958491,0.0,1.0,1.0,0.0,0.0
6280,0.07496737438634253,49.805511571089575,4.812499999999999E-4,0.9958170205265046,0.9958170205265046,27.0,27.0
6282,0.03706257678272602,49.77887467886823,9.624999999999998E-4,0.9953959101160593,0.9953959101160593,54.0,54.0
6284,0.02766080515511431,49.96937659322444,0.0028696759259259257,0.9991093354625699,0.9991093354625699,161.0,161.0
6286,0.02619045779352506,50.01891143590993,0.0,1.0,1.0,0.0,0.0
6288,0.01911166096358164,50.001438567510114,0.0,1.0,1.0,0.0,0.0
6290,0.023826408221000617,48.038402700130085,0.01490092592592592,0.9437652464125434,0.9604909241192439,836.0,836.0
6292,0.11661408914553864,47.47591599753159,0.021014583333333333,0.9305742145055582,0.9494943779158703,1179.0,1179.0
6294,0.025923374917076226,50.01294196220494,0.0,1.0,1.0,0.0,0.0
6295,0.025923374917076226,50.01294196220494,0.0,1.0,1.0,0.0,0.0
6296,0.04471545406691984,50.00796354175565,0.0,1.0,1.0,0.0,0.0
6297,0.04471545406691984,50.00796354175565,0.0,1.0,1.0,0.0,0.0
6298,0.04754405904327224,50.002516084072475,0.0,1.0,1.0,0.0,0.0
6299,0.04754405904327224,50.002516084072475,0.0,1.0,1.0,0.0,0.0
6300,0.04754405904327224,50.002516084072475,0.0,1.0,1.0,0.0,0.0
6301,0.04754405904327224,50.002516084072475,0.0,1.0,1.0,0.0,0.0
6302,0.04699473040027821,50.009172167012,5.881944444444444E-4,1.0,1.0,33.0,33.0
6303,0.04699473040027821,50.009172167012,0.0,1.0,1.0,0.0,0.0
6304,0.04565407767862072,50.00142368209145,0.0,1.0,1.0,0.0,0.0
6305,0.04565407767862072,50.00142368209145,0.0,1.0,1.0,0.0,0.0
6306,0.11957966856610856,50.00427539063664,5.347222222222221E-4,1.0,1.0,30.0,30.0
6307,0.11957966856610856,50.00427539063664,0.0,1.0,1.0,0.0,0.0
6308,0.060788872570190354,50.00912734293539,0.0,1.0,1.0,0.0,0.0
6309,0.060788872570190354,50.00912734293539,0.0,1.0,1.0,0.0,0.0
6310,0.06725096820621008,50.00071985591829,0.0,1.0,1.0,0.0,0.0
6311,0.06725096820621008,50.00071985591829,0.0,1.0,1.0,0.0,0.0
6312,0.15319622412814707,50.00058085778146,0.0,1.0,1.0,0.0,0.0
6313,0.15319622412814707,50.00058085778146,0.0,1.0,1.0,0.0,0.0
6314,0.06628603644023817,49.91121850285126,0.0017645833333333337,0.9981049551974762,0.9981049551974762,99.0,99.0
6315,0.06628603644023817,50.006230340498206,0.0,1.0,1.0,0.0,0.0
6316,0.004995210098317242,50.09124332574394,0.0,1.0,1.0,0.0,0.0
6317,0.004995210098317242,50.09124332574394,0.0,1.0,1.0,0.0,0.0
6318,0.1481717043636421,50.00170001022794,0.0,1.0,1.0,0.0,0.0
6319,0.1481717043636421,50.00170001022794,0.0,1.0,1.0,0.0,0.0
6320,0.10940304944803582,30.000836228894652,0.0,1.0,1.0,0.0,0.0
6321,0.10940304944803582,30.000836228894652,0.0,1.0,1.0,0.0,0.0
6322,0.028914371905846354,50.02005711727385,0.0,1.0,1.0,0.0,0.0
6323,0.028914371905846354,50.02005711727385,0.0,1.0,1.0,0.0,0.0
6324,0.13684074323766163,29.882146628309624,0.0025949074074074078,0.9960196578703033,0.9960196578703033,118.0,118.0
6325,0.13684074323766163,30.001624583165764,1.0995370370370369E-4,1.0,1.0,5.0,5.0
6326,0.14486737455983498,30.00014659545593,0.0,1.0,1.0,0.0,0.0
6327,0.14486737455983498,29.698187067420193,0.005959490740740739,0.9819454279313813,0.9899349369048085,271.0,271.0
6328,0.12343604981753985,30.000660231106096,0.0,1.0,1.0,0.0,0.0
6329,0.12343604981753985,30.000660231106096,0.0,1.0,1.0,0.0,0.0
6330,0.06671721139265703,50.00665438550184,0.0,1.0,1.0,0.0,0.0
6331,0.06671721139265703,50.00665438550184,0.0,1.0,1.0,0.0,0.0
6332,0.13356298978162442,50.00278319611564,0.0,1.0,1.0,0.0,0.0
6333,0.13356298978162442,50.00278319611564,0.0,1.0,1.0,0.0,0.0
6334,0.05506667936132635,50.01010234631051,0.0,1.0,1.0,0.0,0.0
6335,0.05506667936132635,50.01010234631051,0.0,1.0,1.0,0.0,0.0
6336,0.06713236027321676,50.00548251263818,0.0,1.0,1.0,0.0,0.0
6337,0.06713236027321676,50.00548251263818,0.0,1.0,1.0,0.0,0.0
6338,0.13363038463593788,50.00201483103381,0.0,1.0,1.0,0.0,0.0
6339,0.13363038463593788,50.00201483103381,0.0,1.0,1.0,0.0,0.0
6340,0.06713236027321676,49.953289290265616,4.4560185185185214E-4,0.9989595621229476,0.9989595621229476,25.0,25.0
6341,0.06713236027321676,49.988084771847326,2.317129629629629E-4,0.9996531873743159,0.9996531873743159,13.0,13.0
6342,0.029265331691909296,50.00246515940838,0.0,1.0,1.0,0.0,0.0
6343,0.029265331691909296,50.00246515940838,0.0,1.0,1.0,0.0,0.0
6344,0.17830932179622822,50.001056119833436,0.0,1.0,1.0,0.0,0.0
6345,0.17830932179622822,50.001056119833436,0.0,1.0,1.0,0.0,0.0
6346,0.10940304944803582,29.922976915824425,0.0011655092592592596,0.9974058509933461,0.9974058509933461,53.0,53.0
6347,0.10940304944803582,29.96190657235954,1.0995370370370369E-4,0.998702925496673,0.998702925496673,5.0,5.0
6348,0.0390518639108621,30.001431941763457,0.0,1.0,1.0,0.0,0.0
6349,0.0390518639108621,30.001431941763457,0.0,1.0,1.0,0.0,0.0
6350,0.029265331691909296,49.69238042755177,3.030092592592594E-4,0.9937993325126213,0.9937993325126213,17.0,17.0
6351,0.029265331691909296,49.38229569569516,5.168981481481481E-4,0.9875986650252426,0.9875986650252426,29.0,29.0
6352,0.13409664254651707,50.004963037855966,0.0,1.0,1.0,0.0,0.0
6353,0.13409664254651707,50.004963037855966,0.0,1.0,1.0,0.0,0.0
6354,0.06683986822449692,30.002933367604605,0.0,1.0,1.0,0.0,0.0
6355,0.06683986822449692,30.002933367604605,0.0,1.0,1.0,0.0,0.0
6356,0.0390518639108621,30.001431941763457,0.0,1.0,1.0,0.0,0.0
6357,0.0390518639108621,30.001431941763457,0.0,1.0,1.0,0.0,0.0
6358,0.06683986822449692,30.002933367604605,0.0,1.0,1.0,0.0,0.0
6359,0.06683986822449692,30.002933367604605,3.958333333333335E-4,1.0,1.0,18.0,18.0
6360,0.028866218406033574,50.008848056651054,0.0,1.0,1.0,0.0,0.0
6361,0.028866218406033574,49.36845697459227,8.377314814814818E-4,0.9871995517393669,0.9871995517393669,47.0,47.0
6362,0.028914371905846354,49.38160666601309,0.0011585648148148154,0.9872477052391797,0.9872477052391797,65.0,65.0
6363,0.028914371905846354,50.02005711727385,0.0,1.0,1.0,0.0,0.0
6364,0.010885881603571325,49.54910728476173,0.0028340277777777786,0.9900232304379913,0.9900232304379913,159.0,159.0
6366,0.009731552250290772,29.499236824515737,5.497685185185181E-4,0.9826622139590603,0.9826622139590603,25.0,25.0
6367,0.009731552250290772,29.499236824515737,0.0018692129629629638,0.9826622139590603,0.9826622139590603,85.0,85.0
6368,0.08737347566350494,30.002338075984145,0.0,1.0,1.0,0.0,0.0
6369,0.08737347566350494,29.943697142471994,0.0021770833333333325,0.9980485495440174,0.9980485495440174,99.0,99.0
6370,0.14296461920908665,50.00219849924338,0.0,1.0,1.0,0.0,0.0
6371,0.14296461920908665,50.00219849924338,0.0,1.0,1.0,0.0,0.0
6372,0.06671721139265703,49.49662041363091,0.00285185185185185,0.981936982746208,0.9898048658838328,160.0,160.0
6373,0.06671721139265703,50.00665438550184,0.0,1.0,1.0,0.0,0.0
6374,0.23810307881927556,50.00122987513224,0.0,1.0,1.0,0.0,0.0
6375,0.23810307881927556,50.00122987513224,0.0,1.0,1.0,0.0,0.0
6376,0.1282934165785662,50.000682005287246,0.0,1.0,1.0,0.0,0.0
6377,0.1282934165785662,50.000682005287246,0.0,1.0,1.0,0.0,0.0
6378,0.15319622412814707,49.537467838899055,0.03443611111111111,0.9907390707547677,0.9907390707547677,1932.0,1932.0
6379,0.15319622412814707,50.00058085778146,2.1388888888888898E-4,1.0,1.0,12.0,12.0
6380,0.07238645830182773,30.001295174600486,0.0,1.0,1.0,0.0,0.0
6381,0.07238645830182773,30.001295174600486,0.0,1.0,1.0,0.0,0.0
6382,0.06508648003280314,29.97176152790966,8.136574074074073E-4,0.9990123833538352,0.9990123833538352,37.0,37.0
6383,0.06508648003280314,29.919805891039687,0.0424861111111111,0.997284054223047,0.997284054223047,1932.0,1932.0
6384,0.13356298978162442,50.00278319611564,0.0,1.0,1.0,0.0,0.0
6385,0.13356298978162442,49.92277874300185,9.446759259259266E-4,0.9984022302678207,0.9984022302678207,53.0,53.0
6386,0.0692848317132157,50.00509105204019,0.0,1.0,1.0,0.0,0.0
6387,0.0692848317132157,50.00509105204019,0.0,1.0,1.0,0.0,0.0
6388,0.03716881010423574,49.76565589520413,0.0015506944444444444,0.9952578498950144,0.9952578498950144,87.0,87.0
6390,0.13363038463593788,50.00201483103381,0.0,1.0,1.0,0.0,0.0
6391,0.13363038463593788,50.00201483103381,0.0,1.0,1.0,0.0,0.0
6392,0.0692848317132157,50.00509105204019,0.0,1.0,1.0,0.0,0.0
6393,0.0692848317132157,50.00509105204019,0.0,1.0,1.0,0.0,0.0
6394,0.025797729542110168,50.01175355497933,0.0,1.0,1.0,0.0,0.0
6395,0.025797729542110168,50.01175355497933,0.0,1.0,1.0,0.0,0.0
6396,0.13409664254651707,50.004963037855966,0.0,1.0,1.0,0.0,0.0
6397,0.13409664254651707,50.004963037855966,1.7824074074074064E-4,1.0,1.0,10.0,10.0
6398,0.040820157393873395,50.00087329634032,0.0,1.0,1.0,0.0,0.0
6399,0.040820157393873395,50.00087329634032,0.0,1.0,1.0,0.0,0.0
6400,0.03701216285127218,50.01643628550294,0.0,1.0,1.0,0.0,0.0
6401,0.03701216285127218,50.01643628550294,0.0,1.0,1.0,0.0,0.0
6402,0.2212186513722379,50.0054718661344,0.0,1.0,1.0,0.0,0.0
6403,0.2212186513722379,50.0054718661344,0.0,1.0,1.0,0.0,0.0
6404,0.2865456240879314,50.0031142373511,5.168981481481481E-4,1.0,1.0,29.0,29.0
6405,0.2865456240879314,50.0031142373511,0.0,1.0,1.0,0.0,0.0
6406,0.1282934165785662,50.000682005287246,0.0010694444444444443,1.0,1.0,60.0,60.0
6407,0.1282934165785662,50.000682005287246,0.0,1.0,1.0,0.0,0.0
6408,0.16970224988516144,50.0022998515781,0.00262013888888889,1.0,1.0,147.0,147.0
6409,0.16970224988516144,50.0022998515781,0.0,1.0,1.0,0.0,0.0
6410,0.2212186513722379,50.0054718661344,0.0,1.0,1.0,0.0,0.0
6411,0.2212186513722379,50.0054718661344,0.0,1.0,1.0,0.0,0.0
6412,0.23810307881927553,50.00122987513223,0.0,1.0,1.0,0.0,0.0
6413,0.23810307881927553,50.00122987513223,0.0,1.0,1.0,0.0,0.0
6414,0.05811961362272563,50.00731573657081,0.0,1.0,1.0,0.0,0.0
6415,0.05811961362272563,50.00731573657081,0.0,1.0,1.0,0.0,0.0
6416,0.09583086191963976,50.005957807030455,0.0,1.0,1.0,0.0,0.0
6417,0.09583086191963976,50.005957807030455,0.0,1.0,1.0,0.0,0.0
6418,0.014356438728747445,50.032119480630016,0.0,1.0,1.0,0.0,0.0
6419,0.014356438728747445,45.57889059617085,0.06985254629629631,0.8802959989283068,0.9110090294539273,3919.0,3919.0
6420,0.03437854714128522,50.005159478233054,0.0,1.0,1.0,0.0,0.0
6421,0.03437854714128522,50.005159478233054,0.0,1.0,1.0,0.0,0.0
6422,0.034955519910626315,50.01584724890888,0.0,1.0,1.0,0.0,0.0
6423,0.034955519910626315,50.01584724890888,0.0,1.0,1.0,0.0,0.0
6424,0.05811961362272563,50.00731573657081,0.0,1.0,1.0,0.0,0.0
6425,0.05811961362272563,50.00731573657081,0.0,1.0,1.0,0.0,0.0
6426,0.05574973299139852,50.01221997733234,0.0,1.0,1.0,0.0,0.0
6427,0.05574973299139852,50.01221997733234,0.0,1.0,1.0,0.0,0.0
6428,0.08279800990298966,50.00383084226854,0.0,1.0,1.0,0.0,0.0
6429,0.08279800990298966,50.00383084226854,0.0,1.0,1.0,0.0,0.0
6430,0.03437854714128522,47.05320279731595,0.02746689814814814,0.9227420976551869,0.9409683906207478,1541.0,1541.0
6431,0.03437854714128522,50.005159478233054,0.0,1.0,1.0,0.0,0.0
6432,0.05574973299139852,50.01221997733234,1.7824074074074075E-5,1.0,1.0,1.0,1.0
6433,0.05574973299139852,50.01221997733234,0.0,1.0,1.0,0.0,0.0
6434,0.12239555632446819,50.002723872910295,0.0,1.0,1.0,0.0,0.0
6435,0.12239555632446819,50.002723872910295,0.0,1.0,1.0,0.0,0.0
6436,0.041428480234763906,50.014261852833684,0.0,1.0,1.0,0.0,0.0
6437,0.041428480234763906,50.014261852833684,0.0,1.0,1.0,0.0,0.0
6438,0.04789208999082074,50.00334221779428,0.0,1.0,1.0,0.0,0.0
6439,0.04789208999082074,50.00334221779428,0.0,1.0,1.0,0.0,0.0
6440,0.03115428377558608,50.00241711641101,0.0,1.0,1.0,0.0,0.0
6441,0.03115428377558608,50.00241711641101,0.0,1.0,1.0,0.0,0.0
6442,0.08279800990298966,47.29592891743517,0.02744907407407407,0.9239618870370768,0.9458475481483075,1540.0,1540.0
6443,0.08279800990298966,50.00383084226854,0.0,1.0,1.0,0.0,0.0
6444,0.034133503275729435,50.01245901205778,0.0,1.0,1.0,0.0,0.0
6445,0.034133503275729435,50.01245901205778,0.0,1.0,1.0,0.0,0.0
6446,0.02453512359228301,50.01497448030512,0.0,1.0,1.0,0.0,0.0
6447,0.02453512359228301,50.01497448030512,0.0,1.0,1.0,0.0,0.0
6448,0.03115428377558608,47.096763477213806,0.026540046296296298,0.9229726130443722,0.9418904521774886,1489.0,1489.0
6449,0.03115428377558608,50.00241711641101,0.0,1.0,1.0,0.0,0.0
6450,0.02453512359228301,50.01497448030512,0.0,1.0,1.0,0.0,0.0
6451,0.02453512359228301,50.01497448030512,0.0,1.0,1.0,0.0,0.0
6452,0.034133503275729435,47.071598004890355,0.026540046296296298,0.922800237312309,0.9412009492492357,1489.0,1489.0
6453,0.034133503275729435,50.01245901205778,0.0,1.0,1.0,0.0,0.0
6454,0.06582290769287796,50.00263087030189,0.0,1.0,1.0,0.0,0.0
6455,0.06582290769287796,47.98338660190709,0.00791388888888889,0.9434397014508096,0.9596178551220018,444.0,444.0
6456,0.009273973138543916,50.054427734270014,0.0,1.0,1.0,0.0,0.0
6457,0.009273973138543916,46.87049442200132,0.018073611111111117,0.9216001768834425,0.9364007075337699,1014.0,1014.0
6458,0.12424430123170542,50.00329619163102,0.0,1.0,1.0,0.0,0.0
6459,0.12424430123170542,49.72514856041974,0.0013189814814814809,0.9854131789849335,0.9944397942021336,74.0,74.0
6460,0.040543408141079935,48.80296469480285,0.0035826388888888874,0.9625440330187345,0.9760185759691281,201.0,201.0
6462,0.045269959246290785,50.00670551906929,4.099537037037036E-4,1.0,1.0,23.0,23.0
6463,0.045269959246290785,50.00670551906929,0.0,1.0,1.0,0.0,0.0
6464,0.0773451652786195,50.007649964624676,0.0,1.0,1.0,0.0,0.0
6465,0.0773451652786195,50.007649964624676,0.0,1.0,1.0,0.0,0.0
6466,0.04901311836594678,50.0133860877008,0.0,1.0,1.0,0.0,0.0
6467,0.04901311836594678,49.767486939436274,9.80324074074074E-4,0.9950931721077935,0.9950931721077935,55.0,55.0
6468,0.0773451652786195,50.007649964624676,0.0,1.0,1.0,0.0,0.0
6469,0.0773451652786195,50.007649964624676,2.6736111111111107E-4,1.0,1.0,15.0,15.0
6470,0.07698401114740609,49.5732806313875,0.0013724537037037047,0.9830724603649064,0.9913188360420974,77.0,77.0
6471,0.07698401114740609,50.00765790881666,0.0,1.0,1.0,0.0,0.0
6472,0.07753320787609437,50.00350203402718,0.0,1.0,1.0,0.0,0.0
6473,0.07753320787609437,50.00350203402718,0.0,1.0,1.0,0.0,0.0
6474,0.011636467634883824,48.36364038981289,0.0046699074074074065,0.9590674437628559,0.9663377228729352,262.0,262.0
6476,0.07753320787609437,50.00350203402718,0.0,1.0,1.0,0.0,0.0
6477,0.07753320787609437,50.00350203402718,3.743055555555557E-4,1.0,1.0,21.0,21.0
6478,0.17254171921940897,48.511786896865594,0.010213194444444448,0.9609621097714357,0.9702354492208453,573.0,573.0
6480,0.0476679308320191,49.705484868457674,7.664351851851849E-4,0.9940842814573476,0.9940842814573476,43.0,43.0
6482,0.22644648103224832,50.000449688180446,0.0,1.0,1.0,0.0,0.0
6483,0.22644648103224832,50.000449688180446,0.0,1.0,1.0,0.0,0.0
6484,0.2928773388905635,50.000399298431674,0.0,1.0,1.0,0.0,0.0
6485,0.2928773388905635,50.000399298431674,0.0,1.0,1.0,0.0,0.0
6486,0.14145795677286846,50.004776549717846,0.0,1.0,1.0,0.0,0.0
6487,0.14145795677286846,50.004776549717846,0.0,1.0,1.0,0.0,0.0
6488,0.01978588192075738,48.74197254909526,0.003939120370370373,0.9663900488059364,0.9744467642785395,221.0,221.0
6490,0.0744044957669272,50.010490059921196,0.0,1.0,1.0,0.0,0.0
6492,0.051205179199995586,48.53352159661728,0.005543287037037039,0.9613673707250133,0.9704694829000534,311.0,311.0
6494,0.06092040235351276,48.36245298237241,0.005382870370370371,0.960547572573035,0.9671902902921403,302.0,302.0
6496,0.1836898828458162,50.0025389977269,0.0,1.0,1.0,0.0,0.0
6497,0.1836898828458162,50.0025389977269,0.0,1.0,1.0,0.0,0.0
6498,0.07519778746765671,49.79874165075046,0.0017824074074074085,0.9959322270671617,0.9959322270671617,100.0,100.0
6500,0.004033111044560164,50.06620607040204,0.0,1.0,1.0,0.0,0.0
6501,0.004033111044560164,50.06620607040204,0.0,1.0,1.0,0.0,0.0
6502,0.020736013199736992,48.81384593212969,7.664351851851849E-4,0.9626597830372371,0.9756391321489483,43.0,43.0
6504,0.03886316396384706,50.00264126870958,0.0,1.0,1.0,0.0,0.0
6505,0.03886316396384706,50.00264126870958,0.0,1.0,1.0,0.0,0.0
6506,0.023663289288565734,50.022220457332146,0.0,1.0,1.0,0.0,0.0
6507,0.023663289288565734,50.022220457332146,0.0,1.0,1.0,0.0,0.0
6508,0.09087301405126676,50.00655007406914,0.0,1.0,1.0,0.0,0.0
6509,0.09087301405126676,50.00655007406914,0.0,1.0,1.0,0.0,0.0
6510,0.0493929366681215,50.004097864239995,0.0,1.0,1.0,0.0,0.0
6511,0.0493929366681215,50.004097864239995,0.0,1.0,1.0,0.0,0.0
6512,0.03886316396384706,50.00264126870958,0.0,1.0,1.0,0.0,0.0
6513,0.03886316396384706,50.00264126870958,0.0,1.0,1.0,0.0,0.0
6514,0.09087301405126676,49.565937552855516,0.0023527777777777774,0.9829782393114223,0.9911932079707853,132.0,132.0
6515,0.09087301405126676,50.00655007406914,0.0,1.0,1.0,0.0,0.0
6516,0.09118427913799501,50.0020418730818,0.0,1.0,1.0,0.0,0.0
6518,0.047710406574320845,50.00217282898254,0.0,1.0,1.0,0.0,0.0
6519,0.047710406574320845,50.00217282898254,0.0,1.0,1.0,0.0,0.0
6520,0.0493929366681215,49.536942321884055,0.0011942129629629633,0.9825779210718568,0.9906594503180313,67.0,67.0
6521,0.0493929366681215,50.004097864239995,0.0,1.0,1.0,0.0,0.0
6522,0.04858514720410646,49.722354213747806,0.0014793981481481479,0.9944113046627933,0.9944113046627933,83.0,83.0
6524,0.04925579135712598,50.005879550381714,0.0,1.0,1.0,0.0,0.0
6525,0.04925579135712598,50.005879550381714,0.0,1.0,1.0,0.0,0.0
6526,0.047710406574320845,50.00217282898254,5.703703703703704E-4,1.0,1.0,32.0,32.0
6527,0.047710406574320845,50.00217282898254,3.030092592592594E-4,1.0,1.0,17.0,17.0
6528,0.04819004634926511,50.009849194971004,0.0,1.0,1.0,0.0,0.0
6529,0.04819004634926511,50.009849194971004,0.0,1.0,1.0,0.0,0.0
6530,0.1836898828458162,49.58154738930918,1.7824074074074064E-4,0.9915817547052248,0.9915817547052248,10.0,10.0
6531,0.1836898828458162,50.0025389977269,0.0,1.0,1.0,0.0,0.0
6532,0.05625605688919452,50.00538390150624,0.0,1.0,1.0,0.0,0.0
6533,0.05625605688919452,50.00538390150624,0.0,1.0,1.0,0.0,0.0
6534,0.03756639551910036,50.0144319041277,0.0,1.0,1.0,0.0,0.0
6535,0.03756639551910036,50.0144319041277,0.0,1.0,1.0,0.0,0.0
6536,0.04840662104334186,50.00397008781369,5.881944444444444E-4,1.0,1.0,33.0,33.0
6538,0.09187679520067199,50.00097697995754,2.851851851851852E-4,1.0,1.0,16.0,16.0
6540,0.06568319210537632,50.002007100730545,0.0,1.0,1.0,0.0,0.0
6541,0.06568319210537632,50.002007100730545,0.0,1.0,1.0,0.0,0.0
6542,0.07299945927263966,50.00914431617561,0.0,1.0,1.0,0.0,0.0
6543,0.07299945927263966,50.00914431617561,0.0,1.0,1.0,0.0,0.0
6544,0.04819004634926511,50.009849194971004,0.0,1.0,1.0,0.0,0.0
6545,0.04819004634926511,50.009849194971004,4.099537037037036E-4,1.0,1.0,23.0,23.0
6546,0.05625605688919452,50.00538390150624,0.0,1.0,1.0,0.0,0.0
6547,0.05625605688919452,49.80744592356278,7.12962962962963E-5,0.996043483733425,0.996043483733425,4.0,4.0
6548,0.06571124509755709,49.8901273733393,0.0011229166666666664,0.9977600803918676,0.9977600803918676,63.0,63.0
6550,0.04925579135712598,50.005879550381714,0.0,1.0,1.0,0.0,0.0
6551,0.04925579135712598,49.75248842547916,8.733796296296294E-4,0.9949370771272669,0.9949370771272669,49.0,49.0
6552,0.11269856604740915,50.00182866288796,0.0,1.0,1.0,0.0,0.0
6553,0.11269856604740915,50.00182866288796,0.0,1.0,1.0,0.0,0.0
6554,0.13744765887723331,50.001169357118016,0.0,1.0,1.0,0.0,0.0
6556,0.04794026265861045,50.01012621587876,0.0,1.0,1.0,0.0,0.0
6558,0.07299945927263966,50.00914431617561,2.317129629629629E-4,1.0,1.0,13.0,13.0
6559,0.07299945927263966,50.00914431617561,0.0,1.0,1.0,0.0,0.0
6560,0.036973475585369626,50.00169500651039,0.0,1.0,1.0,0.0,0.0
6561,0.036973475585369626,50.00169500651039,0.0,1.0,1.0,0.0,0.0
6562,0.07224213877944552,49.51757713557266,0.019891666666666676,0.9902741831918755,0.9902741831918755,1116.0,1116.0
6564,0.06568319210537632,50.002007100730545,0.0,1.0,1.0,0.0,0.0
6565,0.06568319210537632,49.46901838122902,8.733796296296294E-4,0.9893414800479261,0.9893414800479261,49.0,49.0
6566,0.06599441907662114,48.88335317277821,0.03183379629629629,0.9619732012510092,0.977550339250598,1786.0,1786.0
6568,0.23359758552054555,50.00007776169594,0.0,1.0,1.0,0.0,0.0
6569,0.23359758552054555,50.00007776169594,0.0,1.0,1.0,0.0,0.0
6570,0.1861107310687715,50.00362951321572,0.0,1.0,1.0,0.0,0.0
6571,0.1861107310687715,50.00362951321572,0.0,1.0,1.0,0.0,0.0
6572,0.11269856604740915,50.00182866288796,0.0,1.0,1.0,0.0,0.0
6573,0.11269856604740915,49.32353754618003,0.0029766203703703695,0.9791541153515833,0.9864360825230163,167.0,167.0
6574,0.13532860199510305,50.00338367878179,0.0,1.0,1.0,0.0,0.0
6575,0.13532860199510305,50.00338367878179,0.0,1.0,1.0,0.0,0.0
6576,0.045865326578655496,50.004595906468744,0.0,1.0,1.0,0.0,0.0
6578,0.03697347558536963,50.0016950065104,3.208333333333333E-4,1.0,1.0,18.0,18.0
6579,0.03697347558536963,50.0016950065104,0.0,1.0,1.0,0.0,0.0
6580,0.0817826320615859,50.002967972437034,0.0,1.0,1.0,0.0,0.0
6582,0.028150384278598315,50.02042616137905,0.0,1.0,1.0,0.0,0.0
6583,0.028150384278598315,50.02042616137905,0.0,1.0,1.0,0.0,0.0
6584,0.014914359614180587,50.038857978611475,0.0,1.0,1.0,0.0,0.0
6585,0.014914359614180587,50.038857978611475,0.0,1.0,1.0,0.0,0.0
6586,0.1861107310687715,49.62461346942478,8.020833333333331E-4,0.9838992268993492,0.9924211914213544,45.0,45.0
6587,0.1861107310687715,49.2285100427428,0.0026914351851851856,0.9779588097219993,0.9845006351848881,151.0,151.0
6588,0.00796984448625527,50.07232137961427,0.0,1.0,1.0,0.0,0.0
6589,0.00796984448625527,50.07232137961427,0.0,1.0,1.0,0.0,0.0
6590,0.014914359614180587,49.55567025625551,8.912037037037032E-5,0.9903524363773021,0.9903524363773021,5.0,5.0
6591,0.014914359614180587,48.327592422214884,0.0041173611111111124,0.9602017676302278,0.9658070705209111,231.0,231.0
6592,0.14284892612893543,48.51408771410738,0.004331250000000003,0.9613175807785288,0.9702703231141154,243.0,243.0
6594,0.22877871261535485,50.0002043112723,0.0,1.0,1.0,0.0,0.0
6595,0.22877871261535485,50.0002043112723,0.0,1.0,1.0,0.0,0.0
6596,0.04770442918497707,50.01046740416932,0.0,1.0,1.0,0.0,0.0
6597,0.04770442918497707,50.01046740416932,0.0,1.0,1.0,0.0,0.0
6598,0.28787095278944347,49.42188602995809,0.00951805555555556,0.980435688617285,0.9884060245638105,534.0,534.0
6600,0.38984625025285213,49.93470048185001,2.317129629629629E-4,0.9986622557732836,0.9986622557732836,13.0,13.0
6602,0.019786194103935926,50.0212772290515,0.0,1.0,1.0,0.0,0.0
6604,0.029522427093573913,48.93993267235827,0.003012268518518519,0.9684273731259513,0.9785214129185692,169.0,169.0
6606,0.04770442918497706,50.01046740416931,0.0,1.0,1.0,0.0,0.0
6607,0.04770442918497706,49.44050860109753,0.0027092592592592606,0.9810404934148624,0.988609546775372,152.0,152.0
6608,0.08022407194527548,49.13274232758742,0.01709328703703703,0.9702888328164534,0.9826329899730806,959.0,959.0
6610,0.208666367724174,49.873452044870845,0.002495370370370371,0.9973428233741395,0.9973428233741395,140.0,140.0
6612,0.009071447044280225,50.01104036662911,0.0,1.0,1.0,0.0,0.0
6613,0.009071447044280225,50.01104036662911,0.0,1.0,1.0,0.0,0.0
6614,0.1469542135336264,50.00332407571408,0.0,1.0,1.0,0.0,0.0
6616,0.009071447044280225,50.01104036662911,0.0,1.0,1.0,0.0,0.0
6617,0.009071447044280225,50.01104036662911,8.377314814814818E-4,1.0,1.0,47.0,47.0
6618,0.0950411499501151,47.98288123780537,0.005347222222222221,0.9431623765020632,0.9595242352848968,300.0,300.0
6620,0.10097467399918081,50.00121408487634,0.0,1.0,1.0,0.0,0.0
6622,0.039706847198719815,49.91698086083989,0.0017824074074074085,0.9980401805320531,0.9980401805320531,100.0,100.0
6623,0.039706847198719815,49.841350463357436,0.0068444444444444455,0.996537336822124,0.996537336822124,384.0,384.0
6624,0.12261485163484052,49.931847309287626,0.007218750000000003,0.998608663453657,0.998608663453657,405.0,405.0
6625,0.12261485163484052,49.961709331378124,0.0010694444444444443,0.9992049505449468,0.9992049505449468,60.0,60.0
6626,0.29339970715594516,50.00184367361308,0.0016041666666666663,1.0,1.0,90.0,90.0
6628,0.158638018832119,50.004103650786135,0.0,1.0,1.0,0.0,0.0
6629,0.158638018832119,50.004103650786135,0.0,1.0,1.0,0.0,0.0
6630,0.08772826055378795,50.003441734267994,0.0014081018518518522,1.0,1.0,79.0,79.0
6632,0.02635241538500409,50.00985523775157,0.0,1.0,1.0,0.0,0.0
6633,0.02635241538500409,50.00985523775157,0.0,1.0,1.0,0.0,0.0
6634,0.08453798800275084,50.00603956784473,0.0,1.0,1.0,0.0,0.0
6636,0.09443151222282338,50.000506545398466,0.0,1.0,1.0,0.0,0.0
6638,0.4057406104874865,50.00226611512226,0.0,1.0,1.0,0.0,0.0
6639,0.4057406104874865,46.91126227891993,0.012815509259259263,0.9220458070067934,0.9381832280271734,719.0,719.0
6640,0.01730088595017752,50.06687252462948,0.0,1.0,1.0,0.0,0.0
6641,0.01730088595017752,50.06687252462948,0.0,1.0,1.0,0.0,0.0
6642,0.07534966512245304,46.42310722456432,0.017610185185185177,0.9190656578849833,0.9284324244147454,988.0,988.0
6644,0.01730088595017752,50.06687252462948,0.0,1.0,1.0,0.0,0.0
6645,0.01730088595017752,46.24922805414895,0.01679027777777779,0.9182747786289237,0.9237585647981053,942.0,942.0
6646,0.1570382841407735,49.79052542368902,0.005881944444444448,0.9957484794865201,0.9957484794865201,330.0,330.0
6647,0.1570382841407735,50.00334538358258,0.0,1.0,1.0,0.0,0.0
6648,0.029330698079875137,50.01919141996707,0.0011407407407407408,1.0,1.0,64.0,64.0
6650,0.02635241538500409,50.00985523775157,0.0,1.0,1.0,0.0,0.0
6651,0.02635241538500409,49.09007196363234,0.0011407407407407408,0.9699729402745375,0.9816125472157418,64.0,64.0
6652,0.05719444371146116,48.394797362143024,0.0038678240740740756,0.9606657962133452,0.967663184853381,217.0,217.0
6653,0.05719444371146116,50.012144124668495,0.0,1.0,1.0,0.0,0.0
6654,0.03939926909092304,50.013176561115294,0.0,1.0,1.0,0.0,0.0
6656,0.08586819712835989,50.004126441620116,0.0,1.0,1.0,0.0,0.0
6657,0.08586819712835989,50.004126441620116,0.0,1.0,1.0,0.0,0.0
6658,0.1099625405903214,50.001913114204505,0.0,1.0,1.0,0.0,0.0
6660,0.02645618290221205,50.02219456300598,0.0012833333333333332,1.0,1.0,72.0,72.0
6661,0.02645618290221205,50.02219456300598,0.0,1.0,1.0,0.0,0.0
6662,0.08786364570428426,48.64691667571521,0.0028696759259259257,0.961977671944457,0.9729106877778281,161.0,161.0
6664,0.19897564494424336,50.000860100466014,0.0,1.0,1.0,0.0,0.0
6666,0.00937649455813482,49.50007752148674,1.6041666666666664E-4,0.9898471127558034,0.9898471127558034,9.0,9.0
6668,0.19250786942446435,46.71142380987625,0.01794884259259259,0.9196912246928185,0.9341910027476947,1007.0,1007.0
6670,0.08586819712835989,50.004126441620116,0.0,1.0,1.0,0.0,0.0
6671,0.08586819712835989,50.004126441620116,0.0,1.0,1.0,0.0,0.0
6672,0.026822795727270362,50.006247860265816,0.0,1.0,1.0,0.0,0.0
6673,0.026822795727270362,48.51360226529141,0.0038678240740740756,0.9612880736626833,0.9701522946507334,217.0,217.0
6674,0.040375369739978836,50.000457882326735,0.0,1.0,1.0,0.0,0.0
6675,0.040375369739978836,50.000457882326735,0.0,1.0,1.0,0.0,0.0
6676,0.08683348409270264,50.00008680961764,0.0,1.0,1.0,0.0,0.0
6677,0.08683348409270264,46.47180896244166,0.016754629629629623,0.9191339074286924,0.9294345877391765,940.0,940.0
6678,0.15163708247875876,46.547254461492315,0.02178101851851851,0.9193591644821044,0.9308720431917334,1222.0,1222.0
6679,0.15163708247875876,50.00398432935162,0.0,1.0,1.0,0.0,0.0
6680,0.040375369739978836,50.000457882326735,0.0,1.0,1.0,0.0,0.0
6681,0.040375369739978836,48.44139320203986,0.0049372685185185205,0.960954771990717,0.9688190879628681,277.0,277.0
6682,0.09416418165407174,50.00605604877685,0.0,1.0,1.0,0.0,0.0
6683,0.09416418165407174,50.00605604877685,0.0,1.0,1.0,0.0,0.0
6684,0.15537437700529888,50.00426937413516,0.0,1.0,1.0,0.0,0.0
6685,0.15537437700529888,49.82206539794479,0.0029053240740740745,0.9963603677409166,0.9963603677409166,163.0,163.0
6686,0.24930378233535516,49.867684087425445,0.0029053240740740745,0.9972547954628694,0.9972547954628694,163.0,163.0
6687,0.24930378233535516,50.00521597990186,0.0,1.0,1.0,0.0,0.0
6688,0.03796589996424079,50.00996702205153,0.0,1.0,1.0,0.0,0.0
6689,0.03796589996424079,49.81171700637121,0.0013189814814814809,0.9960433055381032,0.9960433055381032,74.0,74.0
6690,0.06069538602937865,50.000775676376,0.0,1.0,1.0,0.0,0.0
6691,0.06069538602937865,50.000775676376,0.0,1.0,1.0,0.0,0.0
6692,0.08158191505990925,50.007644170896185,0.0,1.0,1.0,0.0,0.0
6693,0.08158191505990925,50.007644170896185,0.0,1.0,1.0,0.0,0.0
6694,0.08158191505990925,50.007644170896185,0.0,1.0,1.0,0.0,0.0
6695,0.08158191505990925,49.96354020693991,0.0013189814814814809,0.9991242908632879,0.9991242908632879,74.0,74.0
6696,0.050733090818655874,50.010713840953215,0.0,1.0,1.0,0.0,0.0
6697,0.050733090818655874,50.010713840953215,0.0,1.0,1.0,0.0,0.0
6698,0.23416247204989174,50.00207007412126,0.0,1.0,1.0,0.0,0.0
6699,0.23416247204989174,50.00207007412126,0.0,1.0,1.0,0.0,0.0
6700,0.022246973805971258,47.079303354579984,0.04787546296296297,0.919204745797381,0.941138260807546,2686.0,2686.0
6701,0.022246973805971258,50.02442579731201,0.0,1.0,1.0,0.0,0.0
6702,0.0093675536174196,50.034411012923684,0.0,1.0,1.0,0.0,0.0
6703,0.0093675536174196,46.65122299077621,0.04787546296296297,0.9183685609823709,0.9323935912452568,2686.0,2686.0
6704,0.12326962542762251,50.002326934021525,0.0,1.0,1.0,0.0,0.0
6705,0.12326962542762251,50.002326934021525,0.0,1.0,1.0,0.0,0.0
6706,0.0878993973798401,30.002638718822826,0.0,1.0,1.0,0.0,0.0
6707,0.0878993973798401,30.002638718822826,0.0,1.0,1.0,0.0,0.0
6708,0.169121100557694,30.00078653827232,0.0,1.0,1.0,0.0,0.0
6710,0.11412566851483434,30.000175732267518,0.0,1.0,1.0,0.0,0.0
6711,0.11412566851483434,30.000175732267518,0.0,1.0,1.0,0.0,0.0
6712,0.020144659318807268,29.757214334862553,0.002045138888888889,0.9917647551713933,0.9917647551713933,93.0,93.0
6714,0.08789939737984008,30.00263871882282,0.0,1.0,1.0,0.0,0.0
6715,0.08789939737984008,30.00263871882282,0.001605324074074074,1.0,1.0,73.0,73.0
6716,0.034854364875423295,29.17896965647307,0.004662037037037038,0.9618780732567352,0.972512293026941,212.0,212.0
6718,0.11412566851483434,30.000175732267518,0.0,1.0,1.0,0.0,0.0
6719,0.11412566851483434,29.624573709717808,0.0034305555555555543,0.9801934658240359,0.9874801766542701,156.0,156.0
6720,0.0524939384228738,30.001298352491773,5.937499999999998E-4,1.0,1.0,27.0,27.0
6721,0.0524939384228738,30.001298352491773,0.0,1.0,1.0,0.0,0.0
6722,0.13384599912719292,45.49433611065561,0.03311712962962962,0.8897604841019422,0.9098019418370284,1858.0,1858.0
6723,0.13384599912719292,50.00473192796747,0.0,1.0,1.0,0.0,0.0
6724,0.09783318691463325,50.00702440617346,0.0,1.0,1.0,0.0,0.0
6725,0.09783318691463325,50.00702440617346,0.0,1.0,1.0,0.0,0.0
6726,0.06510019651747012,50.00228450243065,0.0,1.0,1.0,0.0,0.0
6727,0.06510019651747012,45.37897126559787,0.01582777777777778,0.8885533912590284,0.9075384946434084,888.0,888.0
6728,0.1033253001305323,30.000087141698224,9.236111111111109E-4,1.0,1.0,42.0,42.0
6730,0.05686447435396162,50.00295741921393,0.0015328703703703698,1.0,1.0,86.0,86.0
6732,0.07532475602573266,49.10189688754839,3.564814814814813E-4,0.9700634636090797,0.9817935938848261,20.0,20.0
6734,0.04777825461085986,49.70882943379868,8.377314814814818E-4,0.9941670242914782,0.9941670242914782,47.0,47.0
6736,0.04276972797979676,49.52707413029103,8.377314814814818E-4,0.9904106293181809,0.9904106293181809,47.0,47.0
6737,0.04276972797979676,49.51988765040245,0.0029766203703703695,0.9902668997204094,0.9902668997204094,167.0,167.0
6738,0.040901410024103864,49.40805017128063,0.0029766203703703695,0.980483987822592,0.9878675393190116,167.0,167.0
6740,0.018039024058112106,50.03119153251431,4.812499999999999E-4,1.0,1.0,27.0,27.0
6742,0.03082905707701292,50.01559507762349,0.0,1.0,1.0,0.0,0.0
6744,0.01649888394070865,50.0387381521071,0.0,1.0,1.0,0.0,0.0
6746,0.01756226738950545,49.25215620436624,4.812499999999999E-4,0.9846767344175915,0.9846767344175915,27.0,27.0
6748,0.05693213081521166,50.001383492257126,0.0,1.0,1.0,0.0,0.0
6750,0.09022037715416084,48.941840922269584,0.0014081018518518522,0.9634272175583418,0.9787088702333674,79.0,79.0
6752,0.03987494480514964,50.01735236882881,0.0,1.0,1.0,0.0,0.0
6753,0.03987494480514964,50.01735236882881,0.0,1.0,1.0,0.0,0.0
6754,0.13270349931303874,50.003411924527896,0.0,1.0,1.0,0.0,0.0
6755,0.13270349931303874,50.003411924527896,0.0,1.0,1.0,0.0,0.0
6756,0.08765955675804611,50.003866951190936,0.0,1.0,1.0,0.0,0.0
6757,0.08765955675804611,50.003866951190936,0.0,1.0,1.0,0.0,0.0
6758,0.11068377268356235,50.00145333929281,1.0694444444444449E-4,1.0,1.0,6.0,6.0
6759,0.11068377268356235,50.00145333929281,0.0,1.0,1.0,0.0,0.0
6760,0.1910122328703281,50.00320232207541,0.0,1.0,1.0,0.0,0.0
6761,0.1910122328703281,50.00320232207541,0.0,1.0,1.0,0.0,0.0
6762,0.09966736840830705,50.00035204430119,0.0,1.0,1.0,0.0,0.0
6763,0.09966736840830705,50.00035204430119,0.0,1.0,1.0,0.0,0.0
6764,0.0349187444779836,49.650582485306884,0.0012476851851851854,0.9929546214719019,0.9929546214719019,70.0,70.0
6766,0.0775481812759229,50.01315883076361,0.0,1.0,1.0,0.0,0.0
6768,0.047571267391795985,50.00191609064688,0.0,1.0,1.0,0.0,0.0
6770,0.0735338656986922,47.5841658726862,0.016255555555555554,0.9311001542131997,0.9516056947371156,912.0,912.0
6772,0.11948399870875767,50.00492854586464,2.1388888888888898E-4,1.0,1.0,12.0,12.0
6774,0.031113182494818474,48.0440622058768,0.004206481481481483,0.9442270285601896,0.9608181316452024,236.0,236.0
6776,0.08161813738037324,49.97201027909025,2.1388888888888898E-4,0.99935680151764,0.99935680151764,12.0,12.0
6778,0.07224609686830082,47.587390658457416,0.01076574074074074,0.9308293216650796,0.9514379018979359,604.0,604.0
6780,0.04141047404515495,50.0092943852928,0.0,1.0,1.0,0.0,0.0
6782,0.07644991065888657,30.00323540521003,0.0,1.0,1.0,0.0,0.0
6784,0.030222185819566875,50.02292825307621,0.0,1.0,1.0,0.0,0.0
6786,0.02126252420053775,49.532932686834684,0.0012120370370370375,0.9900938368496971,0.9900938368496971,68.0,68.0
6788,0.009008202610387334,29.45181797896081,0.0012974537037037039,0.9808538398593016,0.9808538398593016,59.0,59.0
6790,0.06876779133849033,30.00049064694197,0.0,1.0,1.0,0.0,0.0
6791,0.06876779133849033,30.00049064694197,0.0012974537037037039,1.0,1.0,59.0,59.0
6792,0.12718788065346642,30.001072621706147,6.597222222222226E-4,1.0,1.0,30.0,30.0
6794,0.09461991595571143,30.001030248420044,0.0,1.0,1.0,0.0,0.0
6796,0.09664150347719278,27.66365641371213,0.021484953703703707,0.9021656831503726,0.9220452589371748,977.0,977.0
6798,0.06400230902563836,50.00180392627997,0.0,1.0,1.0,0.0,0.0
6799,0.06400230902563836,47.37447439138524,0.008199074074074072,0.9296022090608006,0.9474556642099554,460.0,460.0
6800,0.018742305659012113,46.73268359856104,0.009090277777777782,0.9210867897362462,0.934347158944985,510.0,510.0
6801,0.018742305659012113,50.016531039617206,0.0,1.0,1.0,0.0,0.0
6802,0.025784035293902923,50.0121374235186,0.0,1.0,1.0,0.0,0.0
6803,0.025784035293902923,50.0121374235186,0.0,1.0,1.0,0.0,0.0
6804,0.028826963762073235,48.56663672918341,0.0058997685185185195,0.9710962837522087,0.9710962837522087,331.0,331.0
6806,0.4034160754248028,49.93697640437817,3.921296296296298E-4,0.9986749408758137,0.9986749408758137,22.0,22.0
6807,0.4034160754248028,49.853984700388935,0.00581064814814815,0.9970186169705806,0.9970186169705806,326.0,326.0
6808,0.02770032237642677,50.00436078739568,7.842592592592596E-4,0.9998838168979735,0.9998838168979735,44.0,44.0
6810,0.03112425372887322,49.49312133136,3.564814814814813E-4,0.9894575870622065,0.9894575870622065,20.0,20.0
6812,0.04109295812560837,50.01171374313392,0.0,1.0,1.0,0.0,0.0
6813,0.04109295812560837,50.01171374313392,0.0,1.0,1.0,0.0,0.0
6814,0.03386808582020128,50.01029899619549,0.0,1.0,1.0,0.0,0.0
6816,0.10283714469804985,49.84531709024389,0.0021388888888888885,0.9968708226037108,0.9968708226037108,120.0,120.0
6817,0.10283714469804985,50.00185317571305,0.0,1.0,1.0,0.0,0.0
6818,0.01480708508790646,50.00516540005934,0.0,1.0,1.0,0.0,0.0
6820,0.004462358077003052,30.02708238731026,0.0,1.0,1.0,0.0,0.0
6821,0.004462358077003052,30.02708238731026,0.0,1.0,1.0,0.0,0.0
6822,0.029471728039777382,49.25475923582221,9.981481481481488E-4,0.9846641669348288,0.9846641669348288,56.0,56.0
6824,0.030326126274413865,49.58540444075015,2.1388888888888898E-4,0.9914945947058104,0.9914945947058104,12.0,12.0
6826,0.018899603882946984,48.26363576547534,0.0038143518518518535,0.957436762576723,0.9647349959385768,214.0,214.0
6828,0.08769974680268525,50.003023200770805,0.0,1.0,1.0,0.0,0.0
6829,0.08769974680268525,50.003023200770805,0.0,1.0,1.0,0.0,0.0
6830,0.16210044444413335,50.00099391644933,0.0,1.0,1.0,0.0,0.0
6831,0.16210044444413335,48.49022039758886,0.003974768518518518,0.9611963394716245,0.9697853578864982,223.0,223.0
6832,0.21727248641838046,50.0019785914575,0.0,1.0,1.0,0.0,0.0
6833,0.21727248641838046,50.0019785914575,0.0,1.0,1.0,0.0,0.0
6834,0.0053961933046942625,46.10484077683245,0.015453472222222231,0.9166666666666667,0.920854311817178,867.0,867.0
6835,0.0053961933046942625,50.067772930152955,0.0,1.0,1.0,0.0,0.0
6836,0.08769974680268525,50.003023200770805,0.0,1.0,1.0,0.0,0.0
6837,0.08769974680268525,46.32074092876687,0.01304722222222223,0.9190299890936313,0.9263593932278726,732.0,732.0
6838,0.23416247204989174,50.00207007412126,0.0,1.0,1.0,0.0,0.0
6839,0.23416247204989174,49.22544727519826,0.0019962962962962977,0.9779352851458143,0.9844692690833079,112.0,112.0
6840,0.015841345473260573,49.1290148427305,9.624999999999998E-4,0.9820953515432242,0.9820953515432242,54.0,54.0
6842,0.006346920445359711,47.07801151532421,0.06520046296296295,0.9166666666666667,0.939593674618456,3658.0,3658.0
6843,0.006346920445359711,50.10726667389245,0.0,1.0,1.0,0.0,0.0
6844,0.05600439178539845,50.0039212369629,0.0,1.0,1.0,0.0,0.0
6845,0.05600439178539845,47.26054808973289,0.06448749999999998,0.9203350879789945,0.9451390724503379,3618.0,3618.0
6846,0.24779733615587404,50.0011440032031,0.0,1.0,1.0,0.0,0.0
6847,0.24779733615587404,50.0011440032031,0.0,1.0,1.0,0.0,0.0
6848,0.3517206654587394,49.96297958172605,3.921296296296298E-4,0.9991873652800832,0.9991873652800832,22.0,22.0
6850,0.07433379170029482,50.00030831858396,0.0,1.0,1.0,0.0,0.0
6851,0.07433379170029482,50.00030831858396,0.0,1.0,1.0,0.0,0.0
6852,0.07433379170029482,50.00030831858396,2.6736111111111107E-4,1.0,1.0,15.0,15.0
6853,0.07433379170029482,50.00030831858396,0.0,1.0,1.0,0.0,0.0
6854,0.020817911162429828,50.02969304722789,0.0,1.0,1.0,0.0,0.0
6855,0.020817911162429828,50.02969304722789,0.0,1.0,1.0,0.0,0.0
6856,0.02812199355724457,50.0193561294864,0.0,1.0,1.0,0.0,0.0
6857,0.02812199355724457,50.0193561294864,0.0,1.0,1.0,0.0,0.0
6858,0.02781549319698402,48.832628055169934,6.594907407407404E-4,0.9673216941567866,0.9763100549802398,37.0,37.0
6860,0.030896408609720923,49.473152131716795,7.307870370370375E-4,0.9892297419430542,0.9892297419430542,41.0,41.0
6862,0.05026801008825402,48.73202570690755,0.0015150462962962967,0.9623904847961988,0.9745619391847955,85.0,85.0
6864,0.03280469015135276,50.01985791819988,1.6041666666666664E-4,1.0,1.0,9.0,9.0
6865,0.03280469015135276,48.66163857137492,0.0026736111111111105,0.9644870687997319,0.9728562983949589,150.0,150.0
6866,0.043190699065625705,47.990235273780755,0.003012268518518519,0.9441774015057215,0.9595820311229976,169.0,169.0
6868,0.03846625365135806,50.0102972715381,0.0,1.0,1.0,0.0,0.0
6870,0.01268174049506299,46.360430114537614,0.011336111111111115,0.9192014751251825,0.9271229440131066,636.0,636.0
6872,0.00673079954027655,29.784413504714465,0.001055555555555555,0.991987331034716,0.991987331034716,48.0,48.0
6874,0.017121512934540607,50.030394938592686,2.495370370370372E-4,1.0,1.0,14.0,14.0
6876,0.10447433701253017,29.957584055338103,0.001055555555555555,0.998515770645845,0.998515770645845,48.0,48.0
6878,0.013132997409671651,50.030466322558674,0.0,1.0,1.0,0.0,0.0
6879,0.013132997409671651,50.030466322558674,0.0,1.0,1.0,0.0,0.0
6880,0.02267736925368831,50.02360864784186,0.0,1.0,1.0,0.0,0.0
6882,0.06162060588551407,49.44813794418813,0.0038856481481481463,0.9811946372627575,0.9888150719058988,218.0,218.0
6883,0.06162060588551407,50.007705407540726,0.0,1.0,1.0,0.0,0.0
6884,0.08239482859755046,49.979991864896455,9.090277777777775E-4,0.9995307476321086,0.9995307476321086,51.0,51.0
6886,0.024613979866173183,49.47139088198219,0.02980185185185184,0.9893221820483344,0.9893221820483344,1672.0,1672.0
6888,0.0492827859529488,46.002717090218866,0.018554861111111123,0.9022625335217629,0.9199622382446508,1041.0,1041.0
6889,0.0492827859529488,50.00508157570904,0.0,1.0,1.0,0.0,0.0
6890,0.008977175625381861,50.0276041042952,0.0,1.0,1.0,0.0,0.0
6892,0.07625910796640457,50.0059724369866,0.0,1.0,1.0,0.0,0.0
6893,0.07625910796640457,46.42195649598501,0.01855486111111112,0.9191908776693651,0.9283296352416125,1041.0,1041.0
6894,0.16793942038279044,50.00263943247421,0.0,1.0,1.0,0.0,0.0
6895,0.16793942038279044,50.00263943247421,0.0,1.0,1.0,0.0,0.0
6896,0.08338535083912027,30.000725866563357,0.0,1.0,1.0,0.0,0.0
6898,0.1492692497630857,50.00179577064376,5.347222222222221E-4,1.0,1.0,30.0,30.0
6900,0.017737689925052817,50.00445084588109,0.0,1.0,1.0,0.0,0.0
6902,0.02031050925045886,50.012197880746854,0.0,1.0,1.0,0.0,0.0
6904,0.024906772240656277,48.532995926188526,0.0022993055555555566,0.9613765499127864,0.9705061996511455,129.0,129.0
6906,0.022666977576601865,30.000411498443643,0.0,1.0,1.0,0.0,0.0
6908,0.03447073643757753,30.003542353790884,0.0,1.0,1.0,0.0,0.0
6910,0.18818451847289996,30.000188933772023,0.0,1.0,1.0,0.0,0.0
6911,0.18818451847289996,30.000188933772023,0.0,1.0,1.0,0.0,0.0
6912,0.0319861555023282,30.002647162162987,0.0,1.0,1.0,0.0,0.0
6914,0.014285398719974106,29.95964407308689,4.39814814814815E-5,0.9985117075333172,0.9985117075333172,2.0,2.0
6916,0.044395240944311534,29.967360600206398,6.597222222222219E-5,0.9988323418633982,0.9988323418633982,3.0,3.0
6918,0.0398859326210176,50.01370861569604,0.0,1.0,1.0,0.0,0.0
6919,0.0398859326210176,49.92410072109292,0.0019249999999999996,0.998219265954351,0.998219265954351,108.0,108.0
6920,0.021750222149217065,50.000510687855325,0.0,1.0,1.0,0.0,0.0
6921,0.021750222149217065,50.000510687855325,1.425925925925926E-4,1.0,1.0,8.0,8.0
6922,0.07019617050475692,49.67274918573158,0.0020675925925925922,0.9934314185857118,0.9934314185857118,116.0,116.0
6923,0.07019617050475692,50.00122948498712,0.0,1.0,1.0,0.0,0.0
6924,0.17899147053623063,29.95474741557028,0.004596064814814816,0.9984489585185464,0.9984489585185464,209.0,209.0
6925,0.17899147053623063,29.142626873418834,0.0052777777777777805,0.9615943316561498,0.9713773266245991,240.0,240.0
6926,0.10657364181580979,28.14686032301859,0.015041666666666662,0.9220419991727248,0.9381679966908992,684.0,684.0
6927,0.10657364181580979,29.981577651946267,6.817129629629625E-4,0.9993231955701832,0.9993231955701832,31.0,31.0
6928,0.015783339067550136,50.01762380561664,0.0,1.0,1.0,0.0,0.0
6930,0.0830975598474931,50.00020315075634,0.0,1.0,1.0,0.0,0.0
6931,0.0830975598474931,50.00020315075634,0.0,1.0,1.0,0.0,0.0
6932,0.08309755984749312,50.00020315075635,0.0,1.0,1.0,0.0,0.0
6933,0.08309755984749312,50.00020315075635,0.0,1.0,1.0,0.0,0.0
6934,0.016660562244708507,50.023372878190685,0.0,1.0,1.0,0.0,0.0
6936,0.07572058280476318,50.00808990958493,0.0,1.0,1.0,0.0,0.0
6937,0.07572058280476318,50.00808990958493,0.0,1.0,1.0,0.0,0.0
6938,0.03659178720250468,50.01155426310436,0.0,1.0,1.0,0.0,0.0
6939,0.03659178720250468,50.01155426310436,0.0,1.0,1.0,0.0,0.0
6940,0.07572058280476318,50.00808990958493,0.0,1.0,1.0,0.0,0.0
6941,0.07572058280476318,50.00808990958493,0.0,1.0,1.0,0.0,0.0
6942,0.022755049314487172,49.16247158556477,0.038125694444444434,0.9830482914363942,0.9830482914363942,2139.0,2139.0
6944,0.1903878638055972,50.003378543820666,0.0,1.0,1.0,0.0,0.0
6945,0.1903878638055972,50.003378543820666,0.0,1.0,1.0,0.0,0.0
6946,0.04306460223196376,50.01050581776437,0.0,1.0,1.0,0.0,0.0
6947,0.04306460223196376,50.01050581776437,0.0,1.0,1.0,0.0,0.0
6948,0.059660932649062574,50.00683528210134,0.0,1.0,1.0,0.0,0.0
6949,0.059660932649062574,50.00683528210134,0.0,1.0,1.0,0.0,0.0
6950,0.058075769221783966,50.00544587381542,0.0,1.0,1.0,0.0,0.0
6951,0.058075769221783966,50.00544587381542,0.0,1.0,1.0,0.0,0.0
6952,0.015522184038640377,50.02673459185798,0.0,1.0,1.0,0.0,0.0
6954,0.1607808264731132,29.954141988884032,0.0028368055555555547,0.9984366697062822,0.9984366697062822,129.0,129.0
6956,0.1435125489441619,30.00088126119173,0.0,1.0,1.0,0.0,0.0
6957,0.1435125489441619,30.00088126119173,0.0,1.0,1.0,0.0,0.0
6958,0.03147539835595647,30.00037968796486,0.0011215277777777784,1.0,1.0,51.0,51.0
6960,0.16244143447231466,50.00334879010968,0.0,1.0,1.0,0.0,0.0
6961,0.16244143447231466,48.80381260685368,0.017859722222222228,0.9625551334053675,0.976012764657911,1002.0,1002.0
6962,0.017583712814718936,48.294748943186285,0.018109259259259256,0.9573515494891929,0.9658745210402128,1016.0,1016.0
6964,0.004388140167239644,46.42945680136939,0.041904398148148135,0.8887077717920964,0.9258985303545084,2351.0,2351.0
6966,0.005076426080285006,46.75701350317302,0.03796527777777777,0.8892239862268804,0.9339065289354709,2130.0,2130.0
6968,0.122534119858809,50.002588017650474,0.0,1.0,1.0,0.0,0.0
6970,0.04030705674438048,50.00186226043065,0.0,1.0,1.0,0.0,0.0
6972,0.02270286890809247,50.01856062982429,0.0,1.0,1.0,0.0,0.0
6974,0.0076993437981124424,50.03183695524331,0.0,1.0,1.0,0.0,0.0
6975,0.0076993437981124424,50.03183695524331,0.0,1.0,1.0,0.0,0.0
6976,0.021426881616963673,50.02384813298912,0.0,1.0,1.0,0.0,0.0
6978,0.0076993437981124424,50.03183695524331,0.0,1.0,1.0,0.0,0.0
6979,0.0076993437981124424,50.03183695524331,0.0,1.0,1.0,0.0,0.0
6980,0.007732481047103093,50.06642404599125,0.0,1.0,1.0,0.0,0.0
6982,0.06656980591843652,50.000271501433645,0.0,1.0,1.0,0.0,0.0
6983,0.06656980591843652,50.000271501433645,0.0,1.0,1.0,0.0,0.0
6984,0.010786944809101813,50.04252746490532,0.0,1.0,1.0,0.0,0.0
6985,0.010786944809101813,50.04252746490532,0.0,1.0,1.0,0.0,0.0
6986,0.010616626368286117,50.02598812281417,0.0,1.0,1.0,0.0,0.0
6988,0.05609030539618835,50.00621580640864,0.0,1.0,1.0,0.0,0.0
6989,0.05609030539618835,50.00621580640864,0.0,1.0,1.0,0.0,0.0
6990,0.010786944809101813,50.04252746490532,0.0,1.0,1.0,0.0,0.0
6991,0.010786944809101813,50.04252746490532,0.0,1.0,1.0,0.0,0.0
6992,0.05609030539618835,50.00621580640864,0.0,1.0,1.0,0.0,0.0
6993,0.05609030539618835,50.00621580640864,0.0,1.0,1.0,0.0,0.0
6994,0.1712672111630876,50.00096992840122,0.0,1.0,1.0,0.0,0.0
6995,0.1712672111630876,50.00096992840122,0.0,1.0,1.0,0.0,0.0
6996,0.06656980591843652,50.000271501433645,0.0,1.0,1.0,0.0,0.0
6997,0.06656980591843652,50.000271501433645,0.0,1.0,1.0,0.0,0.0
6998,0.1712672111630876,50.00096992840122,0.0,1.0,1.0,0.0,0.0
6999,0.1712672111630876,50.00096992840122,0.0,1.0,1.0,0.0,0.0
7000,0.09295645407965583,49.9147821413382,3.743055555555557E-4,0.9981718136531859,0.9981718136531859,21.0,21.0
7002,0.13736159268015044,50.000175293078016,0.0,1.0,1.0,0.0,0.0
7004,0.06523792422737329,49.852014475194544,0.002513194444444446,0.9970136544129626,0.9970136544129626,141.0,141.0
7006,0.09741459786083477,47.86966204082429,0.007610879629629631,0.9424862655185283,0.9572782086378688,427.0,427.0
7008,0.03756639551910036,50.0144319041277,2.495370370370372E-4,1.0,1.0,14.0,14.0
7009,0.03756639551910036,50.0144319041277,0.0,1.0,1.0,0.0,0.0
7010,0.06662334522643407,50.00918323919154,0.0,1.0,1.0,0.0,0.0
7012,0.03916637920141992,50.01736967900379,0.0,1.0,1.0,0.0,0.0
7013,0.03916637920141992,50.01736967900379,0.0,1.0,1.0,0.0,0.0
7014,0.06713176846695991,49.39843220721757,0.009642824074074074,0.9804014045825074,0.9878730621311063,541.0,541.0
7016,0.04677415310682106,50.01097451278759,0.0,1.0,1.0,0.0,0.0
7018,0.030598386262333542,48.59485599069682,0.010088425925925923,0.9596399617469865,0.9718610572911958,566.0,566.0
7020,0.020065592559464357,50.02502300143469,0.0,1.0,1.0,0.0,0.0
7021,0.020065592559464357,48.57937187974833,0.018198379629629637,0.9593592087055411,0.9711130431927673,1021.0,1021.0
7022,0.045015956952379386,50.00229713932915,0.0,1.0,1.0,0.0,0.0
7023,0.045015956952379386,50.00229713932915,0.0,1.0,1.0,0.0,0.0
7024,0.045015956952379386,50.00229713932915,0.0,1.0,1.0,0.0,0.0
7025,0.045015956952379386,48.657161394923364,0.018198379629629637,0.9605427884377664,0.9730996779653521,1021.0,1021.0
7026,0.033413378076243325,50.015867390634504,0.0,1.0,1.0,0.0,0.0
7027,0.033413378076243325,50.015867390634504,0.0,1.0,1.0,0.0,0.0
7028,0.025520695017933973,50.013338086315905,0.0,1.0,1.0,0.0,0.0
7030,0.147062813575167,49.54374672830924,0.0022280092592592607,0.9827040598988017,0.9908276354206245,125.0,125.0
7031,0.147062813575167,49.69602904666596,0.0068087962962962946,0.9938737959089063,0.9938737959089063,382.0,382.0
7032,0.05806231701998874,49.57635130321953,0.0070939814814814815,0.9914166265554039,0.9914166265554039,398.0,398.0
7034,0.1362914299891761,50.005008964638606,0.0,1.0,1.0,0.0,0.0
7035,0.1362914299891761,50.005008964638606,0.0,1.0,1.0,0.0,0.0
7036,0.021422551678296233,50.01373932676164,0.0,1.0,1.0,0.0,0.0
7037,0.021422551678296233,47.51789064141271,0.07536018518518517,0.9214347012782313,0.9501059251709576,4228.0,4228.0
7038,0.01054881751104803,47.18320248331339,0.07543148148148152,0.9206235745938798,0.9430422371113666,4232.0,4232.0
7039,0.01054881751104803,50.033917048449155,0.0,1.0,1.0,0.0,0.0
7040,0.21269634357782144,50.000446446399195,0.0,1.0,1.0,0.0,0.0
7041,0.21269634357782144,50.000446446399195,0.0,1.0,1.0,0.0,0.0
7042,0.04708341004729473,50.00008146615369,0.0,1.0,1.0,0.0,0.0
7043,0.04708341004729473,50.00008146615369,0.0,1.0,1.0,0.0,0.0
7044,0.1362914299891761,50.005008964638606,0.0,1.0,1.0,0.0,0.0
7045,0.1362914299891761,50.005008964638606,1.7824074074074075E-5,1.0,1.0,1.0,1.0
7046,0.09947173206503102,50.00673585171229,0.0,1.0,1.0,0.0,0.0
7047,0.09947173206503102,50.00673585171229,0.0,1.0,1.0,0.0,0.0
7048,0.09947173206503102,50.00673585171229,0.0,1.0,1.0,0.0,0.0
7049,0.09947173206503102,50.00673585171229,0.0,1.0,1.0,0.0,0.0
7050,0.05161119362072361,50.000079933962596,0.0,1.0,1.0,0.0,0.0
7051,0.05161119362072361,50.000079933962596,0.0,1.0,1.0,0.0,0.0
7052,0.0659714448921225,49.90533515089563,0.001657638888888889,0.9979162002686068,0.9979162002686068,93.0,93.0
7054,0.024360020377976258,29.986035005640414,1.0995370370370369E-4,0.9994666836483136,0.9994666836483136,5.0,5.0
7056,0.022373881188648057,30.00967670608532,0.0,1.0,1.0,0.0,0.0
7058,0.060771666811827246,30.002468530249327,0.0,1.0,1.0,0.0,0.0
7060,0.01605421832484899,30.007884719343906,0.0,1.0,1.0,0.0,0.0
7062,0.09128185935810569,29.950401525783864,1.3194444444444438E-4,0.9981837206996054,0.9981837206996054,6.0,6.0
7064,0.0031939557608558445,29.635614716050746,1.3194444444444438E-4,0.9727424447010699,0.9871515560688062,6.0,6.0
7066,0.01685039495348039,29.79694840549793,1.0995370370370369E-4,0.9932086624612336,0.9932086624612336,5.0,5.0
7068,0.028089211132621264,30.006278954728945,0.0,1.0,1.0,0.0,0.0
7070,0.019959188502580515,49.26903805924705,0.001657638888888889,0.9853401451090051,0.9853401451090051,93.0,93.0
7072,0.031190077716261137,29.986327840209483,2.199074074074075E-5,0.9993302326196649,0.9993302326196649,1.0,1.0
7074,0.20780648740122215,30.000936583429567,0.0,1.0,1.0,0.0,0.0
7075,0.20780648740122215,30.000936583429567,0.0,1.0,1.0,0.0,0.0
7076,0.20780648740122215,30.000936583429567,2.199074074074075E-5,1.0,1.0,1.0,1.0
7077,0.20780648740122215,30.000936583429567,0.0,1.0,1.0,0.0,0.0
7078,0.05023865871132075,50.00253562641822,0.0,1.0,1.0,0.0,0.0
7080,0.01486545584382768,49.045584572591274,7.307870370370375E-4,0.9806315170990748,0.9806315170990748,41.0,41.0
7082,0.021127775507509668,50.0065692485436,0.0,1.0,1.0,0.0,0.0
7084,0.10404976579579837,50.00389225268645,0.0,1.0,1.0,0.0,0.0
7086,0.02486385739609563,50.005523254717474,0.0,1.0,1.0,0.0,0.0
7088,0.07274508417383212,48.480986887922505,0.005204629629629632,0.9610796157487663,0.9693184629950654,292.0,292.0
7090,0.023663289288565734,50.022220457332146,0.0,1.0,1.0,0.0,0.0
7091,0.023663289288565734,48.88667591923698,0.0035469907407407407,0.9678204798096034,0.9773076262858733,199.0,199.0
7092,0.040891397330596845,48.94842091789129,0.004349074074074075,0.9686214800443145,0.9789096267552956,244.0,244.0
7094,0.08228405751259572,50.003816179160125,8.555555555555559E-4,1.0,1.0,48.0,48.0
7096,0.04019073583520245,50.01266816686098,0.0,1.0,1.0,0.0,0.0
7098,0.06782863899620797,49.05364900196189,0.0014437499999999995,0.9695400311839282,0.980746729034523,81.0,81.0
7100,0.036377010317089245,50.00276332245944,0.0,1.0,1.0,0.0,0.0
7102,0.13532860199510305,50.00338367878179,0.0,1.0,1.0,0.0,0.0
7103,0.13532860199510305,48.882371240086215,0.005293750000000002,0.9678247938538929,0.9775832758914862,297.0,297.0
7104,0.0412333725566927,48.72078293171315,0.005293750000000002,0.9622085707387197,0.9741592535373593,297.0,297.0
7106,0.2062213023351567,50.00314463572198,0.0,1.0,1.0,0.0,0.0
7107,0.2062213023351567,50.00314463572198,0.0,1.0,1.0,0.0,0.0
7108,0.22644648103224832,50.000449688180446,6.416666666666666E-4,1.0,1.0,36.0,36.0
7109,0.22644648103224832,50.000449688180446,1.425925925925926E-4,1.0,1.0,8.0,8.0
7110,0.17211748540737595,50.00185179684905,0.0,1.0,1.0,0.0,0.0
7111,0.17211748540737595,50.00185179684905,0.0,1.0,1.0,0.0,0.0
7112,0.24504331826820863,50.00317116911637,0.0,1.0,1.0,0.0,0.0
7113,0.24504331826820863,50.00317116911637,0.0,1.0,1.0,0.0,0.0
7114,0.6310462753512907,50.0003651648431,0.0,1.0,1.0,0.0,0.0
7115,0.6310462753512907,49.97407261447327,9.981481481481488E-4,0.9994744532966393,0.9994744532966393,56.0,56.0
7116,0.1462052928477461,50.003710265237125,0.0,1.0,1.0,0.0,0.0
7117,0.1462052928477461,50.003710265237125,0.0,1.0,1.0,0.0,0.0
7118,0.24125731943200773,30.000910188436194,0.0,1.0,1.0,0.0,0.0
7119,0.24125731943200773,30.000910188436194,0.0,1.0,1.0,0.0,0.0
7120,0.2601991294939646,50.000900297761966,0.0,1.0,1.0,0.0,0.0
7121,0.2601991294939646,50.000900297761966,0.0,1.0,1.0,0.0,0.0
7122,0.24125731943200773,29.957158861078057,0.0011215277777777784,0.9985428865720013,0.9985428865720013,51.0,51.0
7123,0.24125731943200773,29.979034524757125,1.3194444444444438E-4,0.9992714432860006,0.9992714432860006,6.0,6.0
7124,0.034318542700837264,50.018928632799245,0.0,1.0,1.0,0.0,0.0
7125,0.034318542700837264,50.018928632799245,0.0,1.0,1.0,0.0,0.0
7126,0.17088762719218414,30.000753822874422,0.0,1.0,1.0,0.0,0.0
7127,0.17088762719218414,30.000753822874422,0.0,1.0,1.0,0.0,0.0
7128,0.1366767361854574,50.003683970289295,0.0,1.0,1.0,0.0,0.0
7129,0.1366767361854574,50.003683970289295,0.0,1.0,1.0,0.0,0.0
7130,0.02147993917294823,48.304966950452446,0.0074682870370370415,0.9584183991635656,0.9657586650846958,419.0,419.0
7132,0.3133362228907884,50.0004610995939,0.0,1.0,1.0,0.0,0.0
7134,0.04753022435767737,47.03826156669505,0.03158425925925926,0.9226795110572207,0.9407180442288825,1772.0,1772.0
7136,0.11286207464473293,50.00042686697497,0.0,1.0,1.0,0.0,0.0
7138,0.018768966532309035,46.82768860362407,0.07855069444444444,0.9007346156819895,0.9363085342981181,4407.0,4407.0
7140,0.13567586655951447,50.00339062389968,0.0,1.0,1.0,0.0,0.0
7142,0.04338493763901338,48.699044823349716,0.004028240740740742,0.9649075309558125,0.9737637194376433,226.0,226.0
7144,0.08475156531362772,27.52983992120831,0.01757060185185185,0.901220018619284,0.9176445924712489,799.0,799.0
7146,0.06314971547491494,30.003824166516267,0.0,1.0,1.0,0.0,0.0
7148,0.06603615352174246,30.00128125672297,0.0,1.0,1.0,0.0,0.0
7149,0.06603615352174246,30.00128125672297,0.0,1.0,1.0,0.0,0.0
7150,0.08688335585761393,30.000007777422805,0.0,1.0,1.0,0.0,0.0
7152,0.11236177096603422,26.932347736163692,0.02210069444444444,0.8805449259741153,0.8977178349834631,1005.0,1005.0
7154,0.06603615352174246,30.00128125672297,0.0,1.0,1.0,0.0,0.0
7155,0.06603615352174246,30.00128125672297,5.277777777777775E-4,1.0,1.0,24.0,24.0
7156,0.0650196362469094,30.001370224157125,0.0,1.0,1.0,0.0,0.0
7157,0.0650196362469094,30.001370224157125,0.0,1.0,1.0,0.0,0.0
7158,0.06688714311834659,26.949676811410008,0.02001157407407408,0.8805938787721606,0.8982721255862073,910.0,910.0
7160,0.08587887582571642,30.001354000250277,0.0,1.0,1.0,0.0,0.0
7162,0.07766609757901563,29.535623077190323,6.157407407407405E-4,0.9713791444159472,0.9844249554985609,28.0,28.0
7164,0.0650196362469094,30.001370224157125,0.0,1.0,1.0,0.0,0.0
7165,0.0650196362469094,29.97816603937438,6.157407407407405E-4,0.9992279544907388,0.9992279544907388,28.0,28.0
7166,0.13110764953203863,30.001750464997404,0.0,1.0,1.0,0.0,0.0
7168,0.07192126537148402,30.001918347316625,0.0012534722222222222,1.0,1.0,57.0,57.0
7170,0.07824216108156724,50.00386648209517,0.0,1.0,1.0,0.0,0.0
7171,0.07824216108156724,50.00386648209517,0.0,1.0,1.0,0.0,0.0
7172,0.29287733889056344,50.00039929843167,0.0,1.0,1.0,0.0,0.0
7173,0.29287733889056344,50.00039929843167,0.0,1.0,1.0,0.0,0.0
7174,0.07699927160849086,50.00854731924357,0.0,1.0,1.0,0.0,0.0
7175,0.07699927160849086,50.00854731924357,0.0,1.0,1.0,0.0,0.0
7176,0.1521745056723858,50.002575795964674,0.0,1.0,1.0,0.0,0.0
7177,0.1521745056723858,50.002575795964674,0.0,1.0,1.0,0.0,0.0
7178,0.02805761545331515,48.29797885083288,0.010213194444444448,0.9576707976439763,0.9658899789859188,573.0,573.0
7180,0.040471152772272874,50.01584276696957,0.0,1.0,1.0,0.0,0.0
7182,0.1446951289538301,50.00023653616706,0.0,1.0,1.0,0.0,0.0
7184,0.12657835394850975,50.009007266751006,0.0,1.0,1.0,0.0,0.0
7186,0.05807230140797024,48.46537819946417,0.007450462962962966,0.9597858657475833,0.9692609273567467,418.0,418.0
7188,0.14727691335713183,48.78531442557373,0.02064027777777779,0.9623743187630391,0.9756224518654705,1158.0,1158.0
7190,0.10919227562420397,48.81300402942036,0.02106805555555555,0.9626546633204901,0.9761583257626529,1182.0,1182.0
7192,0.05501791419331167,50.00365844380764,0.0,1.0,1.0,0.0,0.0
7194,0.1338782868381092,50.00641550292521,0.0014437499999999995,1.0,1.0,81.0,81.0
7196,0.3763397923349062,50.000858149013226,0.0,1.0,1.0,0.0,0.0
7197,0.3763397923349062,49.93359508983658,0.008199074074074072,0.9986554539406447,0.9986554539406447,460.0,460.0
7198,0.9815113086925938,50.00057609233794,0.0,1.0,1.0,0.0,0.0
7199,0.9815113086925938,50.00057609233794,0.0,1.0,1.0,0.0,0.0
7200,0.1264551309961309,50.0042257893312,0.0,1.0,1.0,0.0,0.0
7201,0.1264551309961309,50.0042257893312,0.0,1.0,1.0,0.0,0.0
7202,0.17485747629391213,49.796756501283085,6.416666666666666E-4,0.9958027925391717,0.9958027925391717,36.0,36.0
7203,0.17485747629391213,49.534071422246285,0.008787268518518517,0.9905562832131362,0.9905562832131362,493.0,493.0
7204,0.1810134279112672,49.67812602798745,0.009143749999999997,0.9934952882692193,0.9934952882692193,513.0,513.0
7205,0.1810134279112672,50.003709367753366,4.634259259259258E-4,1.0,1.0,26.0,26.0
7206,0.1868049169279481,50.0035468020383,0.0,1.0,1.0,0.0,0.0
7207,0.1868049169279481,50.0035468020383,0.0,1.0,1.0,0.0,0.0
7208,0.1868049169279481,50.0035468020383,4.2777777777777795E-4,1.0,1.0,24.0,24.0
7209,0.1868049169279481,50.0035468020383,0.0,1.0,1.0,0.0,0.0
7210,0.027493148641390904,49.0169995305545,0.0015685185185185192,0.9692139763761264,0.9800946194189194,88.0,88.0
7212,0.13752593764277482,50.004380922532,0.0,1.0,1.0,0.0,0.0
7213,0.13752593764277482,50.004380922532,0.0,1.0,1.0,0.0,0.0
7214,0.02638877091931989,49.873276698363505,0.0029766203703703695,0.9969651688103072,0.9969651688103072,167.0,167.0
7216,0.13752593764277482,50.004380922532,0.0,1.0,1.0,0.0,0.0
7217,0.13752593764277482,49.98375411540145,9.446759259259266E-4,0.9995911146261658,0.9995911146261658,53.0,53.0
7218,0.01553596131244907,48.18788286509806,0.02552407407407407,0.9632745506040139,0.9632745506040139,1432.0,1432.0
7219,0.01553596131244907,50.026351274433495,0.0,1.0,1.0,0.0,0.0
7220,0.8419660834532874,50.00046024367521,0.0,1.0,1.0,0.0,0.0
7221,0.8419660834532874,50.00046024367521,0.0,1.0,1.0,0.0,0.0
7222,0.06407369815344217,50.003319608149106,0.0,1.0,1.0,0.0,0.0
7223,0.06407369815344217,50.003319608149106,0.0,1.0,1.0,0.0,0.0
7224,0.167938612372843,50.00239885387766,0.0,1.0,1.0,0.0,0.0
7225,0.167938612372843,50.00239885387766,0.0,1.0,1.0,0.0,0.0
7226,0.7400470066171498,49.98652966883089,5.3472222222222244E-5,0.9997235279615875,0.9997235279615875,3.0,3.0
7227,0.7400470066171498,49.99344522799069,5.3472222222222244E-5,0.9998617639807937,0.9998617639807937,3.0,3.0
7228,0.12844549811604802,50.00041016628167,0.0,1.0,1.0,0.0,0.0
7229,0.12844549811604802,50.00041016628167,0.0,1.0,1.0,0.0,0.0
7230,0.8419660834532873,50.0004602436752,0.0,1.0,1.0,0.0,0.0
7231,0.8419660834532873,49.98751613545638,9.268518518518516E-4,0.9997415013720196,0.9997415013720196,52.0,52.0
7232,0.06725096820621008,49.92929906238412,0.0022458333333333328,0.9985721840092484,0.9985721840092484,126.0,126.0
7233,0.06725096820621008,50.00071985591829,0.0,1.0,1.0,0.0,0.0
7234,0.22144278064539827,50.002760479422555,0.0,1.0,1.0,0.0,0.0
7235,0.22144278064539827,49.995338194663894,8.199074074074072E-4,0.9998538547043455,0.9998538547043455,46.0,46.0
7236,0.1536163170411874,30.00155923334642,8.796296296296295E-4,1.0,1.0,40.0,40.0
7237,0.1536163170411874,30.00155923334642,0.0,1.0,1.0,0.0,0.0
7238,0.14572898201465323,50.00231941028895,0.0,1.0,1.0,0.0,0.0
7239,0.14572898201465323,50.00231941028895,0.0,1.0,1.0,0.0,0.0
7240,0.25868873595052544,30.000626551829505,0.0,1.0,1.0,0.0,0.0
7241,0.25868873595052544,30.000626551829505,0.0,1.0,1.0,0.0,0.0
7242,0.05893594901900595,30.00133151419986,8.576388888888886E-4,1.0,1.0,39.0,39.0
7243,0.05893594901900595,30.00133151419986,0.0,1.0,1.0,0.0,0.0
7244,0.05794899962900748,50.00393064823273,4.099537037037036E-4,1.0,1.0,23.0,23.0
7245,0.05794899962900748,50.00393064823273,0.0,1.0,1.0,0.0,0.0
7246,0.14572898201465323,50.00231941028895,0.0,1.0,1.0,0.0,0.0
7247,0.14572898201465323,50.00231941028895,0.0,1.0,1.0,0.0,0.0
7248,0.25868873595052544,30.000626551829505,0.0,1.0,1.0,0.0,0.0
7249,0.25868873595052544,30.000626551829505,0.0,1.0,1.0,0.0,0.0
7250,0.14145795677286846,49.888856385898045,3.208333333333333E-4,0.9976845820671776,0.9976845820671776,18.0,18.0
7251,0.14145795677286846,49.888856385898045,4.45601851851852E-4,0.9976845820671776,0.9976845820671776,25.0,25.0
7252,0.012464225078858053,49.75528978489804,4.45601851851852E-4,0.9946575107123844,0.9946575107123844,25.0,25.0
7254,0.013834613228714498,50.004626127883725,0.0,1.0,1.0,0.0,0.0
7256,0.00885109924737937,50.021910974200516,0.0,1.0,1.0,0.0,0.0
7258,0.05640550116854922,50.0024142346164,0.0,1.0,1.0,0.0,0.0
7260,0.04683389195492474,49.91882458447344,1.7824074074074075E-5,0.9983646880748818,0.9983646880748818,1.0,1.0
7262,0.0611945237443947,30.00140071902777,0.0,1.0,1.0,0.0,0.0
7264,0.0190733893130849,50.010343428336235,0.0,1.0,1.0,0.0,0.0
7266,0.047549784835780595,50.008537951741204,0.0,1.0,1.0,0.0,0.0
7268,0.022522275239159683,49.62368611184562,0.0028696759259259257,0.9921167461920729,0.9921167461920729,161.0,161.0
7270,0.23240239506127927,50.0029059419439,0.0,1.0,1.0,0.0,0.0
7271,0.23240239506127927,50.0029059419439,0.0,1.0,1.0,0.0,0.0
7272,0.132735617029871,50.00504618119879,0.0,1.0,1.0,0.0,0.0
7273,0.132735617029871,50.00504618119879,0.0,1.0,1.0,0.0,0.0
7274,0.5953033459325223,50.00098097004458,0.0,1.0,1.0,0.0,0.0
7275,0.5953033459325223,50.00098097004458,0.0,1.0,1.0,0.0,0.0
7276,0.6288125935911274,50.00055963528866,0.0,1.0,1.0,0.0,0.0
7277,0.6288125935911274,50.00055963528866,0.0,1.0,1.0,0.0,0.0
7278,0.14140997720161286,49.77044304418505,2.495370370370372E-4,0.9952643707253024,0.9952643707253024,14.0,14.0
7279,0.14140997720161286,49.29641401943013,0.01598819444444445,0.9857931121759073,0.9857931121759073,897.0,897.0
7280,0.14810760138886458,50.00350417330137,0.0,1.0,1.0,0.0,0.0
7281,0.14810760138886458,50.00350417330137,0.0,1.0,1.0,0.0,0.0
7282,0.03487476398551498,50.019581811894,0.0,1.0,1.0,0.0,0.0
7283,0.03487476398551498,50.019581811894,0.0,1.0,1.0,0.0,0.0
7284,0.23240239506127927,50.0029059419439,5.3472222222222244E-5,1.0,1.0,3.0,3.0
7285,0.23240239506127927,50.0029059419439,0.0,1.0,1.0,0.0,0.0
7286,0.17305320766514906,50.00333474552827,0.0,1.0,1.0,0.0,0.0
7287,0.17305320766514906,50.00333474552827,0.0,1.0,1.0,0.0,0.0
7288,0.5463969977268621,50.00074203906211,0.0,1.0,1.0,0.0,0.0
7289,0.5463969977268621,50.00074203906211,0.0,1.0,1.0,0.0,0.0
7290,0.24071959847598612,49.94426436399644,1.425925925925926E-4,0.9988399498094983,0.9988399498094983,8.0,8.0
7292,0.007675456283626661,48.188516841551724,0.021442361111111124,0.9627194043684266,0.9627194043684266,1203.0,1203.0
7294,1.0390547176780383,50.00062803118442,0.0,1.0,1.0,0.0,0.0
7295,1.0390547176780383,50.00062803118442,0.0,1.0,1.0,0.0,0.0
7296,1.039054717678038,50.00062803118441,0.0,1.0,1.0,0.0,0.0
7297,1.039054717678038,50.00062803118441,0.0,1.0,1.0,0.0,0.0
7298,0.5463969977268621,50.00074203906211,0.0,1.0,1.0,0.0,0.0
7299,0.5463969977268621,50.00074203906211,0.0,1.0,1.0,0.0,0.0
7300,0.013923976943625047,49.24616740656429,1.425925925925926E-4,0.9844144740615782,0.9844144740615782,8.0,8.0
7302,0.017197506845232764,48.61959530652594,0.03475694444444445,0.9722267888020694,0.9722267888020694,1950.0,1950.0
7304,0.017018232988194954,48.599645200599085,0.021157175925925933,0.9717561949273451,0.9717561949273451,1187.0,1187.0
7306,0.0959264391458259,30.000450084699267,1.75925925925926E-4,1.0,1.0,8.0,8.0
7308,0.17254852779179322,30.00119295100003,8.7962962962963E-5,1.0,1.0,4.0,4.0
7310,0.19239551035612198,30.00059935383719,0.0,1.0,1.0,0.0,0.0
7312,0.08596659232681282,29.9233387934508,0.002924768518518517,0.9973525484793692,0.9973525484793692,133.0,133.0
7313,0.08596659232681282,30.00288244076841,0.0,1.0,1.0,0.0,0.0
7314,0.03262785231257571,29.976057993876424,0.00235300925925926,0.9991181487240529,0.9991181487240529,107.0,107.0
7316,0.17007082752496003,30.000733981274802,0.0,1.0,1.0,0.0,0.0
7318,0.02161039361189192,49.68262497602139,1.247685185185186E-4,0.9930616928133784,0.9930616928133784,7.0,7.0
7320,0.019326512966940566,49.70099025241088,2.495370370370372E-4,0.9936615513918721,0.9936615513918721,14.0,14.0
7322,0.1891581040206645,49.35946613243056,0.002192361111111112,0.9727475420990744,0.9871617508648155,123.0,123.0
7324,0.030623355119815253,50.01999928826447,0.0,1.0,1.0,0.0,0.0
7326,0.014045774861755718,50.0146285878542,0.0,1.0,1.0,0.0,0.0
7328,0.03465093889857823,50.01739375897419,0.0,1.0,1.0,0.0,0.0
7330,0.017610236717537434,50.036978834360504,0.0,1.0,1.0,0.0,0.0
7332,0.3944917607215195,50.00247653677453,0.0,1.0,1.0,0.0,0.0
7333,0.3944917607215195,48.76454921133543,0.025434953703703706,0.9621452288177846,0.9752440332170247,1427.0,1427.0
7334,0.03248818426347998,48.748017800831775,0.025434953703703706,0.9607540003546329,0.9748998632209213,1427.0,1427.0
7336,0.07110297383808575,50.00404489492259,0.0,1.0,1.0,0.0,0.0
7338,0.04596822800065197,50.01076482391873,0.0,1.0,1.0,0.0,0.0
7340,0.16967093485279958,49.90702467543829,1.0694444444444449E-4,0.9981161233399076,0.9981161233399076,6.0,6.0
7342,0.03794938262234793,50.00650711583182,0.0,1.0,1.0,0.0,0.0
7343,0.03794938262234793,50.00650711583182,0.0,1.0,1.0,0.0,0.0
7344,0.036012657356065535,47.54968388294056,0.05594976851851852,0.9305491524513897,0.9506677214406885,3139.0,3139.0
7345,0.036012657356065535,50.01757966120213,0.0,1.0,1.0,0.0,0.0
7346,0.10471817845450221,50.011334894694606,0.0,1.0,1.0,0.0,0.0
7347,0.10471817845450221,47.90512647211291,0.05523680555555556,0.9331962834104669,0.9578923616031292,3099.0,3099.0
7348,0.03794938262234793,50.00650711583182,0.0,1.0,1.0,0.0,0.0
7349,0.03794938262234793,50.00650711583182,7.129629629629626E-4,1.0,1.0,40.0,40.0
7350,0.011760419926869575,50.044340114338624,0.0,1.0,1.0,0.0,0.0
7351,0.011760419926869575,50.044340114338624,0.0,1.0,1.0,0.0,0.0
7352,0.019030082032128966,50.00605497493743,0.0,1.0,1.0,0.0,0.0
7353,0.019030082032128966,50.00605497493743,0.0,1.0,1.0,0.0,0.0
7354,0.012322176336465413,50.01108772409863,0.0,1.0,1.0,0.0,0.0
7355,0.012322176336465413,50.01108772409863,0.0,1.0,1.0,0.0,0.0
7356,0.012322176336465415,50.01108772409864,5.525462962962965E-4,1.0,1.0,31.0,31.0
7357,0.012322176336465415,50.01108772409864,0.0,1.0,1.0,0.0,0.0
7358,0.05933087826668827,50.00963749943287,0.0,1.0,1.0,0.0,0.0
7360,0.16699825648261896,30.00118385834763,0.0,1.0,1.0,0.0,0.0
7362,0.01710031057935828,46.79069549778183,0.016701157407407408,0.9214116115590083,0.9356464462360333,937.0,937.0
7364,0.06750561518835484,30.00249563926882,0.0,1.0,1.0,0.0,0.0
7365,0.06750561518835484,29.361816259617328,0.002418981481481482,0.9634118717109836,0.9786474868439348,110.0,110.0
7366,0.059526088308839716,47.098586989908654,0.016701157407407408,0.9229454255398748,0.9417817021594991,937.0,937.0
7367,0.059526088308839716,50.01024922096219,0.0,1.0,1.0,0.0,0.0
7368,0.01137494858475731,50.06089841702484,0.0,1.0,1.0,0.0,0.0
7370,0.012943374120550034,47.02020926060433,0.014740509259259262,0.9223712828192995,0.9394851312771978,827.0,827.0
7372,0.06640286641461834,50.00006674181679,0.0,1.0,1.0,0.0,0.0
7373,0.06640286641461834,47.11634741657513,0.014562268518518521,0.9230814277067457,0.942325710826983,817.0,817.0
7374,0.019984423181274188,46.766437534659275,0.014473148148148148,0.9211905997009879,0.9347623988039514,812.0,812.0
7376,0.05492552304759157,49.99608237422891,3.564814814814815E-5,0.9997637378095136,0.9997637378095136,2.0,2.0
7377,0.05492552304759157,50.008063472769265,0.0,1.0,1.0,0.0,0.0
7378,0.32919704203523115,50.000394537458114,0.0,1.0,1.0,0.0,0.0
7379,0.32919704203523115,50.000394537458114,0.0,1.0,1.0,0.0,0.0
7380,0.16354404142061169,50.00072603942268,0.0,1.0,1.0,0.0,0.0
7381,0.16354404142061169,50.00072603942268,0.0,1.0,1.0,0.0,0.0
7382,0.32919704203523115,50.000394537458114,7.12962962962963E-5,1.0,1.0,4.0,4.0
7383,0.32919704203523115,50.000394537458114,0.0,1.0,1.0,0.0,0.0
7384,0.06099423208946964,50.006658055588865,0.0,1.0,1.0,0.0,0.0
7385,0.06099423208946964,50.006658055588865,0.0,1.0,1.0,0.0,0.0
7386,0.0478467997565332,47.07004569335966,0.02509629629629631,0.922784978485048,0.9411399139401923,1408.0,1408.0
7388,0.03725051073215049,50.000685546510724,0.0,1.0,1.0,0.0,0.0
7389,0.03725051073215049,50.000685546510724,0.0,1.0,1.0,0.0,0.0
7390,0.02927047557234524,46.918996803408504,0.025007175925925922,0.9219327398985662,0.9377309595942644,1403.0,1403.0
7392,0.03131320874534581,50.01222337322312,0.0,1.0,1.0,0.0,0.0
7393,0.03131320874534581,50.01222337322312,0.0,1.0,1.0,0.0,0.0
7394,0.041135299980160515,50.01252277223164,0.0,1.0,1.0,0.0,0.0
7395,0.041135299980160515,50.01252277223164,0.0,1.0,1.0,0.0,0.0
7396,0.014076817467402945,50.02620225335697,0.0,1.0,1.0,0.0,0.0
7397,0.014076817467402945,50.02620225335697,0.0,1.0,1.0,0.0,0.0
7398,0.037250510732150494,49.50778444323267,8.912037037037032E-5,0.982190031017447,0.9901422635788182,5.0,5.0
7399,0.037250510732150494,50.00068554651074,0.0,1.0,1.0,0.0,0.0
7400,0.040467398110553575,50.01120260830514,0.0,1.0,1.0,0.0,0.0
7401,0.040467398110553575,50.01120260830514,0.0,1.0,1.0,0.0,0.0
7402,0.014076817467402943,50.02620225335696,0.0,1.0,1.0,0.0,0.0
7403,0.014076817467402943,50.02620225335696,0.0,1.0,1.0,0.0,0.0
7404,0.03131320874534581,49.48319919495124,7.12962962962963E-5,0.9816517904633875,0.9894246095067388,4.0,4.0
7405,0.03131320874534581,50.012223373223115,0.0,1.0,1.0,0.0,0.0
7406,0.015840873146863523,50.02380993746376,0.0,1.0,1.0,0.0,0.0
7407,0.015840873146863523,50.02380993746376,0.0,1.0,1.0,0.0,0.0
7408,0.20075476670837306,50.00118722499952,0.0,1.0,1.0,0.0,0.0
7409,0.20075476670837306,50.00118722499952,0.0,1.0,1.0,0.0,0.0
7410,0.12473283101447305,50.0042529679402,0.0014437499999999995,1.0,1.0,81.0,81.0
7411,0.12473283101447305,50.0042529679402,0.0,1.0,1.0,0.0,0.0
7412,0.015840873146863523,50.02380993746376,0.0,1.0,1.0,0.0,0.0
7413,0.015840873146863523,50.02380993746376,0.0,1.0,1.0,0.0,0.0
7414,0.22615893552242472,50.00136141256089,0.0,1.0,1.0,0.0,0.0
7416,0.011208869637285528,27.052014613948494,0.03241435185185187,0.881235017141399,0.9016914544464213,1474.0,1474.0
7417,0.011208869637285528,30.001435460392493,0.0,1.0,1.0,0.0,0.0
7418,0.016892051789978556,50.0093638519102,0.0,1.0,1.0,0.0,0.0
7420,0.010420264569289602,50.01726993259009,0.0,1.0,1.0,0.0,0.0
7422,0.015803620695739828,50.03784916856937,0.0,1.0,1.0,0.0,0.0
7424,0.030847653809725095,50.00069955651073,0.0,1.0,1.0,0.0,0.0
7425,0.030847653809725095,47.31124141913058,0.07543148148148152,0.9209757230371765,0.9462120031799149,4232.0,4232.0
7426,0.019379141633302045,50.010688085940764,0.0,1.0,1.0,0.0,0.0
7427,0.019379141633302045,50.010688085940764,0.0,1.0,1.0,0.0,0.0
7428,0.04140756800526967,50.005784910758415,0.0,1.0,1.0,0.0,0.0
7430,0.043629326621800336,49.55751867388617,8.020833333333331E-4,0.9910553282996836,0.9910553282996836,45.0,45.0
7432,0.011332341645377057,48.011692796403096,0.006648379629629627,0.9435797483453132,0.9591538142548707,373.0,373.0
7433,0.011332341645377057,49.67111342662355,6.238425925925927E-4,0.9923303582694645,0.9923303582694645,35.0,35.0
7434,0.07003727153542928,49.67220592179564,0.0015150462962962967,0.9933141959293769,0.9933141959293769,85.0,85.0
7435,0.07003727153542928,48.01275802339965,0.006452314814814818,0.9442031195023952,0.9601266501626151,362.0,362.0
7436,0.02174819352476361,50.02779341159681,0.0,1.0,1.0,0.0,0.0
7438,0.035736416015509205,48.407129082904994,0.0038143518518518535,0.9596717014853332,0.9681344939297011,214.0,214.0
7440,0.040837513193865374,50.00511819656985,0.0,1.0,1.0,0.0,0.0
7442,0.21727248641838046,48.27141326106036,0.00493726851851852,0.9569857952835271,0.9653907544248254,277.0,277.0
7443,0.21727248641838046,50.0019785914575,0.0,1.0,1.0,0.0,0.0
7444,0.08813222515545943,50.00409937898408,0.0,1.0,1.0,0.0,0.0
7445,0.08813222515545943,50.00409937898408,0.0,1.0,1.0,0.0,0.0
7446,0.023452709660388427,49.397466122554846,6.951388888888888E-4,0.9802891793724441,0.9876077947188144,39.0,39.0
7448,0.07490971981018989,50.00463402868229,0.0,1.0,1.0,0.0,0.0
7449,0.07490971981018989,50.00463402868229,0.0,1.0,1.0,0.0,0.0
7450,0.059660932649062574,50.00683528210134,0.0,1.0,1.0,0.0,0.0
7451,0.059660932649062574,50.00683528210134,0.0,1.0,1.0,0.0,0.0
7452,0.10141945169858776,50.00137306421747,0.0,1.0,1.0,0.0,0.0
7453,0.10141945169858776,50.00137306421747,0.0,1.0,1.0,0.0,0.0
7454,0.04306460223196376,50.01050581776437,0.0,1.0,1.0,0.0,0.0
7455,0.04306460223196376,50.01050581776437,0.0,1.0,1.0,0.0,0.0
7456,0.1903878638055972,50.003378543820666,0.0,1.0,1.0,0.0,0.0
7457,0.1903878638055972,50.003378543820666,0.0,1.0,1.0,0.0,0.0
7458,0.10141945169858776,50.00137306421747,0.0,1.0,1.0,0.0,0.0
7459,0.10141945169858776,50.00137306421747,0.0,1.0,1.0,0.0,0.0
7460,0.2062213023351567,50.00314463572198,0.0,1.0,1.0,0.0,0.0
7461,0.2062213023351567,50.00314463572198,0.0,1.0,1.0,0.0,0.0
7462,1.079229651098938,109.9141825201415,0.004713699494949493,0.9992132443598083,0.9992132443598083,327.0,327.0
7463,1.079229651098938,109.80596418262803,0.013031144781144779,0.9982297998095686,0.9982297998095686,904.0,904.0
7464,0.03381450509563109,48.797580862476515,0.016255555555555558,0.9689133081799242,0.9757117004500526,912.0,912.0
7466,0.032933229014691506,48.666591967704406,0.03898125000000001,0.9732608026921037,0.9732608026921037,2187.0,2187.0
7467,0.032933229014691506,49.67642847469649,1.7824074074074064E-4,0.9934499217610187,0.9934499217610187,10.0,10.0
7468,0.021905326233726884,49.67531045361005,1.7824074074074064E-4,0.9933934920129428,0.9933934920129428,10.0,10.0
7469,0.021905326233726884,49.5651413865896,0.002406250000000001,0.9911913226839236,0.9911913226839236,135.0,135.0
7470,0.030064269870508392,49.86931604144335,1.7824074074074075E-5,0.9970994008009604,0.9970994008009604,1.0,1.0
7472,0.2520526965685909,50.00218811081322,0.0,1.0,1.0,0.0,0.0
7473,0.2520526965685909,50.00218811081322,0.0,1.0,1.0,0.0,0.0
7474,0.010048943157927029,49.74748073918585,2.1388888888888898E-4,0.9942400814035572,0.9942400814035572,12.0,12.0
7476,0.12343604981753985,30.000660231106096,0.0,1.0,1.0,0.0,0.0
7477,0.12343604981753985,29.597016699692812,0.010027777777777778,0.9794605224284527,0.9865463618541164,456.0,456.0
7478,0.0695386612105044,29.21413387167899,0.011523148148148152,0.960297047902973,0.9737318298355835,524.0,524.0
7479,0.0695386612105044,30.002298700601127,0.0,1.0,1.0,0.0,0.0
7480,0.2520526965685909,50.00218811081322,0.0,1.0,1.0,0.0,0.0
7481,0.2520526965685909,50.00218811081322,1.247685185185186E-4,1.0,1.0,7.0,7.0
7482,0.020817911162429828,50.02969304722789,0.0,1.0,1.0,0.0,0.0
7483,0.020817911162429828,50.02969304722789,0.0,1.0,1.0,0.0,0.0
7484,0.08427840179545014,50.000370214835286,0.0,1.0,1.0,0.0,0.0
7485,0.08427840179545014,48.99389556502341,0.012316435185185184,0.9738576111919095,0.9798708926442159,691.0,691.0
7486,0.01987353071096436,48.94993019688832,0.01270856481481482,0.9726466979021245,0.9784058503084067,713.0,713.0
7487,0.01987353071096436,50.031266125504686,0.0,1.0,1.0,0.0,0.0
7488,0.005260916340391302,48.65278749165058,0.009321990740740737,0.9583333333333334,0.9710630845234883,523.0,523.0
7489,0.005260916340391302,50.103965146583825,0.0,1.0,1.0,0.0,0.0
7490,0.033413378076243325,50.015867390634504,0.0,1.0,1.0,0.0,0.0
7491,0.033413378076243325,48.8127730523048,0.028286805555555558,0.9611911688306248,0.9759546417653169,1587.0,1587.0
7492,0.04726100780064882,49.01968282889468,0.02846504629629629,0.9684754633501692,0.9801728210710501,1597.0,1597.0
7493,0.04726100780064882,50.01164846629504,0.0,1.0,1.0,0.0,0.0
7494,0.027949821427339785,50.00962084414673,0.0,1.0,1.0,0.0,0.0
7496,0.032684541001872874,50.00609758042598,0.0,1.0,1.0,0.0,0.0
7497,0.032684541001872874,50.00609758042598,0.0,1.0,1.0,0.0,0.0
7498,0.158638018832119,50.004103650786135,0.0,1.0,1.0,0.0,0.0
7499,0.158638018832119,50.004103650786135,1.247685185185186E-4,1.0,1.0,7.0,7.0
7500,0.22877871261535485,49.932958034144285,0.0011585648148148154,0.9986552447168333,0.9986552447168333,65.0,65.0
7501,0.22877871261535485,50.0002043112723,0.0,1.0,1.0,0.0,0.0
7502,0.032684541001872874,50.00609758042598,0.0,1.0,1.0,0.0,0.0
7503,0.032684541001872874,50.00609758042598,7.486111111111114E-4,1.0,1.0,42.0,42.0
7504,0.02269770735993694,49.62588398331867,6.060185185185188E-4,0.9923798943732387,0.9923798943732387,34.0,34.0
7506,0.16565176609635052,50.00388713289132,0.0,1.0,1.0,0.0,0.0
7507,0.16565176609635052,50.00388713289132,0.0,1.0,1.0,0.0,0.0
7508,0.12406140453977964,49.98256989663979,0.0012476851851851854,0.9996062143332143,0.9996062143332143,70.0,70.0
7510,0.019781984662471552,50.0106353826528,0.0,1.0,1.0,0.0,0.0
7512,0.07803298034943963,49.87068606188065,0.0028340277777777786,0.9973498235080531,0.9973498235080531,159.0,159.0
7514,0.01280795578668759,49.56002353045533,0.03388356481481483,0.9910345110270382,0.9910345110270382,1901.0,1901.0
7516,0.03362183446923927,49.59121769103977,0.004990740740740742,0.9915186051799514,0.9915186051799514,280.0,280.0
7518,0.08969297866240315,49.92611154531147,2.317129629629629E-4,0.9983865906657531,0.9983865906657531,13.0,13.0
7520,0.08715183480101406,49.78906802622016,0.002192361111111112,0.9956389843789398,0.9956389843789398,123.0,123.0
7522,0.0035590819040213387,27.331809533751724,0.01572337962962963,0.8984858570910872,0.9108696689338306,715.0,715.0
7524,0.06839125336211242,30.003474543456587,0.0,1.0,1.0,0.0,0.0
7526,0.07058599287828461,28.50857852174672,0.01073148148148148,0.9304146910065033,0.9502506261904138,488.0,488.0
7528,0.05174902969899802,30.004269111997566,0.0,1.0,1.0,0.0,0.0
7530,0.09644807451168397,30.001993281090662,0.0010115740740740736,1.0,1.0,46.0,46.0
7532,0.09147967660579244,50.00407467064269,0.0,1.0,1.0,0.0,0.0
7533,0.09147967660579244,50.00407467064269,0.0,1.0,1.0,0.0,0.0
7534,0.09572128672370309,29.43395353872156,0.0021990740740740725,0.9640213819352401,0.9810855277409605,100.0,100.0
7536,0.05526969934086673,29.9495921775062,0.001473379629629629,0.9982665805686991,0.9982665805686991,67.0,67.0
7538,0.09147967660579244,50.00407467064269,3.743055555555557E-4,1.0,1.0,21.0,21.0
7539,0.09147967660579244,50.00407467064269,3.208333333333333E-4,1.0,1.0,18.0,18.0
7540,0.06612495069944126,30.00375882505527,3.0787037037037024E-4,1.0,1.0,14.0,14.0
7542,0.13369102854599615,30.001726889763503,0.0,1.0,1.0,0.0,0.0
7544,0.10497630714837143,30.0003735599061,6.377314814814811E-4,1.0,1.0,29.0,29.0
7546,0.03443793944785174,28.300564535608686,0.014975694444444443,0.9233070340309977,0.9432281361239907,681.0,681.0
7548,0.040529713074552005,28.369571639727667,0.017768518518518517,0.9238861419522899,0.9455445678091599,808.0,808.0
7549,0.040529713074552005,30.003489012623323,0.0,1.0,1.0,0.0,0.0
7550,0.021476948246100372,30.002721647637305,0.0,1.0,1.0,0.0,0.0
7551,0.021476948246100372,28.274815957825066,0.017130787037037045,0.9231024396971776,0.9424097587887104,779.0,779.0
7552,0.05613599468203728,29.061197186427837,0.006355324074074071,0.9609152842868534,0.9686611371474133,289.0,289.0
7554,0.05580839652357853,30.000033968177203,0.0,1.0,1.0,0.0,0.0
7555,0.05580839652357853,30.000033968177203,0.0,1.0,1.0,0.0,0.0
7556,0.05580839652357853,30.000033968177203,0.0,1.0,1.0,0.0,0.0
7557,0.05580839652357853,30.000033968177203,0.0,1.0,1.0,0.0,0.0
7558,0.05413347584947771,29.514492331921957,0.0014513888888888888,0.9710736107026553,0.9838138880719772,66.0,66.0
7560,0.10653977013892268,30.00181261734369,0.0,1.0,1.0,0.0,0.0
7561,0.10653977013892268,30.00181261734369,0.0,1.0,1.0,0.0,0.0
7562,0.1065397701389227,30.00181261734369,0.0014513888888888888,1.0,1.0,66.0,66.0
7563,0.1065397701389227,30.00181261734369,0.0,1.0,1.0,0.0,0.0
7564,0.02461010114646669,49.78751306611492,7.842592592592596E-4,0.9952484850530333,0.9952484850530333,44.0,44.0
7566,0.014605205729159394,50.027345979994124,0.0,1.0,1.0,0.0,0.0
7568,0.062384938321211024,50.007966590149124,0.0,1.0,1.0,0.0,0.0
7570,0.015074520478790527,49.301757601615805,1.960648148148149E-4,0.9857088355386393,0.9857088355386393,11.0,11.0
7572,0.02332084758609445,50.00300852289459,0.0,1.0,1.0,0.0,0.0
7574,0.04458235847329181,50.01448753625756,0.0,1.0,1.0,0.0,0.0
7575,0.04458235847329181,50.01448753625756,0.0,1.0,1.0,0.0,0.0
7576,0.14274187087243023,50.00688352868323,0.0,1.0,1.0,0.0,0.0
7577,0.14274187087243023,50.00688352868323,0.0,1.0,1.0,0.0,0.0
7578,0.1616896976070734,50.00712297125982,0.0,1.0,1.0,0.0,0.0
7579,0.1616896976070734,50.00712297125982,0.0,1.0,1.0,0.0,0.0
7580,0.010756823725018703,50.03173825590095,0.0,1.0,1.0,0.0,0.0
7581,0.010756823725018703,50.03173825590095,0.0,1.0,1.0,0.0,0.0
7582,0.14274187087243023,50.00688352868323,1.6041666666666664E-4,1.0,1.0,9.0,9.0
7583,0.14274187087243023,50.00688352868323,0.0,1.0,1.0,0.0,0.0
7584,0.06069538602937865,50.000775676376,0.0,1.0,1.0,0.0,0.0
7585,0.06069538602937865,50.000775676376,0.0,1.0,1.0,0.0,0.0
7586,0.008885307265789857,50.05806910304145,0.0,1.0,1.0,0.0,0.0
7587,0.008885307265789857,50.05806910304145,0.0,1.0,1.0,0.0,0.0
7588,0.035162632892057365,50.01401754698005,0.0,1.0,1.0,0.0,0.0
7590,0.06805821137061861,50.00195121106673,0.0,1.0,1.0,0.0,0.0
7591,0.06805821137061861,50.00195121106673,0.0,1.0,1.0,0.0,0.0
7592,0.09739036548699453,50.00075809372225,0.0,1.0,1.0,0.0,0.0
7593,0.09739036548699453,50.00075809372225,0.0,1.0,1.0,0.0,0.0
7594,0.09516391463469177,50.00585209237927,0.0,1.0,1.0,0.0,0.0
7595,0.09516391463469177,50.00585209237927,0.0,1.0,1.0,0.0,0.0
7596,0.003370365695894807,50.13767150917894,1.960648148148149E-4,1.0,1.0,11.0,11.0
7598,0.00796984448625527,50.07232137961427,3.030092592592594E-4,1.0,1.0,17.0,17.0
7599,0.00796984448625527,50.07232137961427,0.0,1.0,1.0,0.0,0.0
7600,0.04789208999082074,48.72957018325322,6.594907407407405E-4,0.9599573703204793,0.974528040786048,37.0,37.0
7601,0.04789208999082074,50.00334221779428,0.0,1.0,1.0,0.0,0.0
7602,0.053511357470483016,50.010614458395345,0.0,1.0,1.0,0.0,0.0
7603,0.053511357470483016,50.010614458395345,0.0,1.0,1.0,0.0,0.0
7604,0.034955519910626315,50.01584724890888,0.0,1.0,1.0,0.0,0.0
7605,0.034955519910626315,50.01584724890888,0.0,1.0,1.0,0.0,0.0
7606,0.053511357470483016,50.010614458395345,6.594907407407405E-4,1.0,1.0,37.0,37.0
7607,0.053511357470483016,50.010614458395345,0.0,1.0,1.0,0.0,0.0
7608,0.3176162065131441,50.00080214480142,0.0010337962962962961,1.0,1.0,58.0,58.0
7609,0.3176162065131441,50.00080214480142,0.0,1.0,1.0,0.0,0.0
7610,0.11279843214293475,50.00915710770507,0.0,1.0,1.0,0.0,0.0
7611,0.11279843214293475,50.00915710770507,0.0,1.0,1.0,0.0,0.0
7612,0.017479714051809755,29.914004918529002,4.39814814814815E-5,0.9968665475215874,0.9968665475215874,2.0,2.0
7614,0.012933474213528856,50.0112858954929,0.0,1.0,1.0,0.0,0.0
7615,0.012933474213528856,50.0112858954929,0.0,1.0,1.0,0.0,0.0
7616,0.014615338170421282,29.975773034007332,6.597222222222219E-5,0.9987179196898466,0.9987179196898466,3.0,3.0
7618,0.011326530084430813,50.031298532455125,0.0,1.0,1.0,0.0,0.0
7619,0.011326530084430813,50.031298532455125,0.0,1.0,1.0,0.0,0.0
7620,0.011326530084430813,50.031298532455125,1.7824074074074075E-5,1.0,1.0,1.0,1.0
7621,0.011326530084430813,50.031298532455125,0.0,1.0,1.0,0.0,0.0
7622,0.045184871189462066,50.00477598587871,0.0,1.0,1.0,0.0,0.0
7623,0.045184871189462066,50.00477598587871,0.0,1.0,1.0,0.0,0.0
7624,0.02880629589647337,50.00128506620257,0.0,1.0,1.0,0.0,0.0
7625,0.02880629589647337,50.00128506620257,0.0,1.0,1.0,0.0,0.0
7626,0.04518487118946207,50.00477598587871,0.0,1.0,1.0,0.0,0.0
7627,0.04518487118946207,50.00477598587871,0.0,1.0,1.0,0.0,0.0
7628,0.02880629589647337,50.00128506620257,0.0,1.0,1.0,0.0,0.0
7629,0.02880629589647337,50.00128506620257,0.0,1.0,1.0,0.0,0.0
7630,0.012933474213528856,50.0112858954929,0.0,1.0,1.0,0.0,0.0
7631,0.012933474213528856,50.0112858954929,0.0,1.0,1.0,0.0,0.0
7632,0.18818451847289996,30.000188933772023,0.0,1.0,1.0,0.0,0.0
7633,0.18818451847289996,30.000188933772023,8.136574074074073E-4,1.0,1.0,37.0,37.0
7634,0.021305385934270265,29.334404124578434,8.136574074074073E-4,0.9631421279885723,0.9775685119542896,37.0,37.0
7636,0.03222559790538415,30.00055662254537,0.0,1.0,1.0,0.0,0.0
7638,0.015997906903796447,28.900001197606482,0.0067291666666666645,0.9446990940808098,0.9629634790516147,306.0,306.0
7640,0.007106102407724532,30.02578482137126,0.0,1.0,1.0,0.0,0.0
7642,0.012910366581199586,48.56244856836482,0.012280787037037041,0.9608724441100733,0.9706914516325942,689.0,689.0
7644,0.004033111044560164,50.06620607040204,0.0,1.0,1.0,0.0,0.0
7645,0.004033111044560164,50.06620607040204,0.0,1.0,1.0,0.0,0.0
7646,0.005736909723673272,50.00696127172827,0.0,1.0,1.0,0.0,0.0
7647,0.005736909723673272,50.00696127172827,0.0,1.0,1.0,0.0,0.0
7648,0.026134408547973897,48.59751795221696,0.011514351851851855,0.9611900474816274,0.9716089803100391,646.0,646.0
7650,0.005736909723673272,50.00696127172827,0.0,1.0,1.0,0.0,0.0
7651,0.005736909723673272,50.00696127172827,0.0,1.0,1.0,0.0,0.0
7652,0.12249102079476921,49.928679481485815,0.01957083333333334,0.9985364287969487,0.9985364287969487,1098.0,1098.0
7654,0.1313401131056005,49.39771216717233,0.013047222222222233,0.9803707758304164,0.987905309390693,732.0,732.0
7656,0.05506667936132635,50.01010234631051,7.12962962962963E-5,1.0,1.0,4.0,4.0
7657,0.05506667936132635,50.01010234631051,0.0,1.0,1.0,0.0,0.0
7658,0.12389809631519558,29.976757347436283,0.008510416666666671,0.9991776723485793,0.9991776723485793,387.0,387.0
7660,0.0020916822399630196,48.422443855143904,5.347222222222221E-4,0.9583333333333334,0.9646083800532224,30.0,30.0
7662,0.004590634803633078,30.047791441961966,0.0,1.0,1.0,0.0,0.0
7663,0.004590634803633078,30.047791441961966,8.7962962962963E-5,1.0,1.0,4.0,4.0
7664,0.053495547325873916,29.89841888283829,0.0010115740740740736,0.9965444385661004,0.9965444385661004,46.0,46.0
7665,0.053495547325873916,30.002176409588113,0.0,1.0,1.0,0.0,0.0
7666,0.05961135636892714,30.001521449481015,0.0,1.0,1.0,0.0,0.0
7667,0.05961135636892714,30.001521449481015,0.0,1.0,1.0,0.0,0.0
7668,0.05961135636892714,30.001521449481015,5.937499999999998E-4,1.0,1.0,27.0,27.0
7669,0.05961135636892714,30.001521449481015,0.0,1.0,1.0,0.0,0.0
7670,0.04514863793217191,50.010798940251966,0.0,1.0,1.0,0.0,0.0
7671,0.04514863793217191,50.010798940251966,0.0,1.0,1.0,0.0,0.0
7672,0.14172902385571595,27.957773147559305,0.015679398148148144,0.9197303348810137,0.931899745588441,713.0,713.0
7674,0.04514863793217191,50.010798940251966,2.1388888888888898E-4,1.0,1.0,12.0,12.0
7675,0.04514863793217191,50.010798940251966,0.0,1.0,1.0,0.0,0.0
7676,0.11022050509143289,29.22870304553153,0.005959490740740739,0.96600743620001,0.9742570892073323,271.0,271.0
7678,0.11750094815334265,30.00024208170451,0.001055555555555555,1.0,1.0,48.0,48.0
7680,0.01098130239850318,30.017227512992747,0.0,1.0,1.0,0.0,0.0
7682,0.02106532389100605,29.673622347656966,0.0025069444444444445,0.9811852946368382,0.9888026150713398,114.0,114.0
7684,0.028150384278598315,50.02042616137905,0.0,1.0,1.0,0.0,0.0
7685,0.028150384278598315,50.02042616137905,0.0,1.0,1.0,0.0,0.0
7686,0.0444313003194207,49.58364362818691,4.4560185185185214E-4,0.9916568085728988,0.9916568085728988,25.0,25.0
7687,0.0444313003194207,50.00083812126118,0.0,1.0,1.0,0.0,0.0
7688,0.044602698664921545,50.00613989215745,0.0,1.0,1.0,0.0,0.0
7689,0.044602698664921545,50.00613989215745,0.0,1.0,1.0,0.0,0.0
7690,0.0455568632016932,50.001435221370585,0.0,1.0,1.0,0.0,0.0
7691,0.0455568632016932,50.001435221370585,0.0,1.0,1.0,0.0,0.0
7692,0.0455568632016932,50.001435221370585,3.386574074074076E-4,1.0,1.0,19.0,19.0
7693,0.0455568632016932,50.001435221370585,0.0,1.0,1.0,0.0,0.0
7694,0.044602698664921545,49.69789892047845,2.1388888888888898E-4,0.9938390179990184,0.9938390179990184,12.0,12.0
7695,0.044602698664921545,49.59515192991878,1.0694444444444449E-4,0.9917853573320244,0.9917853573320244,6.0,6.0
7696,0.03583780237468702,49.71453282907164,1.0694444444444449E-4,0.9941711357080204,0.9941711357080204,6.0,6.0
7697,0.03583780237468702,50.00623587165631,2.1388888888888898E-4,1.0,1.0,12.0,12.0
7698,0.03851861732765345,50.00613861505677,0.0,1.0,1.0,0.0,0.0
7699,0.03851861732765345,50.00613861505677,0.0,1.0,1.0,0.0,0.0
7700,0.03851861732765345,50.00613861505677,0.0,1.0,1.0,0.0,0.0
7701,0.03851861732765345,50.00613861505677,0.0,1.0,1.0,0.0,0.0
7702,0.06084992156334329,50.00221813011546,0.0,1.0,1.0,0.0,0.0
7703,0.06084992156334329,50.00221813011546,0.0,1.0,1.0,0.0,0.0
7704,0.08282795537328971,50.005138243139854,0.0,1.0,1.0,0.0,0.0
7705,0.08282795537328971,50.005138243139854,0.0,1.0,1.0,0.0,0.0
7706,0.038570916073065314,49.84704074498396,0.0012655092592592598,0.9969042494063987,0.9969042494063987,71.0,71.0
7707,0.038570916073065314,50.00190776486681,0.0,1.0,1.0,0.0,0.0
7708,0.08844522902794573,49.90639509261279,2.6736111111111107E-4,0.9981192157440836,0.9981192157440836,15.0,15.0
7709,0.08844522902794573,49.81234663927636,0.0011407407407407408,0.9962384314881673,0.9962384314881673,64.0,64.0
7710,0.06084992156334329,50.00221813011546,0.0,1.0,1.0,0.0,0.0
7711,0.06084992156334329,50.00221813011546,0.0,1.0,1.0,0.0,0.0
7712,0.08282795537328974,49.992289700674625,0.0012298611111111106,0.9997473110199782,0.9997473110199782,69.0,69.0
7713,0.08282795537328974,50.005138243139875,8.912037037037032E-5,1.0,1.0,5.0,5.0
7714,0.07352483231854887,50.00744310349063,0.0,1.0,1.0,0.0,0.0
7715,0.07352483231854887,50.00744310349063,0.0,1.0,1.0,0.0,0.0
7716,0.07613017053705327,49.86823065341235,9.981481481481488E-4,0.997298813951395,0.997298813951395,56.0,56.0
7717,0.07613017053705327,50.003396083450426,0.0,1.0,1.0,0.0,0.0
7718,0.07352483231854887,50.00744310349063,0.0,1.0,1.0,0.0,0.0
7719,0.07352483231854887,50.00744310349063,5.3472222222222244E-5,1.0,1.0,3.0,3.0
7720,0.09619146345572915,50.00567053294223,0.0,1.0,1.0,0.0,0.0
7721,0.09619146345572915,50.00567053294223,0.0,1.0,1.0,0.0,0.0
7722,0.07441525568854888,50.0083853796483,0.0,1.0,1.0,0.0,0.0
7723,0.07441525568854888,50.0083853796483,0.0,1.0,1.0,0.0,0.0
7724,0.10603887110449597,49.933739476220794,0.0010516203703703707,0.9985734324981395,0.9985734324981395,59.0,59.0
7725,0.10603887110449597,50.005231330388455,0.0,1.0,1.0,0.0,0.0
7726,0.07411508005632342,50.00267769916872,0.0,1.0,1.0,0.0,0.0
7727,0.07411508005632342,50.00267769916872,0.0,1.0,1.0,0.0,0.0
7728,0.07441525568854888,50.0083853796483,0.0,1.0,1.0,0.0,0.0
7729,0.07441525568854888,50.0083853796483,1.0694444444444449E-4,1.0,1.0,6.0,6.0
7730,0.027822247790125806,50.005038464529655,0.0,1.0,1.0,0.0,0.0
7731,0.027822247790125806,50.005038464529655,0.0,1.0,1.0,0.0,0.0
7732,0.03200324271737473,50.00506674589803,0.0,1.0,1.0,0.0,0.0
7734,0.5176672151543632,50.00005297691854,0.0,1.0,1.0,0.0,0.0
7735,0.5176672151543632,50.00005297691854,0.0,1.0,1.0,0.0,0.0
7736,0.05384353809046776,49.94488252671911,0.006969212962962966,0.9987159869011841,0.9987159869011841,391.0,391.0
7737,0.05384353809046776,50.00947810260164,0.0,1.0,1.0,0.0,0.0
7738,0.40554650161224187,50.000596109595215,0.0,1.0,1.0,0.0,0.0
7739,0.40554650161224187,50.000596109595215,0.0,1.0,1.0,0.0,0.0
7740,0.1264551309961309,50.0042257893312,0.0,1.0,1.0,0.0,0.0
7741,0.1264551309961309,49.81754334638436,0.008199074074074072,0.9962698726321726,0.9962698726321726,460.0,460.0
7742,0.004995210098317242,48.75338970191886,0.0013189814814814809,0.9583333333333334,0.9733189636282851,74.0,74.0
7743,0.004995210098317242,48.75338970191886,0.0057037037037037,0.9583333333333334,0.9733189636282851,320.0,320.0
7744,0.060788872570190354,50.00912734293539,0.0,1.0,1.0,0.0,0.0
7745,0.060788872570190354,49.26770091695447,0.03714537037037039,0.9851923883079418,0.9851923883079418,2084.0,2084.0
7746,0.14298526222572489,50.00456032762867,0.0,1.0,1.0,0.0,0.0
7747,0.14298526222572489,50.00456032762867,0.0,1.0,1.0,0.0,0.0
7748,0.14298526222572489,50.00456032762867,0.0,1.0,1.0,0.0,0.0
7749,0.14298526222572489,50.00456032762867,0.0,1.0,1.0,0.0,0.0
7750,0.12749989533325878,50.005406166219814,0.0,1.0,1.0,0.0,0.0
7751,0.12749989533325878,50.005406166219814,0.0,1.0,1.0,0.0,0.0
7752,0.5335405571222953,50.00119762691371,0.0,1.0,1.0,0.0,0.0
7753,0.5335405571222953,49.96206741616401,0.004349074074074075,0.9992186433130412,0.9992186433130412,244.0,244.0
7754,0.07042197742116815,49.599289232196014,0.0047946759259259245,0.9919142937179388,0.9919142937179388,269.0,269.0
7755,0.07042197742116815,50.00377094994188,0.0,1.0,1.0,0.0,0.0
7756,0.12749989533325878,50.00540616621981,0.0,1.0,1.0,0.0,0.0
7757,0.12749989533325878,50.00540616621981,0.0,1.0,1.0,0.0,0.0
7758,0.04689729514648393,50.008964018762484,0.0,1.0,1.0,0.0,0.0
7759,0.04689729514648393,50.008964018762484,0.0,1.0,1.0,0.0,0.0
7760,0.1783093217962282,50.00105611983343,4.2777777777777795E-4,1.0,1.0,24.0,24.0
7761,0.1783093217962282,50.00105611983343,0.0,1.0,1.0,0.0,0.0
7762,0.029108385811645435,50.019183256288095,0.0,1.0,1.0,0.0,0.0
7763,0.029108385811645435,50.019183256288095,0.0,1.0,1.0,0.0,0.0
7764,0.10468305432365214,50.00119352065115,0.0,1.0,1.0,0.0,0.0
7765,0.10468305432365214,50.00119352065115,0.0,1.0,1.0,0.0,0.0
7766,0.004462358077003052,29.29986398574259,9.45601851851852E-4,0.9758064046479358,0.9758064046479358,43.0,43.0
7767,0.004462358077003052,29.445307666056124,0.0025509259259259244,0.9806451237183486,0.9806451237183486,116.0,116.0
7768,0.3400186745435274,29.994140535907917,0.00301273148148148,0.9997990253508366,0.9997990253508366,137.0,137.0
7769,0.3400186745435274,30.0001771569212,0.0,1.0,1.0,0.0,0.0
7770,0.10468305432365214,50.00119352065115,0.0,1.0,1.0,0.0,0.0
7771,0.10468305432365214,50.00119352065115,0.0011407407407407408,1.0,1.0,64.0,64.0
7772,0.13334675433976168,50.00503287741063,0.0,1.0,1.0,0.0,0.0
7773,0.13334675433976168,50.00503287741063,0.0,1.0,1.0,0.0,0.0
7774,0.13334675433976168,50.00503287741063,0.0,1.0,1.0,0.0,0.0
7775,0.13334675433976168,50.00503287741063,0.0,1.0,1.0,0.0,0.0
7776,0.08293102349740758,50.000282128733424,4.634259259259258E-4,1.0,1.0,26.0,26.0
7777,0.08293102349740758,50.000282128733424,0.0,1.0,1.0,0.0,0.0
7778,0.052363385485843295,50.002171816720384,0.0,1.0,1.0,0.0,0.0
7779,0.052363385485843295,50.002171816720384,0.0,1.0,1.0,0.0,0.0
7780,0.032723855665505897,50.00249592352344,0.0,1.0,1.0,0.0,0.0
7782,0.6288125935911274,49.99233943458775,7.12962962962963E-5,0.9998357125766669,0.9998357125766669,4.0,4.0
7783,0.6288125935911274,49.92657782898047,0.016112962962962968,0.9985214131900024,0.9985214131900024,904.0,904.0
7784,0.10813300840361487,50.00370330803,0.0,1.0,1.0,0.0,0.0
7785,0.10813300840361487,50.00370330803,0.0,1.0,1.0,0.0,0.0
7786,0.5297964946102697,50.001766479576624,0.0,1.0,1.0,0.0,0.0
7787,0.5297964946102697,50.001766479576624,0.0,1.0,1.0,0.0,0.0
7788,0.10813300840361487,50.00370330803,1.7824074074074075E-5,1.0,1.0,1.0,1.0
7789,0.10813300840361487,50.00370330803,0.0,1.0,1.0,0.0,0.0
7790,0.12844549811604802,50.00041016628167,0.0,1.0,1.0,0.0,0.0
7791,0.12844549811604802,50.00041016628167,0.0,1.0,1.0,0.0,0.0
7792,0.12066026615428198,50.003103275632,0.0,1.0,1.0,0.0,0.0
7793,0.12066026615428198,50.003103275632,0.0,1.0,1.0,0.0,0.0
7794,0.06271611580403645,50.00620529225498,0.0,1.0,1.0,0.0,0.0
7795,0.06271611580403645,50.00620529225498,0.0,1.0,1.0,0.0,0.0
7796,0.165136397502242,50.0034511740324,0.0,1.0,1.0,0.0,0.0
7797,0.165136397502242,50.0034511740324,0.0,1.0,1.0,0.0,0.0
7798,0.12066026615428198,50.003103275632,0.0,1.0,1.0,0.0,0.0
7799,0.12066026615428198,50.003103275632,0.0,1.0,1.0,0.0,0.0
7800,0.06391121590878958,50.00660231941806,0.0,1.0,1.0,0.0,0.0
7801,0.06391121590878958,50.00660231941806,0.0,1.0,1.0,0.0,0.0
7802,0.04249486949293842,49.397550846857875,0.0014437499999999995,0.9877556068162965,0.9877556068162965,81.0,81.0
7804,0.1521745056723858,49.99178157470591,0.0031370370370370384,0.9997867986956213,0.9997867986956213,176.0,176.0
7805,0.1521745056723858,49.992158592673846,0.0013546296296296303,0.99979433905498,0.99979433905498,76.0,76.0
7806,0.014889666738430101,48.28528448436513,0.0016932870370370374,0.953500291693578,0.9656561670835827,95.0,95.0
7808,0.0353103762295319,50.00682707565494,0.0,1.0,1.0,0.0,0.0
7810,0.014065519889008303,48.74807590979298,0.002923148148148149,0.9742895164585572,0.9742895164585572,164.0,164.0
7812,0.025064844897495733,48.99232197946388,0.01338587962962963,0.968405491594086,0.9794949996849445,751.0,751.0
7814,0.06391121590878958,50.00660231941806,0.0,1.0,1.0,0.0,0.0
7815,0.06391121590878958,50.00660231941806,0.0,1.0,1.0,0.0,0.0
7816,0.032712734732768,50.00672825391286,0.0,1.0,1.0,0.0,0.0
7817,0.032712734732768,50.00672825391286,0.0,1.0,1.0,0.0,0.0
7818,0.07391880357122654,50.00144548222766,0.0,1.0,1.0,0.0,0.0
7819,0.07391880357122654,50.00144548222766,0.0,1.0,1.0,0.0,0.0
7820,0.03721193859853714,50.004844701281726,0.0,1.0,1.0,0.0,0.0
7821,0.03721193859853714,50.004844701281726,0.0,1.0,1.0,0.0,0.0
7822,0.07391880357122654,50.00144548222766,0.0,1.0,1.0,0.0,0.0
7823,0.07391880357122654,50.00144548222766,0.0,1.0,1.0,0.0,0.0
7824,0.05943986399442841,50.00783135778038,1.6041666666666664E-4,1.0,1.0,9.0,9.0
7825,0.05943986399442841,50.00783135778038,0.0,1.0,1.0,0.0,0.0
7826,0.06982634900339302,50.004944581701785,0.0,1.0,1.0,0.0,0.0
7827,0.06982634900339302,50.004944581701785,0.0,1.0,1.0,0.0,0.0
7828,0.05614766267837513,50.00781435976014,0.0,1.0,1.0,0.0,0.0
7829,0.05614766267837513,50.00781435976014,0.0,1.0,1.0,0.0,0.0
7830,0.06271611580403645,50.00620529225498,0.0,1.0,1.0,0.0,0.0
7831,0.06271611580403645,49.601988466142586,0.025149768518518523,0.9919260056315105,0.9919260056315105,1411.0,1411.0
7832,0.09249594438925947,50.005316083696364,0.0,1.0,1.0,0.0,0.0
7833,0.09249594438925947,50.005316083696364,0.0,1.0,1.0,0.0,0.0
7834,0.06407369815344217,49.46724531017548,0.026450925925925937,0.989284046720776,0.989284046720776,1484.0,1484.0
7835,0.06407369815344217,50.003319608149106,0.0,1.0,1.0,0.0,0.0
7836,0.05614766267837513,50.00781435976014,0.0,1.0,1.0,0.0,0.0
7837,0.05614766267837513,49.2093562571493,0.025149768518518523,0.9840438618807168,0.9840438618807168,1411.0,1411.0
7838,0.11166896232049515,50.001027904699335,0.0,1.0,1.0,0.0,0.0
7839,0.11166896232049515,50.001027904699335,0.0,1.0,1.0,0.0,0.0
7840,0.09249594438925947,50.005316083696364,0.0,1.0,1.0,0.0,0.0
7841,0.09249594438925947,50.005316083696364,0.0,1.0,1.0,0.0,0.0
7842,0.06982634900339302,50.004944581701785,0.0,1.0,1.0,0.0,0.0
7843,0.06982634900339302,50.004944581701785,0.0,1.0,1.0,0.0,0.0
7844,0.11166896232049515,50.001027904699335,1.960648148148149E-4,1.0,1.0,11.0,11.0
7845,0.11166896232049515,50.001027904699335,0.0,1.0,1.0,0.0,0.0
7846,0.01582122704908164,30.00864982965959,0.0,1.0,1.0,0.0,0.0
7848,0.007994145460261743,29.68782004987914,0.0030567129629629625,0.9815558982429026,0.989296753212759,139.0,139.0
7850,0.019119308797025537,30.004146324887508,0.0,1.0,1.0,0.0,0.0
7852,0.17520775272640143,30.00132752164408,2.199074074074075E-5,1.0,1.0,1.0,1.0
7854,0.004402607700709601,30.017779777565465,0.0,1.0,1.0,0.0,0.0
7856,0.05447549709386928,29.979603923757374,1.5393518518518512E-4,0.9993111006715243,0.9993111006715243,7.0,7.0
7858,0.40554650161224187,50.000596109595215,0.0,1.0,1.0,0.0,0.0
7859,0.40554650161224187,50.000596109595215,0.0,1.0,1.0,0.0,0.0
7860,0.06099423208946964,50.006658055588865,0.0,1.0,1.0,0.0,0.0
7861,0.06099423208946964,50.006658055588865,0.0,1.0,1.0,0.0,0.0
7862,0.04308946494855043,50.007115994449244,0.0,1.0,1.0,0.0,0.0
7863,0.04308946494855043,48.95462247500357,0.016219907407407405,0.9789634721006788,0.9789634721006788,910.0,910.0
7864,0.08734681715662893,50.007719746161605,0.0,1.0,1.0,0.0,0.0
7865,0.08734681715662893,50.007719746161605,0.0,1.0,1.0,0.0,0.0
7866,0.08734681715662894,50.007719746161605,0.0,1.0,1.0,0.0,0.0
7867,0.08734681715662894,50.007719746161605,0.0,1.0,1.0,0.0,0.0
7868,0.2213803293571243,49.98617528696575,0.01618425925925926,0.9996448264475368,0.9996448264475368,908.0,908.0
7869,0.2213803293571243,50.00434092644293,0.0,1.0,1.0,0.0,0.0
7870,0.5297964946102697,49.977598959111496,3.564814814814815E-5,0.9995170176072758,0.9995170176072758,2.0,2.0
7871,0.5297964946102697,49.784258795390464,0.016166435185185193,0.995653158465483,0.995653158465483,907.0,907.0
7872,0.16354404142061169,50.00072603942268,0.0,1.0,1.0,0.0,0.0
7873,0.16354404142061169,49.9909602726181,3.564814814814815E-5,0.9998048359221215,0.9998048359221215,2.0,2.0
7874,0.058722124251567684,50.011745281675815,0.0,1.0,1.0,0.0,0.0
7875,0.058722124251567684,50.011745281675815,0.0,1.0,1.0,0.0,0.0
7876,0.5953033459325222,49.99592999885647,8.912037037037032E-5,0.9998995936825157,0.9998995936825157,5.0,5.0
7877,0.5953033459325222,50.00098097004457,0.0,1.0,1.0,0.0,0.0
7878,0.1730532076651491,50.00333474552828,0.0,1.0,1.0,0.0,0.0
7879,0.1730532076651491,50.00333474552828,0.0,1.0,1.0,0.0,0.0
7880,0.058722124251567684,50.011745281675815,7.12962962962963E-5,1.0,1.0,4.0,4.0
7881,0.058722124251567684,50.011745281675815,0.0,1.0,1.0,0.0,0.0
7882,0.21839483719528124,50.00136186104124,0.0,1.0,1.0,0.0,0.0
7883,0.21839483719528124,50.00136186104124,0.0,1.0,1.0,0.0,0.0
7884,0.1801201944497198,50.00252159307459,0.0,1.0,1.0,0.0,0.0
7885,0.1801201944497198,50.00252159307459,0.0,1.0,1.0,0.0,0.0
7886,0.2539672963937955,50.00176467146097,0.0,1.0,1.0,0.0,0.0
7887,0.2539672963937955,50.00176467146097,0.0,1.0,1.0,0.0,0.0
7888,0.21839483719528124,50.00136186104124,0.0,1.0,1.0,0.0,0.0
7889,0.21839483719528124,50.00136186104124,0.0,1.0,1.0,0.0,0.0
7890,0.5045113264714897,70.0008007129177,0.0,1.0,1.0,0.0,0.0
7891,0.5045113264714897,69.99928627251765,1.6038359788359778E-5,0.9999784842908503,0.9999784842908503,1.0,1.0
7892,1.0389629268378098,69.99282683526053,1.6038359788359778E-5,0.9998905052265655,0.9998905052265655,1.0,1.0
7893,1.0389629268378098,70.00049664276305,0.0,1.0,1.0,0.0,0.0
7894,0.2539672963937955,50.00176467146097,0.0,1.0,1.0,0.0,0.0
7895,0.2539672963937955,50.00176467146097,0.0,1.0,1.0,0.0,0.0
7896,0.06058251802128946,50.01079222119745,0.0,1.0,1.0,0.0,0.0
7897,0.06058251802128946,50.01079222119745,0.0,1.0,1.0,0.0,0.0
7898,0.1801201944497198,50.00252159307459,0.0,1.0,1.0,0.0,0.0
7899,0.1801201944497198,50.00252159307459,1.7824074074074075E-5,1.0,1.0,1.0,1.0
7900,0.10083186527957909,50.00615994027893,0.0,1.0,1.0,0.0,0.0
7901,0.10083186527957909,50.00615994027893,0.0,1.0,1.0,0.0,0.0
7902,0.10083186527957909,50.00615994027893,0.0,1.0,1.0,0.0,0.0
7903,0.10083186527957909,50.00615994027893,0.0,1.0,1.0,0.0,0.0
7904,0.06058251802128946,50.01079222119745,0.0,1.0,1.0,0.0,0.0
7905,0.06058251802128946,49.94421535405298,3.564814814814815E-5,0.9986707110365267,0.9986707110365267,2.0,2.0
7906,0.1054297683197684,49.9528221711709,3.564814814814815E-5,0.9989347482266232,0.9989347482266232,2.0,2.0
7907,0.1054297683197684,50.00621422281505,0.0,1.0,1.0,0.0,0.0
7908,0.05920970878431,50.00116153495566,0.0,1.0,1.0,0.0,0.0
7909,0.05920970878431,50.00116153495566,0.0,1.0,1.0,0.0,0.0
7910,0.05920970878431,50.00116153495566,0.0,1.0,1.0,0.0,0.0
7911,0.05920970878431,50.00116153495566,0.0,1.0,1.0,0.0,0.0
7912,0.003913483489695848,50.13715502813185,0.0,1.0,1.0,0.0,0.0
7913,0.003913483489695848,50.13715502813185,0.0,1.0,1.0,0.0,0.0
7914,0.10482171152487083,30.001443909169584,0.0,1.0,1.0,0.0,0.0
7915,0.10482171152487083,30.001443909169584,8.796296296296295E-4,1.0,1.0,40.0,40.0
7916,0.034116366032873276,49.62986667844041,7.129629629629626E-4,0.9924496993662066,0.9924496993662066,40.0,40.0
7918,0.08188397664997467,49.91016871823466,0.018733101851851862,0.998105156565988,0.998105156565988,1051.0,1051.0
7920,0.05766032039422451,50.006541416335395,0.0,1.0,1.0,0.0,0.0
7921,0.05766032039422451,50.006541416335395,0.0,1.0,1.0,0.0,0.0
7922,0.09132093343722637,50.00081526600988,0.0,1.0,1.0,0.0,0.0
7923,0.09132093343722637,50.00081526600988,4.634259259259258E-4,1.0,1.0,26.0,26.0
7924,0.09798647607964923,50.000186234831645,0.0,1.0,1.0,0.0,0.0
7925,0.09798647607964923,50.000186234831645,0.0,1.0,1.0,0.0,0.0
7926,0.01891316035407219,50.027463096737605,0.0,1.0,1.0,0.0,0.0
7927,0.01891316035407219,50.027463096737605,0.0,1.0,1.0,0.0,0.0
7928,0.048439930903243715,50.00967916595278,0.0,1.0,1.0,0.0,0.0
7929,0.048439930903243715,50.00967916595278,0.0,1.0,1.0,0.0,0.0
7930,0.09798647607964923,50.000186234831645,0.0,1.0,1.0,0.0,0.0
7931,0.09798647607964923,49.75409156820708,4.634259259259258E-4,0.9950782618632018,0.9950782618632018,26.0,26.0
7932,0.05147953501208967,50.00710362750211,0.0,1.0,1.0,0.0,0.0
7933,0.05147953501208967,50.00710362750211,0.0,1.0,1.0,0.0,0.0
7934,0.05766032039422451,50.006541416335395,0.0,1.0,1.0,0.0,0.0
7935,0.05766032039422451,50.006541416335395,0.0,1.0,1.0,0.0,0.0
7936,0.048439930903243715,50.00967916595278,0.0,1.0,1.0,0.0,0.0
7937,0.048439930903243715,50.00967916595278,0.0,1.0,1.0,0.0,0.0
7938,0.09928924458490371,50.005775112710324,0.0,1.0,1.0,0.0,0.0
7939,0.09928924458490371,50.005775112710324,0.0,1.0,1.0,0.0,0.0
7940,0.05147953501208967,50.00710362750211,0.0,1.0,1.0,0.0,0.0
7941,0.05147953501208967,50.00710362750211,0.0,1.0,1.0,0.0,0.0
7942,0.04864628482173699,50.007602900700505,0.0,1.0,1.0,0.0,0.0
7943,0.04864628482173699,50.007602900700505,0.0,1.0,1.0,0.0,0.0
7944,0.05426467769026462,50.00072681979847,0.0,1.0,1.0,0.0,0.0
7945,0.05426467769026462,50.00072681979847,0.0,1.0,1.0,0.0,0.0
7946,0.02434994013832985,50.00558157329577,0.0,1.0,1.0,0.0,0.0
7947,0.02434994013832985,50.00558157329577,0.0,1.0,1.0,0.0,0.0
7948,0.0884093508913566,50.00371770760153,0.0,1.0,1.0,0.0,0.0
7949,0.0884093508913566,50.00371770760153,0.0,1.0,1.0,0.0,0.0
7950,0.0819159003419236,50.008011061713574,0.0,1.0,1.0,0.0,0.0
7951,0.0819159003419236,50.008011061713574,0.0,1.0,1.0,0.0,0.0
7952,0.11874757645607223,50.00482807835537,0.0,1.0,1.0,0.0,0.0
7954,0.08191590034192361,50.00801106171358,0.0,1.0,1.0,0.0,0.0
7955,0.08191590034192361,50.00801106171358,0.0,1.0,1.0,0.0,0.0
7956,0.028013848278925866,50.02472906951048,0.0,1.0,1.0,0.0,0.0
7958,0.0737992183645548,50.005116904272036,0.0,1.0,1.0,0.0,0.0
7960,0.018787850984105597,50.026822147026735,0.0,1.0,1.0,0.0,0.0
7961,0.018787850984105597,50.026822147026735,0.0,1.0,1.0,0.0,0.0
7962,0.018524727332499054,50.029271115526335,0.0,1.0,1.0,0.0,0.0
7963,0.018524727332499054,50.029271115526335,0.0,1.0,1.0,0.0,0.0
7964,0.0498858912635759,50.010918559975835,0.0,1.0,1.0,0.0,0.0
7966,0.029168623697912538,50.0033549107072,0.0,1.0,1.0,0.0,0.0
7967,0.029168623697912538,50.0033549107072,0.0,1.0,1.0,0.0,0.0
7968,0.050606907864326124,50.00957131802747,0.0,1.0,1.0,0.0,0.0
7969,0.050606907864326124,50.00957131802747,0.0,1.0,1.0,0.0,0.0
7970,0.030424107536320286,50.0122315665539,0.0,1.0,1.0,0.0,0.0
7971,0.030424107536320286,50.0122315665539,0.0,1.0,1.0,0.0,0.0
7972,0.029168623697912538,50.0033549107072,0.0,1.0,1.0,0.0,0.0
7973,0.029168623697912538,50.0033549107072,0.0,1.0,1.0,0.0,0.0
7974,0.03917766706239105,50.01404305837156,0.0,1.0,1.0,0.0,0.0
7975,0.03917766706239105,50.01404305837156,0.0,1.0,1.0,0.0,0.0
7976,0.013259234825914967,50.03484839967912,0.0,1.0,1.0,0.0,0.0
7978,0.0450091250298992,50.010138922110215,0.0,1.0,1.0,0.0,0.0
7980,0.06730774141757041,50.00162383476135,0.0,1.0,1.0,0.0,0.0
7981,0.06730774141757041,50.00162383476135,0.0,1.0,1.0,0.0,0.0
7982,0.018524727332499054,50.029271115526335,0.0,1.0,1.0,0.0,0.0
7983,0.018524727332499054,50.029271115526335,0.0,1.0,1.0,0.0,0.0
7984,0.06730774141757041,50.00162383476135,0.0,1.0,1.0,0.0,0.0
7985,0.06730774141757041,50.00162383476135,0.0,1.0,1.0,0.0,0.0
7986,0.018787850984105597,50.026822147026735,0.0,1.0,1.0,0.0,0.0
7987,0.018787850984105597,50.026822147026735,0.0,1.0,1.0,0.0,0.0
7988,0.09788408574855782,50.00464150628753,0.0,1.0,1.0,0.0,0.0
7990,0.008158623931252136,50.03585375214258,0.0,1.0,1.0,0.0,0.0
7991,0.008158623931252136,50.03585375214258,0.0,1.0,1.0,0.0,0.0
7992,0.1455796304412856,50.00349867270568,0.0,1.0,1.0,0.0,0.0
7993,0.1455796304412856,50.00349867270568,0.0,1.0,1.0,0.0,0.0
7994,0.12169607588350274,50.000670301370675,0.0,1.0,1.0,0.0,0.0
7995,0.12169607588350274,50.000670301370675,0.0,1.0,1.0,0.0,0.0
7996,0.008158623931252136,50.03585375214258,0.0,1.0,1.0,0.0,0.0
7997,0.008158623931252136,50.03585375214258,0.0,1.0,1.0,0.0,0.0
7998,0.12169607588350277,50.00067030137069,0.0,1.0,1.0,0.0,0.0
7999,0.12169607588350277,50.00067030137069,0.0,1.0,1.0,0.0,0.0
8000,0.1455796304412856,50.00349867270568,0.0,1.0,1.0,0.0,0.0
8001,0.1455796304412856,50.00349867270568,0.0,1.0,1.0,0.0,0.0
8002,0.030424107536320282,50.01223156655389,0.0,1.0,1.0,0.0,0.0
8003,0.030424107536320282,50.01223156655389,0.0,1.0,1.0,0.0,0.0
8004,0.05248025912731414,49.89201553761144,9.981481481481488E-4,0.9976935276788189,0.9976935276788189,56.0,56.0
8005,0.05248025912731414,50.00765824730834,0.0,1.0,1.0,0.0,0.0
8006,0.031649324758398885,49.64032645408356,1.960648148148149E-4,0.9924869935687992,0.9924869935687992,11.0,11.0
8007,0.031649324758398885,50.016492155503066,4.812499999999999E-4,1.0,1.0,27.0,27.0
8008,0.049977071861752195,50.00485233527179,0.0,1.0,1.0,0.0,0.0
8009,0.049977071861752195,50.00485233527179,0.0,1.0,1.0,0.0,0.0
8010,0.12595580265287376,50.004509213756684,0.0,1.0,1.0,0.0,0.0
8011,0.12595580265287376,50.004509213756684,0.0,1.0,1.0,0.0,0.0
8012,0.12595580265287376,50.004509213756684,0.0,1.0,1.0,0.0,0.0
8013,0.12595580265287376,50.004509213756684,1.425925925925926E-4,1.0,1.0,8.0,8.0
8014,0.049977071861752195,49.795457016117844,7.129629629629626E-4,0.9958161372296475,0.9958161372296475,40.0,40.0
8015,0.049977071861752195,50.00485233527179,0.0,1.0,1.0,0.0,0.0
8016,0.06922376537909122,50.001114639793016,0.0,1.0,1.0,0.0,0.0
8017,0.06922376537909122,50.001114639793016,0.0,1.0,1.0,0.0,0.0
8018,0.09570646810397591,50.00628231847798,0.0,1.0,1.0,0.0,0.0
8019,0.09570646810397591,50.00628231847798,0.0,1.0,1.0,0.0,0.0
8020,0.03386811888810855,50.01034782493469,0.0,1.0,1.0,0.0,0.0
8021,0.03386811888810855,50.01034782493469,0.0,1.0,1.0,0.0,0.0
8022,0.02673071535775686,50.01589152179039,0.0,1.0,1.0,0.0,0.0
8023,0.02673071535775686,50.01589152179039,0.0,1.0,1.0,0.0,0.0
8024,0.09570646810397591,50.00628231847798,1.7824074074074064E-4,1.0,1.0,10.0,10.0
8025,0.09570646810397591,50.00628231847798,0.0,1.0,1.0,0.0,0.0
8026,0.10196390573958446,50.00273268798584,0.0,1.0,1.0,0.0,0.0
8027,0.10196390573958446,50.00273268798584,0.0,1.0,1.0,0.0,0.0
8028,0.012324810940205499,50.0217805915894,0.0,1.0,1.0,0.0,0.0
8030,0.10196390573958446,50.00273268798584,0.0,1.0,1.0,0.0,0.0
8031,0.10196390573958446,50.00273268798584,0.0,1.0,1.0,0.0,0.0
8032,0.01891316035407219,50.027463096737605,0.0,1.0,1.0,0.0,0.0
8033,0.01891316035407219,49.36147249426229,4.634259259259258E-4,0.9867030738644416,0.9867030738644416,26.0,26.0
8034,0.05426467769026462,49.95228861569179,4.634259259259258E-4,0.9990318416010318,0.9990318416010318,26.0,26.0
8035,0.05426467769026462,50.00072681979847,0.0,1.0,1.0,0.0,0.0
8036,0.08755933672400174,50.0021592967015,0.0,1.0,1.0,0.0,0.0
8037,0.08755933672400174,50.0021592967015,0.0,1.0,1.0,0.0,0.0
8038,0.05246748502017599,50.00872281510023,0.0,1.0,1.0,0.0,0.0
8039,0.05246748502017599,50.00872281510023,0.0,1.0,1.0,0.0,0.0
8040,0.08755933672400174,50.0021592967015,0.0,1.0,1.0,0.0,0.0
8041,0.08755933672400174,50.0021592967015,0.0,1.0,1.0,0.0,0.0
8042,0.05246748502017599,50.00872281510023,0.0,1.0,1.0,0.0,0.0
8043,0.05246748502017599,50.00872281510023,0.0,1.0,1.0,0.0,0.0
8044,0.05291088435291611,50.007661766998694,0.0,1.0,1.0,0.0,0.0
8045,0.05291088435291611,50.007661766998694,0.0,1.0,1.0,0.0,0.0
8046,0.017250332346483495,50.00096332314057,0.0,1.0,1.0,0.0,0.0
8047,0.017250332346483495,50.00096332314057,0.0,1.0,1.0,0.0,0.0
8048,0.1092298489385128,50.00349137571797,0.0,1.0,1.0,0.0,0.0
8049,0.1092298489385128,50.00349137571797,0.0,1.0,1.0,0.0,0.0
8050,0.1092298489385128,50.00349137571797,0.0,1.0,1.0,0.0,0.0
8051,0.1092298489385128,50.00349137571797,0.0,1.0,1.0,0.0,0.0
8052,0.017250332346483495,50.00096332314057,0.0,1.0,1.0,0.0,0.0
8053,0.017250332346483495,50.00096332314057,0.0,1.0,1.0,0.0,0.0
8054,0.36927654269141336,50.00171338206974,0.0,1.0,1.0,0.0,0.0
8055,0.36927654269141336,50.00171338206974,0.0,1.0,1.0,0.0,0.0
8056,0.16988574402273957,50.00316233193218,0.0,1.0,1.0,0.0,0.0
8057,0.16988574402273957,50.00316233193218,0.0,1.0,1.0,0.0,0.0
8058,0.01817253938026354,50.016163431918,0.0,1.0,1.0,0.0,0.0
8059,0.01817253938026354,50.016163431918,0.0,1.0,1.0,0.0,0.0
8060,0.12086502454169235,50.0016189784064,0.0,1.0,1.0,0.0,0.0
8061,0.12086502454169235,50.0016189784064,0.0,1.0,1.0,0.0,0.0
8062,0.07031726106209231,50.00832473795581,0.0,1.0,1.0,0.0,0.0
8063,0.07031726106209231,49.11847862545422,0.005311574074074074,0.9758353930888611,0.9822117493520055,298.0,298.0
8064,0.25569743341379514,50.00058448069866,0.0,1.0,1.0,0.0,0.0
8065,0.25569743341379514,49.263706757901346,0.009304166666666665,0.9785305327918102,0.9852629326113025,522.0,522.0
8066,0.033458859210913544,48.69559908624687,0.014615740740740747,0.9650892322105226,0.97389708295165,820.0,820.0
8068,0.04185057972431174,49.36138193825578,0.0031013888888888888,0.9871515851582089,0.9871515851582089,174.0,174.0
8070,0.017300749045595976,50.026262300518475,0.0,1.0,1.0,0.0,0.0
8072,0.14795314798024076,49.01554519187549,0.013742361111111117,0.9691297597157617,0.9802551381298401,771.0,771.0
8073,0.14795314798024076,50.00294148787708,0.0,1.0,1.0,0.0,0.0
8074,0.028678907962295424,50.021351097026894,1.7824074074074064E-4,1.0,1.0,10.0,10.0
8076,0.09583086191963976,50.005957807030455,0.0,1.0,1.0,0.0,0.0
8077,0.09583086191963976,46.24568104752637,0.09758680555555559,0.8838584171259083,0.9248081181176964,5475.0,5475.0
8078,0.037445011320581104,46.43727706324194,0.09780069444444442,0.8846970009869877,0.9287321368309696,5487.0,5487.0
8079,0.037445011320581104,50.00075695626556,0.0,1.0,1.0,0.0,0.0
8080,0.08393509600018718,50.002704881792795,0.0,1.0,1.0,0.0,0.0
8081,0.08393509600018718,50.002704881792795,0.0,1.0,1.0,0.0,0.0
8082,0.08393509600018718,50.002704881792795,0.0,1.0,1.0,0.0,0.0
8083,0.08393509600018718,50.002704881792795,0.0,1.0,1.0,0.0,0.0
8084,0.048944177856525356,50.01392003505288,0.0,1.0,1.0,0.0,0.0
8085,0.048944177856525356,50.01392003505288,0.0,1.0,1.0,0.0,0.0
8086,0.09318881336975218,50.004431082293614,0.0,1.0,1.0,0.0,0.0
8087,0.09318881336975218,50.004431082293614,0.0,1.0,1.0,0.0,0.0
8088,0.33536666354723565,50.000827829456156,0.0,1.0,1.0,0.0,0.0
8089,0.33536666354723565,49.94745194574821,5.703703703703704E-4,0.9989329997192512,0.9989329997192512,32.0,32.0
8090,0.048944177856525356,50.01392003505288,0.0,1.0,1.0,0.0,0.0
8091,0.048944177856525356,50.01392003505288,0.0,1.0,1.0,0.0,0.0
8092,0.09318881336975217,50.00443108229361,0.0,1.0,1.0,0.0,0.0
8093,0.09318881336975217,49.939469968700095,5.703703703703704E-4,0.9987035471545632,0.9987035471545632,32.0,32.0
8094,0.24266669738239444,49.95417298965533,5.703703703703704E-4,0.9990833371727993,0.9990833371727993,32.0,32.0
8095,0.24266669738239444,50.00000632879006,0.0,1.0,1.0,0.0,0.0
8096,0.0127321107222997,50.03886310074118,0.0,1.0,1.0,0.0,0.0
8097,0.0127321107222997,50.03886310074118,0.0,1.0,1.0,0.0,0.0
8098,0.032249695936808036,29.997234095292463,2.199074074074075E-5,0.9996613633135858,0.9996613633135858,1.0,1.0
8099,0.032249695936808036,30.007471018999464,0.0,1.0,1.0,0.0,0.0
8100,0.023792912119141765,50.002617413257646,0.0,1.0,1.0,0.0,0.0
8101,0.023792912119141765,50.002617413257646,0.0,1.0,1.0,0.0,0.0
8102,0.0127321107222997,50.03886310074118,0.0,1.0,1.0,0.0,0.0
8103,0.0127321107222997,50.03886310074118,0.0,1.0,1.0,0.0,0.0
8104,0.00995667444227655,50.0614916092117,0.0,1.0,1.0,0.0,0.0
8105,0.00995667444227655,50.0614916092117,0.0,1.0,1.0,0.0,0.0
8106,0.07885736018287955,50.00642886354877,0.0,1.0,1.0,0.0,0.0
8107,0.07885736018287955,50.00642886354877,0.0,1.0,1.0,0.0,0.0
8108,0.07885736018287955,50.00642886354877,0.0,1.0,1.0,0.0,0.0
8109,0.07885736018287955,50.00642886354877,0.0,1.0,1.0,0.0,0.0
8110,0.00995667444227655,50.0614916092117,0.0,1.0,1.0,0.0,0.0
8111,0.00995667444227655,50.0614916092117,0.0,1.0,1.0,0.0,0.0
8112,0.02379291211914177,50.00261741325765,1.7824074074074075E-5,1.0,1.0,1.0,1.0
8113,0.02379291211914177,50.00261741325765,0.0,1.0,1.0,0.0,0.0
8114,0.020338048777674474,50.01159535493723,0.0,1.0,1.0,0.0,0.0
8115,0.020338048777674474,48.967630812539724,0.02846504629629629,0.9673381113025354,0.9791327876467762,1597.0,1597.0
8116,0.010894252735212277,48.99152941114064,0.02846504629629629,0.9677255012309218,0.9793636462437678,1597.0,1597.0
8117,0.010894252735212277,50.02462990658699,0.0,1.0,1.0,0.0,0.0
8118,0.05412778436584909,50.0025721624472,0.0,1.0,1.0,0.0,0.0
8119,0.05412778436584909,50.0025721624472,0.0,1.0,1.0,0.0,0.0
8120,0.05412778436584909,50.0025721624472,0.0,1.0,1.0,0.0,0.0
8121,0.05412778436584909,50.0025721624472,0.0,1.0,1.0,0.0,0.0
8122,0.12592211735924058,50.00216440472823,0.001176388888888889,1.0,1.0,66.0,66.0
8123,0.12592211735924058,50.00216440472823,0.0,1.0,1.0,0.0,0.0
8124,0.1940673880109644,50.00304872884855,0.0,1.0,1.0,0.0,0.0
8125,0.1940673880109644,50.00304872884855,0.0,1.0,1.0,0.0,0.0
8126,0.19406738801096443,50.003048728848555,0.0,1.0,1.0,0.0,0.0
8127,0.19406738801096443,50.003048728848555,0.0,1.0,1.0,0.0,0.0
8128,0.11519602073316393,30.00113395351155,0.0,1.0,1.0,0.0,0.0
8129,0.11519602073316393,30.00113395351155,0.0,1.0,1.0,0.0,0.0
8130,0.03209492167907921,48.847443245165984,0.001818055555555555,0.9674680264221219,0.9766027195109105,102.0,102.0
8131,0.03209492167907921,50.01805975960396,0.0,1.0,1.0,0.0,0.0
8132,0.09966919073970183,49.7866774896876,9.446759259259266E-4,0.9957092798607216,0.9957092798607216,53.0,53.0
8133,0.09966919073970183,50.0012662573755,0.0,1.0,1.0,0.0,0.0
8134,0.11519602073316393,30.00113395351155,0.0016273148148148145,1.0,1.0,74.0,74.0
8135,0.11519602073316393,30.00113395351155,0.0,1.0,1.0,0.0,0.0
8136,0.08936822000170265,50.00397761985228,0.0,1.0,1.0,0.0,0.0
8138,0.008319714602975063,50.00162365727918,0.0,1.0,1.0,0.0,0.0
8139,0.008319714602975063,50.00162365727918,0.0,1.0,1.0,0.0,0.0
8140,0.10158152655006655,47.608043485192795,0.02293958333333333,0.9314673823770104,0.9519264488015412,1287.0,1287.0
8142,0.0031477390554100182,50.1409761038764,0.0,1.0,1.0,0.0,0.0
8144,0.030256108063618663,28.364347012316056,0.011281250000000001,0.9290567218997348,0.9452889342515547,513.0,513.0
8146,0.02812199355724457,50.0193561294864,6.594907407407404E-4,1.0,1.0,37.0,37.0
8147,0.02812199355724457,50.0193561294864,0.0,1.0,1.0,0.0,0.0
8148,0.1462052928477461,50.003710265237125,0.0,1.0,1.0,0.0,0.0
8149,0.1462052928477461,50.003710265237125,0.0,1.0,1.0,0.0,0.0
8150,0.034318542700837264,50.018928632799245,0.0,1.0,1.0,0.0,0.0
8151,0.034318542700837264,50.018928632799245,0.0,1.0,1.0,0.0,0.0
8152,0.07027062545956263,50.00479376446441,0.0,1.0,1.0,0.0,0.0
8153,0.07027062545956263,50.00479376446441,0.0,1.0,1.0,0.0,0.0
8154,0.20605281103332893,49.89219419084725,1.247685185185186E-4,0.9977261765515619,0.9977261765515619,7.0,7.0
8155,0.20605281103332893,49.85423384989727,8.912037037037043E-4,0.9969682354020825,0.9969682354020825,50.0,50.0
8156,0.17088762719218412,29.915865326261965,0.0010995370370370362,0.9971714304224661,0.9971714304224661,50.0,50.0
8157,0.17088762719218412,29.95830957456819,1.3194444444444438E-4,0.9985857152112331,0.9985857152112331,6.0,6.0
8158,0.07027062545956263,50.00479376446441,1.7824074074074075E-5,1.0,1.0,1.0,1.0
8159,0.07027062545956263,50.00479376446441,0.0,1.0,1.0,0.0,0.0
8160,0.014818140103427944,49.068755776825014,0.0012833333333333332,0.9805605434884752,0.9805605434884752,72.0,72.0
8161,0.014818140103427944,50.042499411201305,0.0,1.0,1.0,0.0,0.0
8162,0.0168162488133576,50.03181465131187,0.0,1.0,1.0,0.0,0.0
8163,0.0168162488133576,49.20083413981343,8.733796296296294E-4,0.9834069019794579,0.9834069019794579,49.0,49.0
8164,0.0028103331211689,46.33700319404249,0.00834166666666667,0.9000183123806575,0.9251968155824799,468.0,468.0
8166,0.07206027552355598,50.003275228373475,0.0,1.0,1.0,0.0,0.0
8167,0.07206027552355598,50.003275228373475,0.0,1.0,1.0,0.0,0.0
8168,0.07206027552355598,49.691760797787644,8.912037037037043E-4,0.9937724407452614,0.9937724407452614,50.0,50.0
8169,0.07206027552355598,50.003275228373475,0.0,1.0,1.0,0.0,0.0
8170,0.15434986093540057,50.000854797754165,0.0,1.0,1.0,0.0,0.0
8171,0.15434986093540057,50.000854797754165,0.0,1.0,1.0,0.0,0.0
8172,0.1276941389237742,50.005319278319064,0.0,1.0,1.0,0.0,0.0
8173,0.1276941389237742,50.005319278319064,0.0,1.0,1.0,0.0,0.0
8174,0.1276941389237742,50.005319278319064,0.0,1.0,1.0,0.0,0.0
8175,0.1276941389237742,50.005319278319064,0.0,1.0,1.0,0.0,0.0
8176,0.15434986093540057,49.885358031593725,4.812499999999999E-4,0.9976905989253876,0.9976905989253876,27.0,27.0
8177,0.15434986093540057,50.000854797754165,0.0,1.0,1.0,0.0,0.0
8178,0.03734071990936666,50.00989273575892,0.0,1.0,1.0,0.0,0.0
8179,0.03734071990936666,50.00989273575892,0.0,1.0,1.0,0.0,0.0
8180,0.1664849264363859,50.003815715917675,5.3472222222222244E-5,1.0,1.0,3.0,3.0
8181,0.1664849264363859,50.003815715917675,0.0,1.0,1.0,0.0,0.0
8182,0.22288274086454582,50.00173659328005,0.0,1.0,1.0,0.0,0.0
8183,0.22288274086454582,50.00173659328005,0.0,1.0,1.0,0.0,0.0
8184,0.024928657692942585,50.02406226008546,0.0,1.0,1.0,0.0,0.0
8186,0.035752807673222704,50.00392681569609,0.0,1.0,1.0,0.0,0.0
8187,0.035752807673222704,50.00392681569609,0.0,1.0,1.0,0.0,0.0
8188,0.04603094415335883,49.31299608228947,0.0019071759259259267,0.9792288298071686,0.9861939952984471,107.0,107.0
8189,0.04603094415335883,50.003439635513516,4.2777777777777795E-4,1.0,1.0,24.0,24.0
8190,0.05984957872709352,50.00196876712385,0.0,1.0,1.0,0.0,0.0
8191,0.05984957872709352,50.00196876712385,0.0,1.0,1.0,0.0,0.0
8192,0.08746904405576811,50.006123328690684,0.0,1.0,1.0,0.0,0.0
8193,0.08746904405576811,50.006123328690684,0.0,1.0,1.0,0.0,0.0
8194,0.05984957872709352,50.00196876712385,0.0013546296296296303,1.0,1.0,76.0,76.0
8195,0.05984957872709352,50.00196876712385,0.0,1.0,1.0,0.0,0.0
8196,0.07157716516776758,50.00539386841904,0.0,1.0,1.0,0.0,0.0
8197,0.07157716516776758,50.00539386841904,0.0,1.0,1.0,0.0,0.0
8198,0.01841457558507055,50.03205441981433,0.0,1.0,1.0,0.0,0.0
8199,0.01841457558507055,50.03205441981433,0.0,1.0,1.0,0.0,0.0
8200,0.2195949551149775,50.00264632599108,0.0,1.0,1.0,0.0,0.0
8201,0.2195949551149775,50.00264632599108,0.0,1.0,1.0,0.0,0.0
8202,0.06484338347379394,50.00775075099789,0.0,1.0,1.0,0.0,0.0
8203,0.06484338347379394,50.00775075099789,0.0,1.0,1.0,0.0,0.0
8204,0.0440207523906275,49.57491698008396,3.030092592592594E-4,0.991348897626304,0.991348897626304,17.0,17.0
8205,0.0440207523906275,49.78138948164703,7.664351851851849E-4,0.9954750989189702,0.9954750989189702,43.0,43.0
8206,0.09323198479193698,50.00523618161102,0.0,1.0,1.0,0.0,0.0
8207,0.09323198479193698,50.00523618161102,0.0,1.0,1.0,0.0,0.0
8208,0.06484338347379394,50.00775075099789,0.0,1.0,1.0,0.0,0.0
8209,0.06484338347379394,50.00775075099789,6.951388888888888E-4,1.0,1.0,39.0,39.0
8210,0.03697309577736328,50.00118136683239,0.0,1.0,1.0,0.0,0.0
8211,0.03697309577736328,50.00118136683239,0.0,1.0,1.0,0.0,0.0
8212,0.01841457558507055,49.32299829464658,0.001960648148148148,0.9858455895131569,0.9858455895131569,110.0,110.0
8213,0.01841457558507055,50.03205441981433,0.0,1.0,1.0,0.0,0.0
8214,0.09323198479193698,50.00523618161102,0.0,1.0,1.0,0.0,0.0
8215,0.09323198479193698,49.91738152387536,0.0013724537037037047,0.9982472703299627,0.9982472703299627,77.0,77.0
8216,0.03697309577736328,50.00118136683239,0.0,1.0,1.0,0.0,0.0
8217,0.03697309577736328,50.00118136683239,5.881944444444444E-4,1.0,1.0,33.0,33.0
8218,0.016061560702136927,50.018701148523306,0.0,1.0,1.0,0.0,0.0
8219,0.016061560702136927,50.018701148523306,0.0,1.0,1.0,0.0,0.0
8220,0.09939676653945946,49.56573352189981,6.773148148148152E-4,0.9830123674059574,0.9912387120968322,38.0,38.0
8221,0.09939676653945946,50.00396304388682,0.0,1.0,1.0,0.0,0.0
8222,0.03581209139931378,50.00912685707122,0.0,1.0,1.0,0.0,0.0
8223,0.03581209139931378,50.00912685707122,0.0,1.0,1.0,0.0,0.0
8224,0.016061560702136927,49.13920565332844,6.773148148148152E-4,0.9824256743865387,0.9824256743865387,38.0,38.0
8225,0.016061560702136927,50.018701148523306,0.0,1.0,1.0,0.0,0.0
8226,0.041896609918085366,50.009216082595266,0.0,1.0,1.0,0.0,0.0
8227,0.041896609918085366,50.009216082595266,0.0,1.0,1.0,0.0,0.0
8228,0.020026221087933203,50.03080910240078,0.0,1.0,1.0,0.0,0.0
8229,0.020026221087933203,50.03080910240078,0.0,1.0,1.0,0.0,0.0
8230,0.042602350605047995,50.00601962118447,0.0,1.0,1.0,0.0,0.0
8231,0.042602350605047995,50.00601962118447,0.0,1.0,1.0,0.0,0.0
8232,0.020026221087933203,50.03080910240078,0.0,1.0,1.0,0.0,0.0
8233,0.020026221087933203,50.03080910240078,0.0,1.0,1.0,0.0,0.0
8234,0.03581209139931378,50.00912685707122,0.0,1.0,1.0,0.0,0.0
8235,0.03581209139931378,50.00912685707122,0.0,1.0,1.0,0.0,0.0
8236,0.015173878116776392,50.023774011350746,0.0,1.0,1.0,0.0,0.0
8237,0.015173878116776392,50.023774011350746,0.0,1.0,1.0,0.0,0.0
8238,0.041896609918085366,49.496621617748666,6.773148148148152E-4,0.9897557907718973,0.9897557907718973,38.0,38.0
8239,0.041896609918085366,50.009216082595266,0.0,1.0,1.0,0.0,0.0
8240,0.020137829734806694,50.03187511753216,0.0,1.0,1.0,0.0,0.0
8241,0.020137829734806694,50.03187511753216,0.0,1.0,1.0,0.0,0.0
8242,0.042602350605047995,50.00601962118447,0.0,1.0,1.0,0.0,0.0
8243,0.042602350605047995,50.00601962118447,0.0,1.0,1.0,0.0,0.0
8244,0.020137829734806694,50.03187511753216,1.247685185185186E-4,1.0,1.0,7.0,7.0
8245,0.020137829734806694,50.03187511753216,0.0,1.0,1.0,0.0,0.0
8246,0.03512153879984626,50.01484955674309,0.0,1.0,1.0,0.0,0.0
8247,0.03512153879984626,50.01484955674309,0.0,1.0,1.0,0.0,0.0
8248,0.015173878116776392,49.07749095296936,5.525462962962965E-4,0.9810941505084979,0.9810941505084979,31.0,31.0
8249,0.015173878116776392,50.023774011350746,0.0,1.0,1.0,0.0,0.0
8250,0.09844304855407228,49.887450800894975,2.6736111111111107E-4,0.9976247382705552,0.9976247382705552,15.0,15.0
8251,0.09844304855407228,49.768555504053225,5.525462962962965E-4,0.9952494765411104,0.9952494765411104,31.0,31.0
8252,0.035121538799846246,50.01484955674308,0.0,1.0,1.0,0.0,0.0
8253,0.035121538799846246,50.01484955674308,2.6736111111111107E-4,1.0,1.0,15.0,15.0
8254,0.10854510987448385,50.001586122602916,0.0,1.0,1.0,0.0,0.0
8255,0.10854510987448385,48.508185491048295,0.004776851851851853,0.9612833272844358,0.9701333091377433,268.0,268.0
8256,0.03505463580779041,48.40867355508246,0.00573935185185185,0.9607046964775984,0.9678187859103934,322.0,322.0
8258,0.016934721214013924,49.192945948081295,0.0019249999999999996,0.9836231269734165,0.9836231269734165,108.0,108.0
8259,0.016934721214013924,50.012302190689184,0.0,1.0,1.0,0.0,0.0
8260,0.05968185517192268,50.00108881054729,0.0,1.0,1.0,0.0,0.0
8261,0.05968185517192268,50.00108881054729,0.0,1.0,1.0,0.0,0.0
8262,0.08746904405576811,49.901497421845235,3.386574074074076E-4,0.9979100332500456,0.9979100332500456,19.0,19.0
8263,0.08746904405576811,49.79687151499979,0.0011942129629629633,0.9958200665000911,0.9958200665000911,67.0,67.0
8264,0.05968185517192268,50.00108881054729,4.634259259259258E-4,1.0,1.0,26.0,26.0
8265,0.05968185517192268,50.00108881054729,0.0,1.0,1.0,0.0,0.0
8266,0.022050341150295936,49.48170541565995,0.0011229166666666666,0.9892610563234715,0.9892610563234715,63.0,63.0
8268,0.008205028094689773,50.06457820488675,4.099537037037036E-4,1.0,1.0,23.0,23.0
8270,0.022325298200894367,48.27185760413969,0.0011229166666666666,0.945119800683797,0.9651885404600763,63.0,63.0
8272,0.013649242403656546,50.0379558586187,0.0,1.0,1.0,0.0,0.0
8274,0.01544772766810247,49.02228302289599,0.0027092592592592606,0.9747647847700261,0.9802419352489237,152.0,152.0
8276,0.04219350916972472,47.922474265608585,0.030158333333333343,0.9411071367110662,0.958164778777502,1692.0,1692.0
8278,0.0270860955821157,49.953010890863375,0.002495370370370371,0.9989624767065068,0.9989624767065068,140.0,140.0
8280,0.04805137553087273,47.72220356968943,0.030390046296296314,0.9388331042124578,0.9539885624235491,1705.0,1705.0
8281,0.04805137553087273,50.02456677592302,2.317129629629629E-4,1.0,1.0,13.0,13.0
8282,0.03565612941357526,49.779158351195164,2.6736111111111107E-4,0.9954920970601815,0.9954920970601815,15.0,15.0
8284,0.21095863487315897,50.000071469048144,0.0,1.0,1.0,0.0,0.0
8285,0.21095863487315897,50.000071469048144,0.0,1.0,1.0,0.0,0.0
8286,0.009792916006919247,50.00637960980042,0.0,1.0,1.0,0.0,0.0
8288,0.23291337323997674,50.00227465346272,0.0,1.0,1.0,0.0,0.0
8289,0.23291337323997674,50.00227465346272,0.0,1.0,1.0,0.0,0.0
8290,0.04003241909188746,50.00579761651453,0.0,1.0,1.0,0.0,0.0
8291,0.04003241909188746,50.00579761651453,0.0,1.0,1.0,0.0,0.0
8292,0.1581412201464761,50.00073709180696,3.564814814814813E-4,1.0,1.0,20.0,20.0
8293,0.1581412201464761,50.00073709180696,0.0,1.0,1.0,0.0,0.0
8294,0.023251890990033365,49.919163907074996,3.564814814814815E-5,0.9983027924545959,0.9983027924545959,2.0,2.0
8296,0.0609788056606132,50.00539871940946,0.0,1.0,1.0,0.0,0.0
8297,0.0609788056606132,50.00539871940946,0.0,1.0,1.0,0.0,0.0
8298,0.050167694527718035,50.0010244462306,0.0,1.0,1.0,0.0,0.0
8299,0.050167694527718035,49.78623793153243,0.0013902777777777776,0.9957051234112289,0.9957051234112289,78.0,78.0
8300,0.00959677243769602,49.42337805413451,0.001461574074074075,0.9871236506464214,0.9871236506464214,82.0,82.0
8301,0.00959677243769602,50.07011706624011,0.0,1.0,1.0,0.0,0.0
8302,0.18386056595566225,50.00362902775433,0.0,1.0,1.0,0.0,0.0
8304,0.12238759755213957,30.001045294001255,0.0,1.0,1.0,0.0,0.0
8305,0.12238759755213957,30.001045294001255,0.0,1.0,1.0,0.0,0.0
8306,0.05199371223894554,50.00731072941596,0.0,1.0,1.0,0.0,0.0
8308,0.031231372443816373,49.492278111143875,0.0011229166666666664,0.9895647057771497,0.9895647057771497,63.0,63.0
8309,0.031231372443816373,49.884059562618795,1.6041666666666664E-4,0.9973911764442874,0.9973911764442874,9.0,9.0
8310,0.12731677913801362,49.960966797959294,5.168981481481481E-4,0.9991320917686843,0.9991320917686843,29.0,29.0
8311,0.12731677913801362,49.830642809276945,4.812499999999999E-4,0.9965283670747375,0.9965283670747375,27.0,27.0
8312,0.08059533240649219,50.00744513329402,0.0,1.0,1.0,0.0,0.0
8313,0.08059533240649219,50.00744513329402,0.0,1.0,1.0,0.0,0.0
8314,0.08059533240649219,50.00744513329402,2.1388888888888898E-4,1.0,1.0,12.0,12.0
8315,0.08059533240649219,50.00744513329402,0.0,1.0,1.0,0.0,0.0
8316,0.035942734229626315,49.708243137756675,0.0013724537037037047,0.9938400353446649,0.9938400353446649,77.0,77.0
8317,0.035942734229626315,50.016947517067926,0.0,1.0,1.0,0.0,0.0
8318,0.05523998945053047,50.00351069195618,1.6041666666666664E-4,1.0,1.0,9.0,9.0
8319,0.05523998945053047,49.99153068418623,0.0011229166666666664,0.9997633254212311,0.9997633254212311,63.0,63.0
8320,0.036053019108779914,50.015749052642654,0.0,1.0,1.0,0.0,0.0
8321,0.036053019108779914,50.015749052642654,0.0,1.0,1.0,0.0,0.0
8322,0.036053019108779914,50.015749052642654,0.0,1.0,1.0,0.0,0.0
8323,0.036053019108779914,50.015749052642654,0.0,1.0,1.0,0.0,0.0
8324,0.0773736468801475,50.008102112842195,0.0,1.0,1.0,0.0,0.0
8325,0.0773736468801475,50.008102112842195,0.0,1.0,1.0,0.0,0.0
8326,0.04651929730470946,50.005813764393565,0.0,1.0,1.0,0.0,0.0
8327,0.04651929730470946,50.005813764393565,7.12962962962963E-5,1.0,1.0,4.0,4.0
8328,0.05200639237560934,50.00614651500897,0.0,1.0,1.0,0.0,0.0
8329,0.05200639237560934,50.00614651500897,0.0,1.0,1.0,0.0,0.0
8330,0.0773736468801475,50.008102112842195,1.7824074074074064E-4,1.0,1.0,10.0,10.0
8331,0.0773736468801475,50.008102112842195,0.0,1.0,1.0,0.0,0.0
8332,0.012670799428182807,49.84561832274556,5.525462962962965E-4,0.9965962917665878,0.9965962917665878,31.0,31.0
8333,0.012670799428182807,50.01631353230056,0.0,1.0,1.0,0.0,0.0
8334,0.0999490767397515,50.002317435117476,0.0,1.0,1.0,0.0,0.0
8335,0.0999490767397515,50.002317435117476,0.0,1.0,1.0,0.0,0.0
8336,0.05200639237560934,50.00614651500897,0.0,1.0,1.0,0.0,0.0
8337,0.05200639237560934,49.90613422197895,2.495370370370372E-4,0.9980035957112803,0.9980035957112803,14.0,14.0
8338,0.24530870226756973,50.00064138621057,0.0,1.0,1.0,0.0,0.0
8339,0.24530870226756973,50.00064138621057,0.0,1.0,1.0,0.0,0.0
8340,0.24530870226756973,50.00064138621057,0.0,1.0,1.0,0.0,0.0
8341,0.24530870226756973,50.00064138621057,0.0,1.0,1.0,0.0,0.0
8342,0.0999490767397515,50.002317435117476,2.317129629629629E-4,1.0,1.0,13.0,13.0
8343,0.0999490767397515,50.002317435117476,0.0,1.0,1.0,0.0,0.0
8344,0.11556908215849813,50.00585285704246,0.0,1.0,1.0,0.0,0.0
8345,0.11556908215849813,50.00585285704246,0.0,1.0,1.0,0.0,0.0
8346,0.14810760138886458,49.939673942595306,3.030092592592594E-4,0.9987263155302964,0.9987263155302964,17.0,17.0
8347,0.14810760138886458,50.00350417330137,0.0,1.0,1.0,0.0,0.0
8348,0.132735617029871,50.00504618119879,0.0,1.0,1.0,0.0,0.0
8349,0.132735617029871,49.93566417962238,2.1388888888888898E-4,0.998615513831721,0.998615513831721,12.0,12.0
8350,0.11556908215849813,50.00585285704246,1.7824074074074075E-5,1.0,1.0,1.0,1.0
8351,0.11556908215849813,50.00585285704246,0.0,1.0,1.0,0.0,0.0
8352,0.03252173526030519,50.01206618415151,1.6041666666666664E-4,1.0,1.0,9.0,9.0
8353,0.03252173526030519,50.01206618415151,0.0,1.0,1.0,0.0,0.0
8354,0.029394582049657433,48.43608218127,0.004028240740740742,0.9585834878782727,0.9685380149758477,226.0,226.0
8356,0.05303373700651308,50.005618968948944,0.0,1.0,1.0,0.0,0.0
8358,0.031421761399433354,50.008108328010636,8.912037037037032E-5,1.0,1.0,5.0,5.0
8359,0.031421761399433354,50.008108328010636,0.0,1.0,1.0,0.0,0.0
8360,0.035176827822183836,50.01444714054574,0.0,1.0,1.0,0.0,0.0
8361,0.035176827822183836,50.01444714054574,0.0,1.0,1.0,0.0,0.0
8362,0.03790546776482173,50.0035485354922,0.0,1.0,1.0,0.0,0.0
8363,0.03790546776482173,50.0035485354922,0.0,1.0,1.0,0.0,0.0
8364,0.05597350916925938,49.32615429475151,0.0015863425925925923,0.9794591218218088,0.9865010513179673,89.0,89.0
8365,0.05597350916925938,50.00114963010763,0.0,1.0,1.0,0.0,0.0
8366,0.03790546776482173,50.0035485354922,4.2777777777777795E-4,1.0,1.0,24.0,24.0
8367,0.03790546776482173,50.0035485354922,0.0,1.0,1.0,0.0,0.0
8368,0.06615508353562681,50.001742752100895,0.0,1.0,1.0,0.0,0.0
8369,0.06615508353562681,50.001742752100895,0.0,1.0,1.0,0.0,0.0
8370,0.05572342809318017,50.001082037748915,0.0,1.0,1.0,0.0,0.0
8371,0.05572342809318017,50.001082037748915,0.0,1.0,1.0,0.0,0.0
8372,0.0479137494009259,50.01145196965302,0.0,1.0,1.0,0.0,0.0
8373,0.0479137494009259,50.01145196965302,0.0,1.0,1.0,0.0,0.0
8374,0.0479137494009259,50.01145196965302,0.001461574074074075,1.0,1.0,82.0,82.0
8375,0.0479137494009259,50.01145196965302,0.0,1.0,1.0,0.0,0.0
8376,0.05572342809318017,50.001082037748915,0.0,1.0,1.0,0.0,0.0
8377,0.05572342809318017,49.58940646230478,0.0015328703703703698,0.9917673901892414,0.9917673901892414,86.0,86.0
8378,0.05491970284296637,49.97431932590891,0.0024597222222222212,0.9994334031684866,0.9994334031684866,138.0,138.0
8379,0.05491970284296637,50.002764348679555,0.0,1.0,1.0,0.0,0.0
8380,0.04877766408700631,50.01412438428445,0.0,1.0,1.0,0.0,0.0
8381,0.04877766408700631,50.01412438428445,0.0,1.0,1.0,0.0,0.0
8382,0.04877766408700631,50.01412438428445,9.268518518518516E-4,1.0,1.0,52.0,52.0
8383,0.04877766408700631,50.01412438428445,0.0,1.0,1.0,0.0,0.0
8384,0.01081307551516081,49.56716667276143,0.0022993055555555566,0.99067639616376,0.99067639616376,129.0,129.0
8386,0.15668341161087082,50.00091142621532,0.0,1.0,1.0,0.0,0.0
8387,0.15668341161087082,50.00091142621532,0.0,1.0,1.0,0.0,0.0
8388,0.029108385811645435,50.019183256288095,0.0,1.0,1.0,0.0,0.0
8389,0.029108385811645435,50.019183256288095,1.7824074074074075E-5,1.0,1.0,1.0,1.0
8390,0.15668341161087082,50.00091142621532,0.0,1.0,1.0,0.0,0.0
8391,0.15668341161087082,50.00091142621532,0.0,1.0,1.0,0.0,0.0
8392,0.09462590722323065,50.00047937819321,0.0,1.0,1.0,0.0,0.0
8393,0.09462590722323065,50.00047937819321,0.0,1.0,1.0,0.0,0.0
8394,0.03479512124872906,49.661180536733966,0.0038678240740740756,0.9931284545820624,0.9931284545820624,217.0,217.0
8396,0.09462590722323065,50.00047937819321,0.0,1.0,1.0,0.0,0.0
8397,0.09462590722323065,49.986565554318624,1.7824074074074075E-5,0.9997218233929652,0.9997218233929652,1.0,1.0
8398,0.18089497302220225,50.00168173218122,0.0,1.0,1.0,0.0,0.0
8399,0.18089497302220225,49.81840366482879,0.001960648148148148,0.9963361904573069,0.9963361904573069,110.0,110.0
8400,0.04649188488240329,49.58102719982955,0.001960648148148148,0.9915028087439197,0.9915028087439197,110.0,110.0
8402,0.0513539123180924,49.83901018494875,0.0012833333333333332,0.9966553412118119,0.9966553412118119,72.0,72.0
8404,0.2214322030971239,50.00350841485673,0.0,1.0,1.0,0.0,0.0
8405,0.2214322030971239,50.00350841485673,5.168981481481481E-4,1.0,1.0,29.0,29.0
8406,0.006127109129934447,48.852233032242644,0.005382870370370371,0.9583333333333334,0.9767146607231367,302.0,302.0
8408,0.011435230752248653,50.020450435109545,0.0,1.0,1.0,0.0,0.0
8409,0.011435230752248653,50.020450435109545,0.0,1.0,1.0,0.0,0.0
8410,0.0328164735542145,50.016640472130476,0.0,1.0,1.0,0.0,0.0
8411,0.0328164735542145,50.016640472130476,0.0,1.0,1.0,0.0,0.0
8412,0.011435230752248653,49.64149911737227,0.005382870370370371,0.9924380156745124,0.9924380156745124,302.0,302.0
8413,0.011435230752248653,50.020450435109545,0.0,1.0,1.0,0.0,0.0
8414,0.07086735636849134,50.004406688861,0.0,1.0,1.0,0.0,0.0
8415,0.07086735636849134,50.004406688861,0.0,1.0,1.0,0.0,0.0
8416,0.009685842421794736,50.027306626199504,0.0,1.0,1.0,0.0,0.0
8417,0.009685842421794736,50.027306626199504,0.0,1.0,1.0,0.0,0.0
8418,0.032322337156131406,50.00447518782684,0.0,1.0,1.0,0.0,0.0
8419,0.032322337156131406,50.00447518782684,0.0,1.0,1.0,0.0,0.0
8420,0.07036569837654469,50.00325980172934,0.0,1.0,1.0,0.0,0.0
8421,0.07036569837654469,50.00325980172934,0.0,1.0,1.0,0.0,0.0
8422,0.009685842421794736,49.395711880043734,4.812499999999999E-4,0.9873908605987175,0.9873908605987175,27.0,27.0
8423,0.009685842421794736,50.027306626199504,0.0,1.0,1.0,0.0,0.0
8424,0.0687194026096448,20.00079629676783,1.3599537037037033E-4,1.0,1.0,5.0,5.0
8426,0.07157716516776758,49.78479715692659,2.317129629629629E-4,0.9955914369379129,0.9955914369379129,13.0,13.0
8427,0.07157716516776758,49.70637112675706,0.004901620370370373,0.9940240400571096,0.9940240400571096,275.0,275.0
8428,0.032442912865635276,50.0190519555833,0.0,1.0,1.0,0.0,0.0
8429,0.032442912865635276,49.788061194816194,2.317129629629629E-4,0.9953881230994843,0.9953881230994843,13.0,13.0
8430,0.07086735636849134,49.69257365270408,0.004901620370370373,0.993767011517579,0.993767011517579,275.0,275.0
8431,0.07086735636849134,50.004406688861,0.0,1.0,1.0,0.0,0.0
8432,0.0328164735542145,49.57343746350243,4.812499999999999E-4,0.9911498068875478,0.9911498068875478,27.0,27.0
8433,0.0328164735542145,50.016640472130476,0.0,1.0,1.0,0.0,0.0
8434,0.032322337156131406,50.00447518782684,0.0,1.0,1.0,0.0,0.0
8435,0.032322337156131406,50.00447518782684,0.0,1.0,1.0,0.0,0.0
8436,0.07036569837654469,50.00325980172934,0.0,1.0,1.0,0.0,0.0
8437,0.07036569837654469,49.678933102737574,4.812499999999999E-4,0.9935161825216057,0.9935161825216057,27.0,27.0
8438,0.0670663901640049,30.003604397964164,0.0,1.0,1.0,0.0,0.0
8440,0.15338747299565358,49.6290303349238,0.0012655092592592598,0.9839597017335255,0.9925018245335897,71.0,71.0
8442,0.08150205727622802,28.788670454729658,0.015371527777777774,0.9381326750851848,0.9595986835037031,699.0,699.0
8444,0.0672462324350609,30.00203702642449,0.0,1.0,1.0,0.0,0.0
8445,0.0672462324350609,30.00203702642449,0.001605324074074074,1.0,1.0,73.0,73.0
8446,0.07753214470896266,30.00276480192041,0.0,1.0,1.0,0.0,0.0
8447,0.07753214470896266,30.00276480192041,0.0,1.0,1.0,0.0,0.0
8448,0.3547471553661769,49.07781271257143,0.004687731481481484,0.9756093140994943,0.9814903581192068,263.0,263.0
8450,0.026434645310958852,50.00773679424692,0.0,1.0,1.0,0.0,0.0
8451,0.026434645310958852,50.00773679424692,0.0,1.0,1.0,0.0,0.0
8452,0.05275236159114981,50.00223847502351,0.0,1.0,1.0,0.0,0.0
8453,0.05275236159114981,50.00223847502351,0.0,1.0,1.0,0.0,0.0
8454,0.07169760756196845,49.185793327527435,0.0024418981481481475,0.9769752506635727,0.9836740450141261,137.0,137.0
8455,0.07169760756196845,50.002205971151966,0.0,1.0,1.0,0.0,0.0
8456,0.018239227166050098,48.3225204900142,0.005365046296296298,0.9576393918023303,0.966288436647515,301.0,301.0
8457,0.018239227166050098,48.87876956124206,0.0013724537037037047,0.967871595777947,0.9774098582225608,77.0,77.0
8458,0.12321378327210862,47.970808414908895,0.007076157407407406,0.9430875629391394,0.9593742386035085,397.0,397.0
8459,0.12321378327210862,49.1856231994102,0.004901620370370373,0.9772990212049866,0.9836705342935347,275.0,275.0
8460,0.28960118250772676,49.09148495254203,0.0034935185185185178,0.9759113057137966,0.9817706298406177,196.0,196.0
8461,0.28960118250772676,50.003081871837715,0.0,1.0,1.0,0.0,0.0
8462,0.1357657672961823,49.35385411486187,0.0018715277777777786,0.9726985781424851,0.9870638229516367,105.0,105.0
8463,0.1357657672961823,49.95381614338943,0.0018358796296296298,0.999063063522188,0.999063063522188,103.0,103.0
8464,0.08549067422314942,50.00266892011988,0.0,1.0,1.0,0.0,0.0
8465,0.08549067422314942,49.74727517063856,0.0010516203703703707,0.9948943491104734,0.9948943491104734,59.0,59.0
8466,0.049796405154596164,49.78859191110956,0.0011229166666666664,0.9956806371992805,0.9956806371992805,63.0,63.0
8467,0.049796405154596164,50.00475831423883,0.0,1.0,1.0,0.0,0.0
8468,0.11208790885087176,50.00204112306547,0.0,1.0,1.0,0.0,0.0
8469,0.11208790885087176,50.00204112306547,0.0,1.0,1.0,0.0,0.0
8470,0.22311303965205048,50.000432192939606,0.0,1.0,1.0,0.0,0.0
8471,0.22311303965205048,50.000432192939606,5.347222222222221E-4,1.0,1.0,30.0,30.0
8472,0.04109295812560837,50.01171374313392,0.0,1.0,1.0,0.0,0.0
8473,0.04109295812560837,50.01171374313392,0.0,1.0,1.0,0.0,0.0
8474,0.11208790885087176,50.00204112306547,0.0,1.0,1.0,0.0,0.0
8475,0.11208790885087176,50.00204112306547,0.0,1.0,1.0,0.0,0.0
8476,0.02863438525644798,50.01639346104451,0.0,1.0,1.0,0.0,0.0
8477,0.02863438525644798,50.01639346104451,0.0,1.0,1.0,0.0,0.0
8478,0.035233768141386214,50.01639010606876,1.7824074074074075E-5,1.0,1.0,1.0,1.0
8480,0.011814694347322647,49.9605199937151,1.6041666666666664E-4,0.9984443540938254,0.9984443540938254,9.0,9.0
8482,0.008965610631254556,50.04061747676962,0.0,1.0,1.0,0.0,0.0
8484,0.2812103901478839,30.00021942605963,0.0,1.0,1.0,0.0,0.0
8485,0.2812103901478839,30.00021942605963,0.0,1.0,1.0,0.0,0.0
8486,0.03847761674010741,49.84726630753627,0.002317129629629631,0.9968109500734408,0.9968109500734408,130.0,130.0
8488,0.053974264324460466,49.94251456203566,0.0017467592592592589,0.9988140315766787,0.9988140315766787,98.0,98.0
8490,0.019772835501857582,50.022633736252494,0.0,1.0,1.0,0.0,0.0
8492,0.016003422724132937,48.906293142630226,0.008145601851851855,0.9779230842744159,0.9779230842744159,457.0,457.0
8494,0.014012027015785572,50.042953627805616,0.0,1.0,1.0,0.0,0.0
8496,0.061324620465094834,50.00422053778967,0.0,1.0,1.0,0.0,0.0
8498,0.04507670267459001,50.00805227381326,0.0,1.0,1.0,0.0,0.0
8500,0.05666547331640099,30.003780546998613,0.0,1.0,1.0,0.0,0.0
8501,0.05666547331640099,30.003780546998613,0.0,1.0,1.0,0.0,0.0
8502,0.047881872374531204,49.50140205899451,0.0019249999999999996,0.9820011888825997,0.9898904740656884,108.0,108.0
8504,0.027333293784839136,30.009105710710855,0.0,1.0,1.0,0.0,0.0
8505,0.027333293784839136,30.009105710710855,0.0,1.0,1.0,0.0,0.0
8506,0.03208503390244633,50.0026502375787,0.0,1.0,1.0,0.0,0.0
8508,0.05427522778173169,50.02325141173428,0.0,1.0,1.0,0.0,0.0
8510,0.028039373601416784,50.02068630579804,0.0,1.0,1.0,0.0,0.0
8512,0.4145809981779038,50.003068662572154,2.495370370370372E-4,1.0,1.0,14.0,14.0
8514,0.09966736840830705,49.78576720011106,8.199074074074072E-4,0.9957085964864485,0.9957085964864485,46.0,46.0
8515,0.09966736840830705,49.78576720011106,0.0011585648148148154,0.9957085964864485,0.9957085964864485,65.0,65.0
8516,0.34097545125158385,49.85523975613227,0.001604166666666667,0.9970958182894912,0.9970958182894912,90.0,90.0
8517,0.34097545125158385,50.00047350328725,0.0,1.0,1.0,0.0,0.0
8518,0.1910122328703281,50.00320232207541,0.0,1.0,1.0,0.0,0.0
8519,0.1910122328703281,50.00320232207541,7.664351851851849E-4,1.0,1.0,43.0,43.0
8520,0.35046852184768906,50.00145359852894,0.0,1.0,1.0,0.0,0.0
8521,0.35046852184768906,49.9246284484687,0.001925,0.9984650111639295,0.9984650111639295,108.0,108.0
8522,0.12238759755213957,30.001045294001255,0.0,1.0,1.0,0.0,0.0
8523,0.12238759755213957,30.001045294001255,0.0,1.0,1.0,0.0,0.0
8524,0.23960514959878426,49.914961630062656,0.0012476851851851854,0.9982675249331308,0.9982675249331308,70.0,70.0
8525,0.23960514959878426,49.84994211777008,0.009304166666666665,0.9969681686329788,0.9969681686329788,522.0,522.0
8526,0.07346838348814007,50.00684071796261,0.0,1.0,1.0,0.0,0.0
8527,0.07346838348814007,49.310414711349836,0.05725092592592591,0.9860871565130754,0.9860871565130754,3212.0,3212.0
8528,0.03230056443412371,46.79473814683556,0.010801388888888895,0.9214098277258167,0.935639310903267,606.0,606.0
8530,0.04619717262237883,50.00295292861208,0.0,1.0,1.0,0.0,0.0
8531,0.04619717262237883,50.00295292861208,0.0,1.0,1.0,0.0,0.0
8532,0.15988100996641258,50.001879582928105,1.7824074074074064E-4,1.0,1.0,10.0,10.0
8533,0.15988100996641258,50.001879582928105,0.0,1.0,1.0,0.0,0.0
8534,0.056802461638155416,50.00950401011482,7.12962962962963E-5,1.0,1.0,4.0,4.0
8535,0.056802461638155416,50.00950401011482,0.0,1.0,1.0,0.0,0.0
8536,0.010013426916435926,50.067134582179634,0.0,1.0,1.0,0.0,0.0
8538,0.014476011445382202,48.34636306390941,4.812499999999999E-4,0.9604190858574456,0.9666763434297825,27.0,27.0
8540,0.009343305757615475,45.27095605637353,0.08377314814814818,0.8793560364962196,0.904473076413205,4700.0,4700.0
8542,0.06252699107912574,49.80251917982629,8.912037037037032E-5,0.9958495279808087,0.9958495279808087,5.0,5.0
8544,0.015886394937389324,50.03588956658054,0.0,1.0,1.0,0.0,0.0
8545,0.015886394937389324,50.03588956658054,0.0,1.0,1.0,0.0,0.0
8546,0.03161056947779712,49.123006806246075,0.004865972222222223,0.9816337095778674,0.9816337095778674,273.0,273.0
8547,0.03161056947779712,50.04311790680282,0.0,1.0,1.0,0.0,0.0
8548,0.26252497932200974,50.0047579660971,0.0,1.0,1.0,0.0,0.0
8549,0.26252497932200974,50.0047579660971,0.0,1.0,1.0,0.0,0.0
8550,0.011772259262989472,49.716599759948636,0.0015506944444444444,0.9936501111223017,0.9936501111223017,87.0,87.0
8552,0.06091265461570804,50.00810869248551,0.0,1.0,1.0,0.0,0.0
8554,0.1569641637807652,50.00628226643847,0.0,1.0,1.0,0.0,0.0
8555,0.1569641637807652,50.00628226643847,0.0,1.0,1.0,0.0,0.0
8556,0.01144694631591808,50.010930506438214,0.0,1.0,1.0,0.0,0.0
8557,0.01144694631591808,50.010930506438214,0.0,1.0,1.0,0.0,0.0
8558,0.26252497932200974,49.88526901731753,0.0027449074074074094,0.9976141859961561,0.9976141859961561,154.0,154.0
8559,0.26252497932200974,50.0047579660971,0.0,1.0,1.0,0.0,0.0
8560,0.040820157393873395,50.00087329634032,1.960648148148149E-4,1.0,1.0,11.0,11.0
8561,0.040820157393873395,49.95163202060328,5.525462962962965E-4,0.9990159022322093,0.9990159022322093,31.0,31.0
8562,0.01144694631591808,49.60694190532666,9.80324074074074E-4,0.991929336733134,0.991929336733134,55.0,55.0
8563,0.01144694631591808,50.010930506438214,0.0,1.0,1.0,0.0,0.0
8564,0.025797729542110168,50.01175355497933,0.0,1.0,1.0,0.0,0.0
8565,0.025797729542110168,50.01175355497933,0.0,1.0,1.0,0.0,0.0
8566,0.1569641637807652,49.884739219263096,0.0017645833333333337,0.9975743742785246,0.9975743742785246,99.0,99.0
8567,0.1569641637807652,50.00628226643847,0.0,1.0,1.0,0.0,0.0
8568,0.011733140948974824,50.04657276813906,0.0,1.0,1.0,0.0,0.0
8569,0.011733140948974824,50.04657276813906,0.0,1.0,1.0,0.0,0.0
8570,0.3415332737297748,50.00080461273645,0.0,1.0,1.0,0.0,0.0
8571,0.3415332737297748,49.88782202539036,0.0015506944444444444,0.9977410187636919,0.9977410187636919,87.0,87.0
8572,0.03701216285127218,49.899731267503434,3.743055555555557E-4,0.9976727480923028,0.9976727480923028,21.0,21.0
8573,0.03701216285127218,49.783026249503926,1.960648148148149E-4,0.9953454961846055,0.9953454961846055,11.0,11.0
8574,0.011733140948974824,50.04657276813906,0.0,1.0,1.0,0.0,0.0
8575,0.011733140948974824,50.04657276813906,3.564814814814813E-4,1.0,1.0,20.0,20.0
8576,0.13492624843512951,49.94396343017084,8.377314814814818E-4,0.9988112078638722,0.9988112078638722,47.0,47.0
8577,0.13492624843512951,49.97375721263875,1.960648148148149E-4,0.9994056039319361,0.9994056039319361,11.0,11.0
8578,0.14004182724345138,47.06715663109982,0.025167592592592585,0.922812528795409,0.9412501151816361,1412.0,1412.0
8580,0.04358047919691592,50.012663407362865,0.0,1.0,1.0,0.0,0.0
8582,0.14615794338440774,50.006519310384704,0.0,1.0,1.0,0.0,0.0
8584,0.2543496658083334,47.57665312492343,0.02267222222222223,0.9311472995053327,0.951472859240359,1272.0,1272.0
8586,0.059690970201737845,50.02036609084177,1.960648148148149E-4,1.0,1.0,11.0,11.0
8588,0.036679764576647664,48.67450833039724,0.0021210648148148156,0.9620369587174513,0.9731478348698052,119.0,119.0
8590,0.15060992897792694,49.80775369844876,0.0011942129629629633,0.9959858155778151,0.9959858155778151,67.0,67.0
8592,0.06292820998245686,47.49261478239977,0.020551157407407403,0.9306354970867019,0.9496802925981416,1153.0,1153.0
8594,0.04348582429205103,49.56237777439474,4.634259259259258E-4,0.9909477015523716,0.9909477015523716,26.0,26.0
8596,0.24639216551833074,50.00066493043916,0.0,1.0,1.0,0.0,0.0
8598,0.04719822760500394,48.466285429652615,0.00475902777777778,0.9610622218746753,0.9692488874987013,267.0,267.0
8600,0.08674129744557615,50.00298972042821,7.12962962962963E-5,1.0,1.0,4.0,4.0
8602,0.07377716227685432,49.239271349969734,1.247685185185186E-4,0.9714731568779422,0.9846129804225512,7.0,7.0
8604,0.04276941485719543,50.00646102172898,0.0,1.0,1.0,0.0,0.0
8606,0.06794364641376822,50.00963547118496,0.0,1.0,1.0,0.0,0.0
8607,0.06794364641376822,50.00963547118496,0.0,1.0,1.0,0.0,0.0
8608,0.23291337323997674,50.00227465346272,0.0,1.0,1.0,0.0,0.0
8609,0.23291337323997674,50.00227465346272,0.0,1.0,1.0,0.0,0.0
8610,0.010562203189149003,44.86379228537701,0.025452777777777786,0.8804016647841397,0.8967182317054584,1428.0,1428.0
8612,0.025784035293902923,50.0121374235186,0.0,1.0,1.0,0.0,0.0
8613,0.025784035293902923,50.0121374235186,0.0,1.0,1.0,0.0,0.0
8614,0.008878732266148114,44.884648015143426,0.025452777777777786,0.88037205716423,0.8973206098068711,1428.0,1428.0
8615,0.008878732266148114,50.02102685153867,0.0,1.0,1.0,0.0,0.0
8616,0.1481717043636421,49.93511659982656,0.006149305555555556,0.9986697484671623,0.9986697484671623,345.0,345.0
8617,0.1481717043636421,50.00170001022794,0.0,1.0,1.0,0.0,0.0
8618,0.07238645830182773,30.001295174600486,5.497685185185181E-4,1.0,1.0,25.0,25.0
8619,0.07238645830182773,30.001295174600486,0.0,1.0,1.0,0.0,0.0
8620,0.07155265102857675,49.71283996986891,0.005222453703703702,0.9941096588476217,0.9941096588476217,293.0,293.0
8621,0.07155265102857675,49.196875345205214,0.03350925925925926,0.9838015618309597,0.9838015618309597,1880.0,1880.0
8622,0.07061906449086083,49.13088052336489,0.03361620370370371,0.9825178803416004,0.9825178803416004,1886.0,1886.0
8624,0.06015817994975082,48.86127668970485,0.01390277777777778,0.9649523924339378,0.9771432102313585,780.0,780.0
8625,0.06015817994975082,49.7954091007641,8.377314814814818E-4,0.9958211809773879,0.9958211809773879,47.0,47.0
8626,0.049319228375237695,49.72081540206071,8.912037037037043E-4,0.994153443268452,0.994153443268452,50.0,50.0
8627,0.049319228375237695,49.02156702237904,0.01376018518518519,0.9735468781468598,0.9801771415464481,772.0,772.0
8628,0.04586802844687438,50.007541613794,0.0,1.0,1.0,0.0,0.0
8629,0.04586802844687438,50.007541613794,0.0,1.0,1.0,0.0,0.0
8630,0.04586802844687438,50.007541613794,0.0,1.0,1.0,0.0,0.0
8631,0.04586802844687438,50.007541613794,0.0,1.0,1.0,0.0,0.0
8632,0.01643764069560138,44.75720290606069,0.027003472222222234,0.8799245312718231,0.8947622511238165,1515.0,1515.0
8634,0.01365800224736548,30.017587356847205,0.0,1.0,1.0,0.0,0.0
8636,0.021123976720946305,48.518244089462954,0.0013724537037037047,0.9611952127041193,0.9697808508164771,77.0,77.0
8638,0.030262382113048564,44.75598671216245,0.025631018518518525,0.8797647368678188,0.8947573101354227,1438.0,1438.0
8640,0.02887135050032597,30.00486772551198,0.0,1.0,1.0,0.0,0.0
8642,0.07884528300168804,48.960649164236536,4.634259259259258E-4,0.9635169294400835,0.9790677177603341,26.0,26.0
8644,0.03191029799546179,50.0117861487429,0.0,1.0,1.0,0.0,0.0
8645,0.03191029799546179,50.0117861487429,0.0,1.0,1.0,0.0,0.0
8646,0.10264895006064133,30.002128782845563,0.0,1.0,1.0,0.0,0.0
8647,0.10264895006064133,30.002128782845563,0.0,1.0,1.0,0.0,0.0
8648,0.045353727232336855,29.844554939730372,2.199074074074075E-5,0.985636207813362,0.9947371659733716,1.0,1.0
8649,0.045353727232336855,30.002465644324268,0.0,1.0,1.0,0.0,0.0
8650,0.022182162515424715,50.00362245180274,0.0,1.0,1.0,0.0,0.0
8652,0.05605443580218196,30.00237420277357,0.0,1.0,1.0,0.0,0.0
8653,0.05605443580218196,30.00237420277357,0.0,1.0,1.0,0.0,0.0
8654,0.10264895006064131,30.002128782845556,0.0,1.0,1.0,0.0,0.0
8655,0.10264895006064131,30.002128782845556,0.0,1.0,1.0,0.0,0.0
8656,0.04346365258972585,50.006119949828395,0.0,1.0,1.0,0.0,0.0
8657,0.04346365258972585,50.006119949828395,0.0,1.0,1.0,0.0,0.0
8658,0.13378440420823298,30.000240136392097,0.0,1.0,1.0,0.0,0.0
8659,0.13378440420823298,30.000240136392097,0.0,1.0,1.0,0.0,0.0
8660,0.13378440420823295,30.000240136392094,0.0,1.0,1.0,0.0,0.0
8661,0.13378440420823295,30.000240136392094,0.0,1.0,1.0,0.0,0.0
8662,0.05605443580218196,30.00237420277357,0.0,1.0,1.0,0.0,0.0
8663,0.05605443580218196,30.00237420277357,0.0,1.0,1.0,0.0,0.0
8664,0.08045526576493678,50.00672595886955,0.0,1.0,1.0,0.0,0.0
8665,0.08045526576493678,50.00672595886955,0.0,1.0,1.0,0.0,0.0
8666,0.048558529932441974,50.00306285949402,0.0,1.0,1.0,0.0,0.0
8667,0.048558529932441974,49.60497469267659,2.317129629629629E-4,0.9836129679746638,0.9920395128551073,13.0,13.0
8668,0.08433012373188203,48.770573848486976,0.0034935185185185178,0.9625721955355179,0.9752887821420715,196.0,196.0
8669,0.08433012373188203,50.00633263626674,0.0,1.0,1.0,0.0,0.0
8670,0.08045526576493676,50.00672595886954,0.0,1.0,1.0,0.0,0.0
8671,0.08045526576493676,50.00672595886954,0.0010516203703703707,1.0,1.0,59.0,59.0
8672,0.09275038104302247,50.00020541402829,0.0,1.0,1.0,0.0,0.0
8673,0.09275038104302247,49.95228855050651,2.1388888888888898E-4,0.9990417483187429,0.9990417483187429,12.0,12.0
8674,0.060057413022707215,50.00154645738806,2.851851851851852E-4,1.0,1.0,16.0,16.0
8675,0.060057413022707215,49.71987107901144,8.020833333333331E-4,0.9943677811469577,0.9943677811469577,45.0,45.0
8676,0.11235393836280172,49.792096774460504,0.0015863425925925923,0.9957846461209339,0.9957846461209339,89.0,89.0
8677,0.11235393836280172,50.00298901051875,0.0,1.0,1.0,0.0,0.0
8678,0.020677714376067417,50.026728329195365,0.0,1.0,1.0,0.0,0.0
8679,0.020677714376067417,50.026728329195365,0.0,1.0,1.0,0.0,0.0
8680,0.020677714376067417,50.026728329195365,0.0,1.0,1.0,0.0,0.0
8681,0.020677714376067417,50.026728329195365,0.0019962962962962977,1.0,1.0,112.0,112.0
8682,0.01745444467876782,50.028663092009666,0.0,1.0,1.0,0.0,0.0
8683,0.01745444467876782,50.028663092009666,0.0,1.0,1.0,0.0,0.0
8684,0.08219197759138278,50.00694935422985,0.0,1.0,1.0,0.0,0.0
8685,0.08219197759138278,50.00694935422985,0.0,1.0,1.0,0.0,0.0
8686,0.024233433357444,29.752062420416298,0.003672453703703704,0.9833819271726454,0.9917314584524161,167.0,167.0
8688,0.08219197759138278,50.00694935422985,0.0,1.0,1.0,0.0,0.0
8689,0.08219197759138278,49.975824610706056,0.0025488425925925917,0.999383296258049,0.999383296258049,143.0,143.0
8690,0.029282073520921645,30.007248697784778,0.0,1.0,1.0,0.0,0.0
8692,0.05721989385488277,28.885659926620672,0.007542824074074072,0.9441903891925658,0.9628018656004956,343.0,343.0
8694,0.08810538111460542,30.00183238862841,7.03703703703704E-4,1.0,1.0,32.0,32.0
8695,0.08810538111460542,30.00183238862841,0.0,1.0,1.0,0.0,0.0
8696,0.06304473684198073,50.00243503660071,0.0,1.0,1.0,0.0,0.0
8698,0.044779741294653605,30.003176746836584,0.0,1.0,1.0,0.0,0.0
8700,0.03295693650683056,49.53723507430278,0.0016398148148148144,0.9903813151856161,0.9903813151856161,92.0,92.0
8702,0.015074923317938499,30.01644023483329,0.0,1.0,1.0,0.0,0.0
8703,0.015074923317938499,30.01644023483329,0.0,1.0,1.0,0.0,0.0
8704,0.07947139969465311,30.001786797478108,0.0,1.0,1.0,0.0,0.0
8706,0.019667050606304307,50.00097611772282,0.0,1.0,1.0,0.0,0.0
8707,0.019667050606304307,50.00097611772282,0.0,1.0,1.0,0.0,0.0
8708,0.019667050606304307,50.00097611772282,0.0,1.0,1.0,0.0,0.0
8709,0.019667050606304307,50.00097611772282,0.0,1.0,1.0,0.0,0.0
8710,0.05996521454320519,50.00573832650885,7.307870370370375E-4,1.0,1.0,41.0,41.0
8712,0.015986797150613283,50.00214573606239,0.0,1.0,1.0,0.0,0.0
8713,0.015986797150613283,50.00214573606239,0.0,1.0,1.0,0.0,0.0
8714,0.1838195346647106,50.00002454045774,0.0,1.0,1.0,0.0,0.0
8715,0.1838195346647106,48.80490527398279,0.0035469907407407407,0.9672154842271079,0.9760976351208824,199.0,199.0
8716,0.13534983099186848,46.80148936717327,0.013635416666666664,0.9214791930718265,0.9359167722873056,765.0,765.0
8718,0.10698173401265094,46.92985191726104,0.015809953703703708,0.9220985520371412,0.9383942081485646,887.0,887.0
8719,0.10698173401265094,50.0109391566736,0.0,1.0,1.0,0.0,0.0
8720,0.0964951869658599,50.01910339483019,0.0,1.0,1.0,0.0,0.0
8721,0.0964951869658599,46.82900974672316,0.01580995370370371,0.9215564965388301,0.93622598615532,887.0,887.0
8722,0.015986797150613283,50.00214573606239,0.0,1.0,1.0,0.0,0.0
8723,0.015986797150613283,50.00214573606239,0.0,1.0,1.0,0.0,0.0
8724,0.039705134745262695,49.91482807076779,0.0016398148148148144,0.998038468078596,0.998038468078596,92.0,92.0
8726,0.013792929405647835,50.004577905671916,0.0,1.0,1.0,0.0,0.0
8728,0.03883148897826669,46.912255613454754,0.018109259259259252,0.9219063875907196,0.9376255503628789,1016.0,1016.0
8729,0.03883148897826669,50.03341457471728,0.0,1.0,1.0,0.0,0.0
8730,0.012062151442864752,50.02735621464644,0.0,1.0,1.0,0.0,0.0
8731,0.012062151442864752,50.02735621464644,0.0,1.0,1.0,0.0,0.0
8732,0.03107680613037382,50.0342138056108,0.0,1.0,1.0,0.0,0.0
8733,0.03107680613037382,50.0342138056108,0.0,1.0,1.0,0.0,0.0
8734,0.014127178778360833,50.007712489772864,0.0,1.0,1.0,0.0,0.0
8736,0.040048748366604756,50.02619504503023,0.0,1.0,1.0,0.0,0.0
8737,0.040048748366604756,46.86251904707113,0.01901828703703703,0.9216911702870385,0.9367646811481538,1067.0,1067.0
8738,0.014983385191675474,50.03727893323906,0.0,1.0,1.0,0.0,0.0
8739,0.014983385191675474,50.03727893323906,0.0,1.0,1.0,0.0,0.0
8740,0.08675744088402014,49.77986468398804,0.0020675925925925922,0.9955150937121992,0.9955150937121992,116.0,116.0
8742,0.03015269429956545,50.0229029854542,0.0,1.0,1.0,0.0,0.0
8743,0.03015269429956545,50.0229029854542,0.0,1.0,1.0,0.0,0.0
8744,0.03107680613037382,50.0342138056108,0.0,1.0,1.0,0.0,0.0
8745,0.03107680613037382,46.83051946195926,0.01901828703703703,0.921494002065038,0.9359760082601517,1067.0,1067.0
8746,0.014983385191675474,50.03727893323906,0.0,1.0,1.0,0.0,0.0
8747,0.014983385191675474,50.03727893323906,0.0,1.0,1.0,0.0,0.0
8748,0.01639842740823243,49.17154328432257,0.0020675925925925922,0.9828731048095831,0.9828731048095831,116.0,116.0
8750,0.01626939566944838,50.0169294705501,0.0,1.0,1.0,0.0,0.0
8751,0.01626939566944838,50.0169294705501,0.0,1.0,1.0,0.0,0.0
8752,0.06471277120153442,49.57169052480692,0.0020675925925925922,0.9831093974343689,0.9913680854680473,116.0,116.0
8754,0.04077537963340935,50.031140654489995,0.0,1.0,1.0,0.0,0.0
8755,0.04077537963340935,46.93575672105904,0.02014120370370371,0.9220344336964613,0.9381377347858455,1130.0,1130.0
8756,0.04121784754932089,50.02840565662683,0.0,1.0,1.0,0.0,0.0
8757,0.04121784754932089,50.02840565662683,0.0,1.0,1.0,0.0,0.0
8758,0.01626939566944838,50.0169294705501,0.0,1.0,1.0,0.0,0.0
8759,0.01626939566944838,50.0169294705501,0.0,1.0,1.0,0.0,0.0
8760,0.011734306750245857,48.498326813116655,0.0020675925925925922,0.9609946457854793,0.9689785831419174,116.0,116.0
8762,0.00839115988092828,50.013535714142066,0.0,1.0,1.0,0.0,0.0
8764,0.05139223742863427,47.04206465001212,0.02265439814814814,0.9226952208833036,0.9407808835332144,1271.0,1271.0
8766,0.024074999265850123,50.01153915583407,0.0,1.0,1.0,0.0,0.0
8768,0.012763075329535996,29.13865688091489,0.0011215277777777784,0.9614830927377613,0.9709323709510453,51.0,51.0
8769,0.012763075329535996,30.01115035031325,0.0,1.0,1.0,0.0,0.0
8770,0.012101259010654897,50.01668477423379,0.0,1.0,1.0,0.0,0.0
8771,0.012101259010654897,50.01668477423379,0.0,1.0,1.0,0.0,0.0
8772,0.04974010666108117,50.00401674948121,0.0,1.0,1.0,0.0,0.0
8774,0.03015269429956545,50.0229029854542,0.0,1.0,1.0,0.0,0.0
8775,0.03015269429956545,46.80452377358505,0.01901828703703703,0.9214164539874344,0.9356658159497376,1067.0,1067.0
8776,0.012584357931873357,50.00407125247692,0.0,1.0,1.0,0.0,0.0
8778,0.10062397188628683,46.94919317863067,0.02014120370370371,0.9222163394180367,0.9388653576721468,1130.0,1130.0
8779,0.10062397188628683,50.00639132946336,0.0,1.0,1.0,0.0,0.0
8780,0.052153377585876175,50.0005750490424,9.090277777777775E-4,1.0,1.0,51.0,51.0
8782,0.03964204640616762,30.00028737906316,0.0,1.0,1.0,0.0,0.0
8783,0.03964204640616762,30.00028737906316,0.0,1.0,1.0,0.0,0.0
8784,0.03964204640616762,30.00028737906316,0.0,1.0,1.0,0.0,0.0
8785,0.03964204640616762,30.00028737906316,0.002155092592592593,1.0,1.0,98.0,98.0
8786,0.03559663029897657,28.75766974360236,0.008950231481481484,0.9428143528126098,0.95845679450299,407.0,407.0
8788,0.1281165146828927,30.00191588228802,0.0,1.0,1.0,0.0,0.0
8789,0.1281165146828927,30.00191588228802,0.0,1.0,1.0,0.0,0.0
8790,0.11052642040489653,29.071198099061984,0.004969907407407405,0.9610069051691209,0.9690276206764836,226.0,226.0
8792,0.012062151442864752,46.63333079687506,0.018109259259259252,0.9194494116136381,0.9321593861242652,1016.0,1016.0
8793,0.012062151442864752,50.02735621464644,0.0,1.0,1.0,0.0,0.0
8794,0.05289507586083331,50.005849028098716,0.0,1.0,1.0,0.0,0.0
8795,0.05289507586083331,47.010737063495334,0.016059490740740732,0.922526572635144,0.9401062905405764,901.0,901.0
8796,0.012879860129326359,50.018874288646046,0.002049768518518518,1.0,1.0,115.0,115.0
8798,0.05894554097597053,30.001971937437286,0.0,1.0,1.0,0.0,0.0
8800,0.005415404629335493,50.116855181510985,0.0,1.0,1.0,0.0,0.0
8801,0.005415404629335493,50.116855181510985,0.0,1.0,1.0,0.0,0.0
8802,0.005415404629335493,50.116855181510985,0.0,1.0,1.0,0.0,0.0
8803,0.005415404629335493,50.116855181510985,1.7824074074074075E-5,1.0,1.0,1.0,1.0
8804,0.008319714602975063,49.5431712703715,1.7824074074074075E-5,0.982706801226168,0.9908312905237796,1.0,1.0
8805,0.008319714602975063,50.00162365727918,0.0,1.0,1.0,0.0,0.0
8806,0.014569317265621098,50.04727304984347,0.0,1.0,1.0,0.0,0.0
8807,0.014569317265621098,50.04727304984347,0.0,1.0,1.0,0.0,0.0
8808,0.014569317265621098,50.04727304984347,0.0,1.0,1.0,0.0,0.0
8809,0.014569317265621098,50.04727304984347,0.0,1.0,1.0,0.0,0.0
8810,0.11158001688351027,48.01331186613526,0.02292175925925926,0.9519708997563591,0.9600629512618266,1286.0,1286.0
8812,0.05269524723022849,29.220303105599616,0.00472800925925926,0.9540873407750132,0.9739456896175427,215.0,215.0
8814,0.04730489830103391,29.935599754665912,0.0010335648148148148,0.9977540819175282,0.9977540819175282,47.0,47.0
8816,0.058320231821098724,30.00147686731191,0.0012534722222222222,0.9999906417769753,0.9999906417769753,57.0,57.0
8818,0.006337495032597927,50.032855520509955,0.0,1.0,1.0,0.0,0.0
8820,0.02163220077623684,50.016649193611194,0.0,1.0,1.0,0.0,0.0
8822,0.028731890238210555,50.01683020191392,0.0,1.0,1.0,0.0,0.0
8823,0.028731890238210555,50.01683020191392,0.0,1.0,1.0,0.0,0.0
8824,0.09880462698007707,28.512568741617503,0.011281250000000003,0.9304276106557203,0.9503750532581449,513.0,513.0
8826,0.028731890238210555,50.01683020191392,0.0,1.0,1.0,0.0,0.0
8827,0.028731890238210555,50.01683020191392,0.0,1.0,1.0,0.0,0.0
8828,0.04180282203812255,49.49706279935176,0.0023884259259259267,0.9896854498619252,0.9896854498619252,134.0,134.0
8830,0.07732082359692147,50.00089185358672,0.0,1.0,1.0,0.0,0.0
8832,0.0070310393839233196,47.40859758412719,0.030211805555555544,0.9355780131013867,0.9477416903975342,1695.0,1695.0
8834,0.007398973232775285,50.06823992103576,0.0,1.0,1.0,0.0,0.0
8836,0.035179372282402664,48.86606326011099,3.921296296296298E-4,0.9629937555298417,0.9769750221193667,22.0,22.0
8838,0.045827766231250275,50.00908106471688,0.0,1.0,1.0,0.0,0.0
8840,0.08885750426092634,30.00253379659865,0.0,1.0,1.0,0.0,0.0
8842,0.00843634744097777,46.80557056865963,0.006167129629629628,0.921368623703293,0.9354744948131717,346.0,346.0
8844,0.02995867508807414,50.00057038343389,0.0,1.0,1.0,0.0,0.0
8846,0.00766093437777641,50.05329176042664,0.0,1.0,1.0,0.0,0.0
8847,0.00766093437777641,50.05329176042664,0.0,1.0,1.0,0.0,0.0
8848,0.02256709215408254,50.02557374057705,0.0,1.0,1.0,0.0,0.0
8850,0.032091697373252945,47.28599908289174,0.036236342592592605,0.9238695733728316,0.9454782934913266,2033.0,2033.0
8852,0.33845802077158943,50.00200569508051,0.0,1.0,1.0,0.0,0.0
8854,0.056178895919194505,50.010886574950604,0.0,1.0,1.0,0.0,0.0
8856,0.034121892671314734,50.01580358987501,0.0,1.0,1.0,0.0,0.0
8857,0.034121892671314734,50.01580358987501,0.0,1.0,1.0,0.0,0.0
8858,0.014883677434578956,48.45629026773257,2.495370370370372E-4,0.9608916887369009,0.9685667549476037,14.0,14.0
8860,0.00900702355073744,50.03901972631911,0.0,1.0,1.0,0.0,0.0
8861,0.00900702355073744,50.03901972631911,0.0,1.0,1.0,0.0,0.0
8862,0.04209011797861226,50.00806096468783,0.0,1.0,1.0,0.0,0.0
8864,0.06241639810222513,50.010913235702304,0.0,1.0,1.0,0.0,0.0
8865,0.06241639810222513,50.010913235702304,0.0,1.0,1.0,0.0,0.0
8866,0.034121892671314734,50.01580358987501,2.495370370370372E-4,1.0,1.0,14.0,14.0
8867,0.034121892671314734,50.01580358987501,0.0,1.0,1.0,0.0,0.0
8868,0.008138333639199764,50.082053164306245,0.0,1.0,1.0,0.0,0.0
8870,0.004377421034679019,50.02766896776022,0.0,1.0,1.0,0.0,0.0
8872,0.00726814508409841,50.029296945992876,0.0,1.0,1.0,0.0,0.0
8873,0.00726814508409841,50.029296945992876,0.0,1.0,1.0,0.0,0.0
8874,0.011367690513544694,50.02895580533118,0.0,1.0,1.0,0.0,0.0
8875,0.011367690513544694,50.02895580533118,0.0,1.0,1.0,0.0,0.0
8876,0.03339129616372855,50.003604904086025,0.0,1.0,1.0,0.0,0.0
8878,0.011367690513544694,50.02895580533118,4.634259259259258E-4,1.0,1.0,26.0,26.0
8879,0.011367690513544694,50.02895580533118,0.0,1.0,1.0,0.0,0.0
8880,0.05064156849874493,49.81826104598489,3.386574074074076E-4,0.996314509707392,0.996314509707392,19.0,19.0
8882,0.00707140858604962,50.01389176773798,0.0,1.0,1.0,0.0,0.0
8883,0.00707140858604962,50.01389176773798,0.0,1.0,1.0,0.0,0.0
8884,0.00707140858604962,50.01389176773798,3.386574074074076E-4,1.0,1.0,19.0,19.0
8885,0.00707140858604962,50.01389176773798,0.0,1.0,1.0,0.0,0.0
8886,0.040558858793544414,47.385181004679886,0.03334884259259258,0.9244070273576669,0.9476281094306673,1871.0,1871.0
8888,0.010474503376987184,50.01089145511123,0.0,1.0,1.0,0.0,0.0
8890,0.006191799613644723,50.09096316656405,0.0,1.0,1.0,0.0,0.0
8892,0.024969006788561024,50.02138254803545,0.0,1.0,1.0,0.0,0.0
8893,0.024969006788561024,50.02138254803545,0.0,1.0,1.0,0.0,0.0
8894,0.02315929627501239,48.580960050145805,0.001425925925925925,0.9615873472949419,0.9713493891797678,80.0,80.0
8896,0.02015988642670462,46.972459707787564,0.030675231481481494,0.9222805441771413,0.9391221767085653,1721.0,1721.0
8898,0.036320306396083794,50.001186625583806,0.0,1.0,1.0,0.0,0.0
8899,0.036320306396083794,50.001186625583806,0.0,1.0,1.0,0.0,0.0
8900,0.02359598485432489,30.005491160568564,3.51851851851852E-4,1.0,1.0,16.0,16.0
8901,0.02359598485432489,30.005491160568564,0.0,1.0,1.0,0.0,0.0
8902,0.20528626479644244,30.00042840250031,0.0,1.0,1.0,0.0,0.0
8903,0.20528626479644244,30.00042840250031,0.0,1.0,1.0,0.0,0.0
8904,0.03632030639608379,50.00118662558379,0.0,1.0,1.0,0.0,0.0
8905,0.03632030639608379,50.00118662558379,0.0,1.0,1.0,0.0,0.0
8906,0.022375216214060575,50.0004831599119,0.0,1.0,1.0,0.0,0.0
8907,0.022375216214060575,50.0004831599119,0.0,1.0,1.0,0.0,0.0
8908,0.03503111557575559,50.00476450147507,0.0,1.0,1.0,0.0,0.0
8909,0.03503111557575559,50.00476450147507,0.0,1.0,1.0,0.0,0.0
8910,0.09478691901090087,29.823186451170656,0.0011874999999999995,0.9940695669805354,0.9940695669805354,54.0,54.0
8912,0.03503111557575559,50.00476450147507,0.0,1.0,1.0,0.0,0.0
8913,0.03503111557575559,50.00476450147507,4.812499999999999E-4,1.0,1.0,27.0,27.0
8914,0.007356707590036581,50.06455070724327,0.0,1.0,1.0,0.0,0.0
8915,0.007356707590036581,50.06455070724327,0.0,1.0,1.0,0.0,0.0
8916,0.06241639810222513,50.010913235702304,0.0,1.0,1.0,0.0,0.0
8917,0.06241639810222513,47.38870826284976,0.03680671296296296,0.9243929539195871,0.9475718156783484,2065.0,2065.0
8918,0.025645350085766183,47.34614733651313,0.03714537037037039,0.9241723286528312,0.9466893146113248,2084.0,2084.0
8920,0.007356707590036581,48.36352790801027,3.386574074074076E-4,0.960258334067844,0.9660333362713761,19.0,19.0
8921,0.007356707590036581,50.06455070724327,0.0,1.0,1.0,0.0,0.0
8922,0.03550360333522189,50.00507512003083,0.0,1.0,1.0,0.0,0.0
8924,0.00900702355073744,48.71797127281848,3.208333333333333E-4,0.96597244035096,0.9736115473685867,18.0,18.0
8925,0.00900702355073744,50.03901972631911,0.0,1.0,1.0,0.0,0.0
8926,0.022375216214060575,50.0004831599119,0.0,1.0,1.0,0.0,0.0
8927,0.022375216214060575,50.0004831599119,3.208333333333333E-4,1.0,1.0,18.0,18.0
8928,0.03141521012947137,50.01979498721669,0.0,1.0,1.0,0.0,0.0
8930,0.00726814508409841,50.029296945992876,0.0,1.0,1.0,0.0,0.0
8931,0.00726814508409841,48.319169880765294,4.634259259259258E-4,0.9602054682042773,0.9658218728171092,26.0,26.0
8932,0.011021967095876323,47.15743821972181,0.036236342592592605,0.923117197304028,0.942468789216112,2033.0,2033.0
8934,0.00766093437777641,50.05329176042664,0.0,1.0,1.0,0.0,0.0
8935,0.00766093437777641,50.05329176042664,0.0,1.0,1.0,0.0,0.0
8936,0.013904007965518857,50.00442425161628,0.0,1.0,1.0,0.0,0.0
8938,0.14862422020486502,50.00441053621628,0.0,1.0,1.0,0.0,0.0
8939,0.14862422020486502,50.00441053621628,0.0016398148148148144,1.0,1.0,92.0,92.0
8940,0.006470104150586705,48.28881416034066,0.002424074074074075,0.9583333333333334,0.9640296458079257,136.0,136.0
8941,0.006470104150586705,50.09112890776804,0.0,1.0,1.0,0.0,0.0
8942,0.048485801777846615,50.01400756454092,0.0,1.0,1.0,0.0,0.0
8944,0.006992095832185888,50.04283299377574,0.0,1.0,1.0,0.0,0.0
8945,0.006992095832185888,50.04283299377574,0.0,1.0,1.0,0.0,0.0
8946,0.033729858867003575,47.16402291867256,0.02450810185185185,0.9232676283866952,0.943070513546781,1375.0,1375.0
8948,0.011637669494048668,50.054492447521156,0.0,1.0,1.0,0.0,0.0
8949,0.011637669494048668,50.054492447521156,0.0,1.0,1.0,0.0,0.0
8950,0.011637669494048668,50.054492447521156,0.0,1.0,1.0,0.0,0.0
8951,0.011637669494048668,50.054492447521156,9.446759259259266E-4,1.0,1.0,53.0,53.0
8952,0.03516489914447313,47.23321758075175,0.03161990740740742,0.9235861687782239,0.9443446751128957,1774.0,1774.0
8954,0.012272279665151436,47.01631101289589,0.0238664351851852,0.9224229807962108,0.9396919231848431,1339.0,1339.0
8956,0.04121784754932089,50.02840565662683,0.0,1.0,1.0,0.0,0.0
8957,0.04121784754932089,46.9370261274906,0.02014120370370371,0.9220534585832973,0.9382138343331895,1130.0,1130.0
8958,0.020681698910384357,46.94676844190224,0.020586805555555563,0.9222210284192456,0.9388841136769822,1155.0,1155.0
8960,0.050276451543862795,50.01249670016747,0.0,1.0,1.0,0.0,0.0
8962,0.03628772951103862,50.01371601827681,6.416666666666666E-4,1.0,1.0,36.0,36.0
8964,0.006992095832185888,50.04283299377574,0.0,1.0,1.0,0.0,0.0
8965,0.006992095832185888,50.04283299377574,0.0,1.0,1.0,0.0,0.0
8966,0.012644129043733075,50.020730282900075,0.0,1.0,1.0,0.0,0.0
8968,0.0219052657568784,50.00567959718595,2.495370370370372E-4,1.0,1.0,14.0,14.0
8970,0.008923241074363307,50.03686583755126,0.0,1.0,1.0,0.0,0.0
8972,0.024318589123736554,47.126353414588955,0.020586805555555546,0.9230074826906474,0.9420299307625897,1155.0,1155.0
8974,0.01778430360478786,49.26807858013886,0.001425925925925925,0.9850097887405151,0.9850097887405151,80.0,80.0
8976,0.04544325179202169,5.000021591469118,0.0,1.0,1.0,0.0,0.0
8977,0.04544325179202169,5.000021591469118,0.0,1.0,1.0,0.0,0.0
8978,0.04544325179202169,5.000021591469118,0.005925925925925924,1.0,1.0,80.0,80.0
8979,0.04544325179202169,5.000021591469118,0.0,1.0,1.0,0.0,0.0
8980,0.26030735082332257,49.86930226811136,2.6736111111111107E-4,0.9973794359568318,0.9973794359568318,15.0,15.0
8981,0.26030735082332257,49.868085120273975,0.0018002314814814819,0.9973550930000838,0.9973550930000838,101.0,101.0
8982,0.05077429581679485,49.828511511777194,0.0021032407407407415,0.9963737656594803,0.9963737656594803,118.0,118.0
8984,0.03762466461091527,49.460178107520946,0.033723148148148155,0.9888844943466837,0.9888844943466837,1892.0,1892.0
8986,0.07261524833520665,50.0028488918791,3.564814814814815E-5,1.0,1.0,2.0,2.0
8988,0.016624690793611754,47.73586748005991,0.033651851851851856,0.9539935161903151,0.9539935161903151,1888.0,1888.0
8990,0.03931829731261958,49.92763822617051,1.0694444444444449E-4,0.9982387229844647,0.9982387229844647,6.0,6.0
8992,0.07455307146959968,49.787824657080755,0.0021567129629629627,0.9956098690681332,0.9956098690681332,121.0,121.0
8994,0.10001067575675143,49.79698230388249,2.851851851851852E-4,0.9958373367421152,0.9958373367421152,16.0,16.0
8996,0.11681063286178178,50.002173401000526,0.0,1.0,1.0,0.0,0.0
8997,0.11681063286178178,50.002173401000526,0.0,1.0,1.0,0.0,0.0
8998,0.13785681421906903,50.00851785455951,0.0,1.0,1.0,0.0,0.0
8999,0.13785681421906903,50.00851785455951,0.0,1.0,1.0,0.0,0.0
9000,0.07532809733102018,50.00574412533148,0.0,1.0,1.0,0.0,0.0
9001,0.07532809733102018,49.44859144440228,0.002370601851851851,0.9888617331525256,0.9888617331525256,133.0,133.0
9002,0.03444751378403722,50.004455492957256,0.0,1.0,1.0,0.0,0.0
9003,0.03444751378403722,50.004455492957256,0.0,1.0,1.0,0.0,0.0
9004,0.09516391463469177,50.00585209237927,0.0,1.0,1.0,0.0,0.0
9005,0.09516391463469177,50.00585209237927,2.495370370370372E-4,1.0,1.0,14.0,14.0
9006,0.050733090818655874,49.874747212698125,2.495370370370372E-4,0.997287363585494,0.997287363585494,14.0,14.0
9007,0.050733090818655874,50.010713840953215,0.0,1.0,1.0,0.0,0.0
9008,0.03444751378403722,50.004455492957256,0.0,1.0,1.0,0.0,0.0
9009,0.03444751378403722,50.004455492957256,0.0,1.0,1.0,0.0,0.0
9010,0.010999902825349168,50.062768863788875,0.0,1.0,1.0,0.0,0.0
9011,0.010999902825349168,50.062768863788875,0.0,1.0,1.0,0.0,0.0
9012,0.15781970771063267,49.79095261392688,0.0036004629629629637,0.9958174536367188,0.9958174536367188,202.0,202.0
9013,0.15781970771063267,50.000083407399245,0.0,1.0,1.0,0.0,0.0
9014,0.14018985946795162,50.00331854598493,0.0,1.0,1.0,0.0,0.0
9015,0.14018985946795162,50.00331854598493,0.0,1.0,1.0,0.0,0.0
9016,0.1027397786601361,50.00178493666215,0.0,1.0,1.0,0.0,0.0
9017,0.1027397786601361,50.00178493666215,0.0,1.0,1.0,0.0,0.0
9018,0.1027397786601361,50.00178493666215,0.0012298611111111106,1.0,1.0,69.0,69.0
9019,0.1027397786601361,50.00178493666215,0.0,1.0,1.0,0.0,0.0
9020,0.03916637920141992,49.53746267475769,0.009286342592592598,0.9904199533307069,0.9904199533307069,521.0,521.0
9021,0.03916637920141992,50.01736967900379,1.7824074074074064E-4,1.0,1.0,10.0,10.0
9022,0.03972371111015343,50.00187412466866,0.0,1.0,1.0,0.0,0.0
9023,0.03972371111015343,50.00187412466866,0.0,1.0,1.0,0.0,0.0
9024,0.13356719147112833,50.00435620799313,0.0,1.0,1.0,0.0,0.0
9025,0.13356719147112833,50.00435620799313,0.0,1.0,1.0,0.0,0.0
9026,0.03972371111015343,50.00187412466866,9.80324074074074E-4,1.0,1.0,55.0,55.0
9027,0.03972371111015343,50.00187412466866,0.0,1.0,1.0,0.0,0.0
9028,0.05161119362072361,49.85216303082462,0.0011229166666666664,0.9970417285488761,0.9970417285488761,63.0,63.0
9029,0.05161119362072361,49.81518380504013,0.007361342592592595,0.996302160686095,0.996302160686095,413.0,413.0
9030,0.03607347048629446,50.00558095905278,0.0,1.0,1.0,0.0,0.0
9031,0.03607347048629446,50.00558095905278,0.0,1.0,1.0,0.0,0.0
9032,0.13356719147112833,49.885536078695736,0.008626851851851849,0.9976281351307116,0.9976281351307116,484.0,484.0
9033,0.13356719147112833,49.924349238060344,4.990740740740744E-4,0.9984034907746718,0.9984034907746718,28.0,28.0
9034,0.03607347048629446,50.00558095905278,0.0018893518518518532,1.0,1.0,106.0,106.0
9035,0.03607347048629446,50.00558095905278,0.0,1.0,1.0,0.0,0.0
9036,0.010874835355743032,50.0631806658247,0.0,1.0,1.0,0.0,0.0
9037,0.010874835355743032,50.0631806658247,0.0,1.0,1.0,0.0,0.0
9038,0.14189078239362354,49.683708363753084,0.0016041666666666663,0.9936613783335296,0.9936613783335296,90.0,90.0
9040,0.033940038106888865,50.01397346901347,0.0,1.0,1.0,0.0,0.0
9041,0.033940038106888865,50.01397346901347,0.0,1.0,1.0,0.0,0.0
9042,0.04463201537919776,50.00786036884903,0.0,1.0,1.0,0.0,0.0
9043,0.04463201537919776,50.00786036884903,0.0,1.0,1.0,0.0,0.0
9044,0.1190655849818192,49.075589376639094,0.018394444444444453,0.9688948805462936,0.9814345660986473,1032.0,1032.0
9045,0.1190655849818192,50.00421207822552,0.0,1.0,1.0,0.0,0.0
9046,0.15581299054840853,50.002385984513346,0.0,1.0,1.0,0.0,0.0
9047,0.15581299054840853,49.05872574854038,0.015631712962962976,0.9683753431125826,0.9811307719213963,877.0,877.0
9048,0.04463201537919776,50.00786036884903,0.0011229166666666664,1.0,1.0,63.0,63.0
9049,0.04463201537919776,50.00786036884903,0.0,1.0,1.0,0.0,0.0
9050,0.002456143670404035,50.23930234917345,0.0,1.0,1.0,0.0,0.0
9051,0.002456143670404035,50.23930234917345,4.990740740740744E-4,1.0,1.0,28.0,28.0
9052,0.04877735204043772,49.88642551952579,0.0010516203703703707,0.9974581736818308,0.9974581736818308,59.0,59.0
9053,0.04877735204043772,50.01380442767753,0.0,1.0,1.0,0.0,0.0
9054,0.11887267898898395,50.004866132313886,0.0,1.0,1.0,0.0,0.0
9055,0.11887267898898395,50.004866132313886,0.0,1.0,1.0,0.0,0.0
9056,0.11887267898898395,50.004866132313886,0.0,1.0,1.0,0.0,0.0
9057,0.11887267898898395,50.004866132313886,0.0,1.0,1.0,0.0,0.0
9058,0.07193642976434375,50.00408324997828,0.0,1.0,1.0,0.0,0.0
9059,0.07193642976434375,50.00408324997828,0.0,1.0,1.0,0.0,0.0
9060,0.008521506089593898,50.044733968251286,0.0,1.0,1.0,0.0,0.0
9061,0.008521506089593898,49.439505466822744,0.0010516203703703707,0.9879233887015862,0.9879233887015862,59.0,59.0
9062,0.10424804670987127,49.57156232710885,0.0018002314814814819,0.9913203194251187,0.9913203194251187,101.0,101.0
9063,0.10424804670987127,50.005725270557846,0.0,1.0,1.0,0.0,0.0
9064,0.07193642976434375,50.00408324997828,0.0,1.0,1.0,0.0,0.0
9065,0.07193642976434375,50.00408324997828,0.0,1.0,1.0,0.0,0.0
9066,0.2523518203469259,50.00366321273301,0.0,1.0,1.0,0.0,0.0
9067,0.2523518203469259,50.00366321273301,0.0,1.0,1.0,0.0,0.0
9068,0.1071087005883592,50.011844632696906,3.564814814814815E-5,1.0,1.0,2.0,2.0
9069,0.1071087005883592,49.80411314262099,0.06074444444444443,0.995872514148412,0.995872514148412,3408.0,3408.0
9070,0.2362673759208515,50.0007379527991,0.0,1.0,1.0,0.0,0.0
9071,0.2362673759208515,50.0007379527991,0.0,1.0,1.0,0.0,0.0
9072,0.23626737592085148,50.00073795279909,1.7824074074074075E-5,1.0,1.0,1.0,1.0
9073,0.23626737592085148,50.00073795279909,0.0,1.0,1.0,0.0,0.0
9074,0.02288726001750953,47.34026767444756,0.006523611111111115,0.9293158106147043,0.9463028937549539,366.0,366.0
9076,0.049558248317746474,50.00271691252447,0.0,1.0,1.0,0.0,0.0
9077,0.049558248317746474,50.00271691252447,0.0,1.0,1.0,0.0,0.0
9078,0.049558248317746474,50.00271691252447,9.090277777777775E-4,1.0,1.0,51.0,51.0
9079,0.049558248317746474,50.00271691252447,0.0,1.0,1.0,0.0,0.0
9080,0.059669903293354025,50.002712257000574,0.0,1.0,1.0,0.0,0.0
9082,0.07921822501457707,50.006244091263795,0.0,1.0,1.0,0.0,0.0
9083,0.07921822501457707,50.006244091263795,0.0,1.0,1.0,0.0,0.0
9084,0.057995275315930496,48.46082409295202,0.003279629629629629,0.9610162563849675,0.9690650255398698,184.0,184.0
9085,0.057995275315930496,50.0079020688263,0.0,1.0,1.0,0.0,0.0
9086,0.03005718601212854,50.00271240465006,0.0,1.0,1.0,0.0,0.0
9087,0.03005718601212854,50.00271240465006,0.0,1.0,1.0,0.0,0.0
9088,0.017920219634018422,50.00991525772584,0.0,1.0,1.0,0.0,0.0
9089,0.017920219634018422,50.00991525772584,0.0,1.0,1.0,0.0,0.0
9090,0.13829295564104035,49.998612424136496,3.564814814814813E-4,0.999865915019234,0.999865915019234,20.0,20.0
9091,0.13829295564104035,49.9963205059283,0.0014437499999999995,0.9998212200256454,0.9998212200256454,81.0,81.0
9092,0.0870516735668129,50.0137288286828,0.0,1.0,1.0,0.0,0.0
9093,0.0870516735668129,50.0137288286828,0.0,1.0,1.0,0.0,0.0
9094,0.05613331411654227,30.004444071202993,0.0,1.0,1.0,0.0,0.0
9095,0.05613331411654227,29.954940561964474,0.003870370370370369,0.998356055346498,0.998356055346498,176.0,176.0
9096,0.035675638415940576,30.000536859936016,0.0,1.0,1.0,0.0,0.0
9097,0.035675638415940576,30.000536859936016,0.0,1.0,1.0,0.0,0.0
9098,0.23903172905906406,50.000826531820486,0.0,1.0,1.0,0.0,0.0
9099,0.23903172905906406,50.000826531820486,0.0010159722222222221,1.0,1.0,57.0,57.0
9100,0.0870516735668129,50.0137288286828,0.0,1.0,1.0,0.0,0.0
9101,0.0870516735668129,49.55477260278547,0.005329398148148152,0.9908323161726224,0.9908323161726224,299.0,299.0
9102,0.5665768600219959,49.9419572863784,0.005329398148148152,0.9988031090491902,0.9988031090491902,299.0,299.0
9103,0.5665768600219959,50.001880174524054,0.0,1.0,1.0,0.0,0.0
9104,0.03618259097960681,50.00281287009003,0.0,1.0,1.0,0.0,0.0
9106,0.035675638415940576,30.000536859936016,0.0,1.0,1.0,0.0,0.0
9107,0.035675638415940576,29.817116774701766,0.005123842592592594,0.9938867427976583,0.9938867427976583,233.0,233.0
9108,0.03250373504204896,29.972194139735528,0.005123842592592594,0.9989630021358945,0.9989630021358945,233.0,233.0
9109,0.03250373504204896,30.003447731122115,0.0,1.0,1.0,0.0,0.0
9110,0.17058679981378877,50.001016066572184,0.0,1.0,1.0,0.0,0.0
9111,0.17058679981378877,50.001016066572184,0.0,1.0,1.0,0.0,0.0
9112,0.13785681421906903,47.96513669184622,0.05218888888888892,0.9337595221564017,0.9591447986169669,2928.0,2928.0
9113,0.13785681421906903,50.00851785455951,0.0,1.0,1.0,0.0,0.0
9114,0.011760419926869575,50.044340114338624,0.0,1.0,1.0,0.0,0.0
9115,0.011760419926869575,47.24769907288051,0.05218888888888892,0.9213571739002926,0.9441318418375815,2928.0,2928.0
9116,0.01770463883435503,50.028806753279525,0.0,1.0,1.0,0.0,0.0
9117,0.01770463883435503,50.028806753279525,0.0,1.0,1.0,0.0,0.0
9118,0.01770463883435503,50.028806753279525,0.0,1.0,1.0,0.0,0.0
9119,0.01770463883435503,50.028806753279525,0.0,1.0,1.0,0.0,0.0
9120,0.0131326839918062,50.02927234973791,0.0,1.0,1.0,0.0,0.0
9121,0.0131326839918062,50.02927234973791,0.0,1.0,1.0,0.0,0.0
9122,0.019030082032128966,47.53531329780865,0.05181458333333334,0.9306779345628747,0.9505939966292081,2907.0,2907.0
9123,0.019030082032128966,49.51380787127789,1.7824074074074064E-4,0.990158842286145,0.990158842286145,10.0,10.0
9124,0.1705742406492491,49.81349239853725,2.851851851851852E-4,0.9961637172472008,0.9961637172472008,16.0,16.0
9125,0.1705742406492491,47.77377230315654,0.05158287037037039,0.9326150531750138,0.9553738801018896,2894.0,2894.0
9126,0.0131326839918062,50.02927234973791,0.0,1.0,1.0,0.0,0.0
9127,0.0131326839918062,50.02927234973791,3.386574074074076E-4,1.0,1.0,19.0,19.0
9128,0.24858247333862998,29.261285019448895,0.0052997685185185205,0.9625868388220824,0.9753473552883295,241.0,241.0
9130,0.0453651257315093,50.00442517863854,0.0,1.0,1.0,0.0,0.0
9131,0.0453651257315093,50.00442517863854,0.0,1.0,1.0,0.0,0.0
9132,0.17054238474867753,50.00021052978574,0.0,1.0,1.0,0.0,0.0
9133,0.17054238474867753,50.00021052978574,0.0,1.0,1.0,0.0,0.0
9134,0.04255066520542043,50.010576147408926,0.0,1.0,1.0,0.0,0.0
9135,0.04255066520542043,50.010576147408926,0.0,1.0,1.0,0.0,0.0
9136,0.17054238474867756,50.000210529785754,0.0,1.0,1.0,0.0,0.0
9137,0.17054238474867756,50.000210529785754,0.0015328703703703698,1.0,1.0,86.0,86.0
9138,0.0453651257315093,48.984818531090774,0.003333101851851852,0.9689724440156217,0.9796115546979101,187.0,187.0
9139,0.0453651257315093,50.00442517863854,0.0,1.0,1.0,0.0,0.0
9140,0.04255066520542043,50.010576147408926,8.199074074074072E-4,1.0,1.0,46.0,46.0
9141,0.04255066520542043,50.010576147408926,0.0,1.0,1.0,0.0,0.0
9142,0.012349310533992876,46.4566443176204,0.018109259259259252,0.9191110459426362,0.9289778485831581,1016.0,1016.0
9144,0.02464216588097683,50.006650040313744,0.0,1.0,1.0,0.0,0.0
9145,0.02464216588097683,50.006650040313744,0.0,1.0,1.0,0.0,0.0
9146,0.025988311622059532,50.004234013583286,0.0,1.0,1.0,0.0,0.0
9147,0.025988311622059532,50.004234013583286,0.0,1.0,1.0,0.0,0.0
9148,0.033052515795827714,50.01641734551483,0.0,1.0,1.0,0.0,0.0
9149,0.033052515795827714,50.01641734551483,0.0,1.0,1.0,0.0,0.0
9150,0.025988311622059532,50.004234013583286,0.0,1.0,1.0,0.0,0.0
9151,0.025988311622059532,50.004234013583286,4.990740740740744E-4,1.0,1.0,28.0,28.0
9152,0.02464216588097683,48.6158716934027,4.990740740740744E-4,0.9617974936905102,0.9721899747620406,28.0,28.0
9153,0.02464216588097683,50.006650040313744,0.0,1.0,1.0,0.0,0.0
9154,0.033052515795827714,50.01641734551483,0.0,1.0,1.0,0.0,0.0
9155,0.033052515795827714,50.01641734551483,0.0,1.0,1.0,0.0,0.0
9156,0.01731140236782377,49.42763135733568,6.060185185185188E-4,0.9882253276638018,0.9882253276638018,34.0,34.0
9157,0.01731140236782377,49.231210850935106,0.0027449074074074094,0.984300436885069,0.984300436885069,154.0,154.0
9158,0.2195949551149775,49.9779054332777,0.0029944444444444454,0.9995073874173916,0.9995073874173916,168.0,168.0
9159,0.2195949551149775,49.98409065645605,4.812499999999999E-4,0.9996305405630437,0.9996305405630437,27.0,27.0
9160,0.17807747929496962,50.002256100295654,0.0,1.0,1.0,0.0,0.0
9161,0.17807747929496962,50.002256100295654,0.0,1.0,1.0,0.0,0.0
9162,0.035410959610956,49.698288528919,6.594907407407404E-4,0.9937442929442893,0.9937442929442893,37.0,37.0
9163,0.035410959610956,49.698288528919,6.773148148148152E-4,0.9937442929442893,0.9937442929442893,38.0,38.0
9164,0.040537081823315925,49.95452108583335,8.199074074074072E-4,0.9988704151566492,0.9988704151566492,46.0,46.0
9165,0.040537081823315925,49.96876046515785,6.060185185185188E-4,0.9991528113674869,0.9991528113674869,34.0,34.0
9166,0.17807747929496962,50.002256100295654,0.0,1.0,1.0,0.0,0.0
9167,0.17807747929496962,50.002256100295654,0.0,1.0,1.0,0.0,0.0
9168,0.04708341004729473,50.00008146615369,0.0,1.0,1.0,0.0,0.0
9169,0.04708341004729473,49.920654253407974,1.7824074074074075E-5,0.9984114727172011,0.9984114727172011,1.0,1.0
9170,0.21269634357782144,49.89940387753877,7.12962962962963E-5,0.9979792416324579,0.9979792416324579,4.0,4.0
9171,0.21269634357782144,50.000446446399195,0.0,1.0,1.0,0.0,0.0
9172,0.10224319981022738,50.00346682744445,0.0,1.0,1.0,0.0,0.0
9173,0.10224319981022738,50.00346682744445,0.0,1.0,1.0,0.0,0.0
9174,0.10224319981022739,50.003466827444456,0.0,1.0,1.0,0.0,0.0
9175,0.10224319981022739,50.003466827444456,0.0,1.0,1.0,0.0,0.0
9176,0.0035460360510892325,48.16870244507164,0.0038678240740740756,0.9583333333333334,0.9621917448812091,217.0,217.0
9178,0.11152024522037536,50.00285001785419,0.0,1.0,1.0,0.0,0.0
9179,0.11152024522037536,50.00285001785419,0.0,1.0,1.0,0.0,0.0
9180,0.11152024522037536,50.00285001785419,0.0011229166666666664,1.0,1.0,63.0,63.0
9181,0.11152024522037536,50.00285001785419,0.0,1.0,1.0,0.0,0.0
9182,0.05837363332333216,49.67615220457675,0.0021210648148148156,0.9933174199498759,0.9933174199498759,119.0,119.0
9183,0.05837363332333216,50.01072821608657,0.0,1.0,1.0,0.0,0.0
9184,0.05278010051648831,50.00220048930471,0.0,1.0,1.0,0.0,0.0
9185,0.05278010051648831,50.00220048930471,0.0,1.0,1.0,0.0,0.0
9186,0.0639821435825218,49.84356230133154,9.80324074074074E-4,0.9967226194828465,0.9967226194828465,55.0,55.0
9187,0.0639821435825218,50.007754428371356,1.425925925925926E-4,1.0,1.0,8.0,8.0
9188,0.05278010051648831,50.00220048930471,0.0014972222222222227,1.0,1.0,84.0,84.0
9189,0.05278010051648831,50.00220048930471,0.0,1.0,1.0,0.0,0.0
9190,0.08652538941131442,50.006646633606024,0.0,1.0,1.0,0.0,0.0
9191,0.08652538941131442,50.006646633606024,0.0,1.0,1.0,0.0,0.0
9192,0.08652538941131442,50.006646633606024,0.0,1.0,1.0,0.0,0.0
9193,0.08652538941131442,50.006646633606024,0.0,1.0,1.0,0.0,0.0
9194,0.03554189928517398,50.000327247607004,4.634259259259258E-4,1.0,1.0,26.0,26.0
9195,0.03554189928517398,50.000327247607004,0.0,1.0,1.0,0.0,0.0
9196,0.09869810147443367,50.001852703062376,0.0,1.0,1.0,0.0,0.0
9197,0.09869810147443367,50.001852703062376,0.0,1.0,1.0,0.0,0.0
9198,0.03145579513731478,30.00552795292348,0.0,1.0,1.0,0.0,0.0
9199,0.03145579513731478,30.00552795292348,0.0,1.0,1.0,0.0,0.0
9200,0.013605671379436888,49.98729223812827,8.912037037037043E-4,0.999150347471644,0.999150347471644,50.0,50.0
9201,0.013605671379436888,50.03106942387416,0.0,1.0,1.0,0.0,0.0
9202,0.0030122535494603708,50.20422582433952,0.0,1.0,1.0,0.0,0.0
9203,0.0030122535494603708,50.20422582433952,8.912037037037043E-4,1.0,1.0,50.0,50.0
9204,0.010467255142213378,50.042654066358786,0.0,1.0,1.0,0.0,0.0
9205,0.010467255142213378,50.042654066358786,0.0,1.0,1.0,0.0,0.0
9206,0.050539659089076885,50.01175720744277,0.0,1.0,1.0,0.0,0.0
9207,0.050539659089076885,50.01175720744277,0.0,1.0,1.0,0.0,0.0
9208,0.0210753357708183,50.01398073496762,0.0,1.0,1.0,0.0,0.0
9209,0.0210753357708183,50.01398073496762,0.0,1.0,1.0,0.0,0.0
9210,0.010467255142213378,50.042654066358786,0.0,1.0,1.0,0.0,0.0
9211,0.010467255142213378,50.042654066358786,0.0,1.0,1.0,0.0,0.0
9212,0.024174869618343347,50.01697162415865,0.0,1.0,1.0,0.0,0.0
9213,0.024174869618343347,50.01697162415865,0.0,1.0,1.0,0.0,0.0
9214,0.036813257776869134,50.01046339499204,0.0,1.0,1.0,0.0,0.0
9215,0.036813257776869134,50.01046339499204,0.0,1.0,1.0,0.0,0.0
9216,0.07921822501457707,50.006244091263795,0.0,1.0,1.0,0.0,0.0
9217,0.07921822501457707,49.928890682435124,0.0013546296296296303,0.9984568343804664,0.9984568343804664,76.0,76.0
9218,0.026678557504032727,50.02229532006137,0.0,1.0,1.0,0.0,0.0
9219,0.026678557504032727,50.02229532006137,0.0,1.0,1.0,0.0,0.0
9220,0.017920219634018422,48.3244302857638,0.003279629629629629,0.9603246408188827,0.9662985632755309,184.0,184.0
9221,0.017920219634018422,50.00991525772584,0.0,1.0,1.0,0.0,0.0
9222,0.03681325777686913,50.01046339499203,0.0,1.0,1.0,0.0,0.0
9223,0.03681325777686913,48.8596054768377,0.0018893518518518532,0.962997890283185,0.9769915611327401,106.0,106.0
9224,0.12936961442754455,50.00328665870307,0.0,1.0,1.0,0.0,0.0
9225,0.12936961442754455,50.00328665870307,0.0,1.0,1.0,0.0,0.0
9226,0.12936961442754455,50.00328665870307,8.555555555555559E-4,1.0,1.0,48.0,48.0
9227,0.12936961442754455,50.00328665870307,0.0,1.0,1.0,0.0,0.0
9228,0.021104260637598786,49.54245461923442,1.7824074074074064E-4,0.9824751518232743,0.9905224246532546,10.0,10.0
9230,0.30944966527763856,49.85153550708098,0.008787268518518517,0.9970145414930381,0.9970145414930381,493.0,493.0
9232,0.024979852693853808,50.01527791872842,0.0,1.0,1.0,0.0,0.0
9234,0.03454132238945445,49.126902911711014,0.03424004629629631,0.9821866393069695,0.9821866393069695,1921.0,1921.0
9236,0.03887191019659521,49.66310256443128,0.0342400462962963,0.9930131088248213,0.9930131088248213,1921.0,1921.0
9238,0.24519739642793792,30.000701054976602,0.0,1.0,1.0,0.0,0.0
9240,0.007863490279256997,30.01968717425789,0.0,1.0,1.0,0.0,0.0
9241,0.007863490279256997,30.01968717425789,0.0,1.0,1.0,0.0,0.0
9242,0.009644338153295053,50.028267077611225,0.0,1.0,1.0,0.0,0.0
9243,0.009644338153295053,50.028267077611225,0.0,1.0,1.0,0.0,0.0
9244,0.0059139018617481555,30.028274615364403,0.0,1.0,1.0,0.0,0.0
9245,0.0059139018617481555,30.028274615364403,0.0,1.0,1.0,0.0,0.0
9246,0.009644338153295053,50.028267077611225,0.0,1.0,1.0,0.0,0.0
9247,0.009644338153295053,50.028267077611225,0.0,1.0,1.0,0.0,0.0
9248,0.07547696484547764,29.88290292326159,0.0013854166666666663,0.9960718157560722,0.9960718157560722,63.0,63.0
9250,0.02112735347253475,50.00557034919468,0.0,1.0,1.0,0.0,0.0
9251,0.02112735347253475,50.00557034919468,0.0,1.0,1.0,0.0,0.0
9252,0.006597159638164521,50.1050099101103,1.0694444444444449E-4,1.0,1.0,6.0,6.0
9254,0.02633500150105219,27.554751099640352,0.015855324074074067,0.9013325700681166,0.9184342940683623,721.0,721.0
9256,0.029415476474036414,27.692024681261742,0.01572337962962963,0.90224638451421,0.9228473656713789,715.0,715.0
9258,0.005371908033580427,50.10069668624234,0.0,1.0,1.0,0.0,0.0
9260,0.021127353472534745,50.00557034919467,1.0694444444444449E-4,1.0,1.0,6.0,6.0
9261,0.021127353472534745,50.00557034919467,0.0,1.0,1.0,0.0,0.0
9262,0.00882265033415344,29.431210734257505,0.0012534722222222222,0.980389959168717,0.980389959168717,57.0,57.0
9264,0.005525214122322845,50.10269733088726,0.0,1.0,1.0,0.0,0.0
9265,0.005525214122322845,50.10269733088726,0.0,1.0,1.0,0.0,0.0
9266,0.005525214122322845,50.10269733088726,0.0,1.0,1.0,0.0,0.0
9267,0.005525214122322845,50.10269733088726,0.0,1.0,1.0,0.0,0.0
9268,0.008532969688840155,50.030441172352695,0.0,1.0,1.0,0.0,0.0
9269,0.008532969688840155,50.030441172352695,0.0,1.0,1.0,0.0,0.0
9270,0.008532969688840155,50.030441172352695,0.0,1.0,1.0,0.0,0.0
9271,0.008532969688840155,50.030441172352695,2.1388888888888898E-4,1.0,1.0,12.0,12.0
9272,0.04903645133195405,29.977739477595495,2.6388888888888876E-4,0.9991970427766284,0.9991970427766284,12.0,12.0
9274,0.09613179224192422,29.14723328623698,0.00499189814814815,0.9616266816371225,0.9715067265484899,227.0,227.0
9276,0.004860813103206893,50.14019246860979,0.0,1.0,1.0,0.0,0.0
9277,0.004860813103206893,50.14019246860979,0.0,1.0,1.0,0.0,0.0
9278,0.034594151489036426,30.00215498928719,0.0,1.0,1.0,0.0,0.0
9279,0.034594151489036426,30.00215498928719,0.0,1.0,1.0,0.0,0.0
9280,0.004860813103206893,50.14019246860979,0.0,1.0,1.0,0.0,0.0
9281,0.004860813103206893,50.14019246860979,0.0,1.0,1.0,0.0,0.0
9282,0.15114897454477588,30.001450535435474,0.0,1.0,1.0,0.0,0.0
9283,0.15114897454477588,30.001450535435474,0.0,1.0,1.0,0.0,0.0
9284,0.0344391046324962,48.04670675376521,0.006470138888888886,0.9437550430191717,0.9606987681930134,363.0,363.0
9286,0.07196607109049842,50.00537655390742,0.0,1.0,1.0,0.0,0.0
9287,0.07196607109049842,50.00537655390742,0.0,1.0,1.0,0.0,0.0
9288,0.0719660710904984,50.0053765539074,2.1388888888888898E-4,1.0,1.0,12.0,12.0
9289,0.0719660710904984,50.0053765539074,0.0,1.0,1.0,0.0,0.0
9290,0.06883055232179869,50.00807030443497,0.0,1.0,1.0,0.0,0.0
9291,0.06883055232179869,50.00807030443497,0.0,1.0,1.0,0.0,0.0
9292,0.06794364641376822,50.00963547118496,0.0,1.0,1.0,0.0,0.0
9293,0.06794364641376822,50.00963547118496,1.7824074074074075E-5,1.0,1.0,1.0,1.0
9294,0.07294395718123749,49.94415862748054,1.7824074074074075E-5,0.998701327980988,0.998701327980988,1.0,1.0
9295,0.07294395718123749,50.00918793609883,0.0,1.0,1.0,0.0,0.0
9296,0.06883055232179869,50.00807030443497,0.0,1.0,1.0,0.0,0.0
9297,0.06883055232179869,50.00807030443497,0.0,1.0,1.0,0.0,0.0
9298,0.011614713401471658,50.01551225514111,0.0,1.0,1.0,0.0,0.0
9299,0.011614713401471658,50.01551225514111,0.0,1.0,1.0,0.0,0.0
9300,0.003762426241292676,50.16568321723568,0.0,1.0,1.0,0.0,0.0
9301,0.003762426241292676,48.63981035271143,0.0012655092592592598,0.9583333333333334,0.9696206120572114,71.0,71.0
9302,0.1452784137175657,49.89794569532833,0.0012655092592592598,0.9979547188926694,0.9979547188926694,71.0,71.0
9303,0.1452784137175657,50.00021887029029,0.0,1.0,1.0,0.0,0.0
9304,0.011614713401471658,50.01551225514111,0.0,1.0,1.0,0.0,0.0
9305,0.011614713401471658,50.01551225514111,0.0,1.0,1.0,0.0,0.0
9306,0.017258872050891664,29.61384103160119,5.277777777777775E-4,0.9870981200848195,0.9870981200848195,24.0,24.0
9307,0.017258872050891664,28.698545423531755,0.05528472222222222,0.9266473104872177,0.9565892419488708,2514.0,2514.0
9308,0.08687261029168113,29.059741970302873,0.05570254629629626,0.9364376947114852,0.9685946324186218,2533.0,2533.0
9309,0.08687261029168113,29.95295840371583,3.298611111111113E-4,0.9983656625994367,0.9983656625994367,15.0,15.0
9310,0.02679542702955522,50.00701778455096,0.0,1.0,1.0,0.0,0.0
9311,0.02679542702955522,50.00701778455096,0.0,1.0,1.0,0.0,0.0
9312,0.02679542702955522,50.00701778455096,2.851851851851852E-4,1.0,1.0,16.0,16.0
9313,0.02679542702955522,50.00701778455096,0.0,1.0,1.0,0.0,0.0
9314,0.0033609334797200896,48.61708817562735,4.812499999999999E-4,0.9583333333333334,0.9684161337724936,27.0,27.0
9315,0.0033609334797200896,48.61708817562735,0.0010694444444444443,0.9583333333333334,0.9684161337724936,60.0,60.0
9316,0.03372828011398694,49.611688467501224,0.0010872685185185187,0.9920616134473202,0.9920616134473202,61.0,61.0
9317,0.03372828011398694,49.611688467501224,4.2777777777777795E-4,0.9920616134473202,0.9920616134473202,24.0,24.0
9318,0.026833641973646856,50.00057510617427,0.0,1.0,1.0,0.0,0.0
9319,0.026833641973646856,50.00057510617427,0.0,1.0,1.0,0.0,0.0
9320,0.026833641973646856,50.00057510617427,7.12962962962963E-5,1.0,1.0,4.0,4.0
9321,0.026833641973646856,50.00057510617427,0.0,1.0,1.0,0.0,0.0
9322,0.026309245711778742,49.52794976136501,2.1388888888888898E-4,0.9824006572102891,0.9904230985026077,12.0,12.0
9323,0.026309245711778742,50.00701402450026,0.0,1.0,1.0,0.0,0.0
9324,0.05381962765221706,50.00017020593069,0.0,1.0,1.0,0.0,0.0
9325,0.05381962765221706,50.00017020593069,0.0,1.0,1.0,0.0,0.0
9326,0.011686658134341324,50.02612281049794,0.0,1.0,1.0,0.0,0.0
9328,0.044453397104293385,50.010071742330055,0.0,1.0,1.0,0.0,0.0
9329,0.044453397104293385,50.010071742330055,0.0,1.0,1.0,0.0,0.0
9330,0.05008467465516158,50.00133909001156,0.0,1.0,1.0,0.0,0.0
9332,0.014691515698704836,50.037328775153654,0.0,1.0,1.0,0.0,0.0
9334,0.003037818536308672,47.72448377802943,0.014259259259259268,0.9403780523737789,0.9513461812040129,800.0,800.0
9335,0.003037818536308672,48.53124135964317,0.0017824074074074085,0.9583333333333334,0.9674467889422593,100.0,100.0
9336,0.08852947827111839,49.475187087502306,0.0021032407407407415,0.9816973334754291,0.9894853335227943,118.0,118.0
9337,0.08852947827111839,47.99270352196273,0.01358194444444445,0.9437694187653657,0.9598358623014296,762.0,762.0
9338,0.16214305705904672,50.00128537027311,0.0,1.0,1.0,0.0,0.0
9339,0.16214305705904672,50.00128537027311,0.0,1.0,1.0,0.0,0.0
9340,0.0995429956551578,50.00066755386746,0.0,1.0,1.0,0.0,0.0
9342,0.010188801613167599,48.85292018677353,6.951388888888888E-4,0.9673077525894967,0.9762821718456601,39.0,39.0
9344,0.07159926672729953,50.00142778240123,2.1388888888888898E-4,1.0,1.0,12.0,12.0
9346,0.02079312628308227,50.003510099596646,4.2777777777777795E-4,1.0,1.0,24.0,24.0
9348,0.0555218278090633,50.017580540154285,4.2777777777777795E-4,0.9999747041901308,0.9999747041901308,24.0,24.0
9350,0.1621430570590467,49.94468669308314,6.951388888888888E-4,0.9988690975980951,0.9988690975980951,39.0,39.0
9351,0.1621430570590467,50.0012853702731,0.0,1.0,1.0,0.0,0.0
9352,0.044453397104293385,50.010071742330055,0.0,1.0,1.0,0.0,0.0
9353,0.044453397104293385,50.010071742330055,0.0,1.0,1.0,0.0,0.0
9354,0.017761243302576873,50.03167127486443,0.0,1.0,1.0,0.0,0.0
9355,0.017761243302576873,50.03167127486443,0.0,1.0,1.0,0.0,0.0
9356,0.017761243302576873,50.03167127486443,6.951388888888888E-4,1.0,1.0,39.0,39.0
9357,0.017761243302576873,50.03167127486443,0.0,1.0,1.0,0.0,0.0
9358,0.07267470956465404,50.00553410411975,0.0,1.0,1.0,0.0,0.0
9360,0.023141796603361502,50.00628317653146,0.0,1.0,1.0,0.0,0.0
9361,0.023141796603361502,50.00628317653146,0.0,1.0,1.0,0.0,0.0
9362,0.007045013083837574,50.023761542041946,0.0,1.0,1.0,0.0,0.0
9363,0.007045013083837574,50.023761542041946,0.0,1.0,1.0,0.0,0.0
9364,0.018001879206830048,50.00522001897235,0.0,1.0,1.0,0.0,0.0
9365,0.018001879206830048,50.00522001897235,0.0,1.0,1.0,0.0,0.0
9366,0.04165337551745132,50.00071752678384,0.0,1.0,1.0,0.0,0.0
9367,0.04165337551745132,50.00071752678384,0.0,1.0,1.0,0.0,0.0
9368,0.023141796603361502,50.00628317653146,0.0,1.0,1.0,0.0,0.0
9369,0.023141796603361502,50.00628317653146,0.0,1.0,1.0,0.0,0.0
9370,0.03867443038901135,50.01003929613537,0.0,1.0,1.0,0.0,0.0
9371,0.03867443038901135,50.01003929613537,0.0,1.0,1.0,0.0,0.0
9372,0.05995261722362812,50.00681696132096,0.0,1.0,1.0,0.0,0.0
9373,0.05995261722362812,50.00681696132096,0.0,1.0,1.0,0.0,0.0
9374,0.12418671637058624,50.00248058764237,0.0,1.0,1.0,0.0,0.0
9375,0.12418671637058624,50.00248058764237,0.0,1.0,1.0,0.0,0.0
9376,0.018001879206830048,50.00522001897235,0.0,1.0,1.0,0.0,0.0
9377,0.018001879206830048,50.00522001897235,0.0,1.0,1.0,0.0,0.0
9378,0.03419749333782199,50.00445817065766,0.0,1.0,1.0,0.0,0.0
9379,0.03419749333782199,50.00445817065766,0.0,1.0,1.0,0.0,0.0
9380,0.05995261722362812,50.00681696132096,0.0,1.0,1.0,0.0,0.0
9381,0.05995261722362812,50.00681696132096,0.0,1.0,1.0,0.0,0.0
9382,0.03419749333782199,50.00445817065766,0.0,1.0,1.0,0.0,0.0
9383,0.03419749333782199,50.00445817065766,0.0,1.0,1.0,0.0,0.0
9384,0.01728345170374734,50.01641972145532,0.0,1.0,1.0,0.0,0.0
9385,0.01728345170374734,50.01641972145532,0.0,1.0,1.0,0.0,0.0
9386,0.03867443038901135,50.01003929613537,0.0,1.0,1.0,0.0,0.0
9387,0.03867443038901135,50.01003929613537,0.0,1.0,1.0,0.0,0.0
9388,0.007045013083837574,50.023761542041946,0.0,1.0,1.0,0.0,0.0
9389,0.007045013083837574,50.023761542041946,0.0,1.0,1.0,0.0,0.0
9390,0.01728345170374734,50.01641972145532,0.0,1.0,1.0,0.0,0.0
9391,0.01728345170374734,50.01641972145532,0.0,1.0,1.0,0.0,0.0
9392,0.04165337551745132,50.00071752678384,0.0,1.0,1.0,0.0,0.0
9393,0.04165337551745132,50.00071752678384,0.0,1.0,1.0,0.0,0.0
9394,0.10968437109524555,50.00173938747423,0.0,1.0,1.0,0.0,0.0
9395,0.10968437109524555,48.55739378062667,0.004402546296296294,0.9615286343381526,0.9711145373526107,247.0,247.0
9396,0.044495356149262366,50.01039092642664,0.0,1.0,1.0,0.0,0.0
9397,0.044495356149262366,50.01039092642664,0.0,1.0,1.0,0.0,0.0
9398,0.12418671637058624,50.00248058764237,0.0,1.0,1.0,0.0,0.0
9399,0.12418671637058624,50.00248058764237,6.594907407407404E-4,1.0,1.0,37.0,37.0
9400,0.00891595302427562,50.07399514413765,0.0,1.0,1.0,0.0,0.0
9401,0.00891595302427562,50.07399514413765,0.0,1.0,1.0,0.0,0.0
9402,0.02961842482063033,50.01234960331575,0.0,1.0,1.0,0.0,0.0
9403,0.02961842482063033,50.01234960331575,0.0,1.0,1.0,0.0,0.0
9404,0.16481000817727826,50.00135087124573,0.0,1.0,1.0,0.0,0.0
9405,0.16481000817727826,49.84455972683099,0.0012298611111111106,0.9968653028377433,0.9968653028377433,69.0,69.0
9406,0.02961842482063033,50.01234960331575,7.664351851851849E-4,1.0,1.0,43.0,43.0
9407,0.02961842482063033,50.01234960331575,0.0,1.0,1.0,0.0,0.0
9408,0.1364520948873246,50.002803501055425,0.0,1.0,1.0,0.0,0.0
9409,0.1364520948873246,50.002803501055425,0.0,1.0,1.0,0.0,0.0
9410,0.1364520948873246,50.002803501055425,0.0,1.0,1.0,0.0,0.0
9411,0.1364520948873246,50.002803501055425,0.0,1.0,1.0,0.0,0.0
9412,0.010874835355743032,49.60844010811013,6.416666666666666E-4,0.9909578394005625,0.9909578394005625,36.0,36.0
9413,0.010874835355743032,50.0631806658247,0.0,1.0,1.0,0.0,0.0
9414,0.03394003810688887,50.013973469013486,0.0,1.0,1.0,0.0,0.0
9415,0.03394003810688887,50.013973469013486,6.416666666666666E-4,1.0,1.0,36.0,36.0
9416,0.06225511131928228,50.00410547733517,0.0,1.0,1.0,0.0,0.0
9417,0.06225511131928228,50.00410547733517,0.0,1.0,1.0,0.0,0.0
9418,0.10989102295506512,49.9603942632239,9.624999999999998E-4,0.9991892742222435,0.9991892742222435,54.0,54.0
9420,0.06225511131928229,50.00410547733517,0.0,1.0,1.0,0.0,0.0
9421,0.06225511131928229,50.00410547733517,0.0,1.0,1.0,0.0,0.0
9422,0.02079807476621494,50.015410259434724,0.0,1.0,1.0,0.0,0.0
9423,0.02079807476621494,50.015410259434724,0.0,1.0,1.0,0.0,0.0
9424,0.00891595302427562,50.07399514413765,0.0,1.0,1.0,0.0,0.0
9425,0.00891595302427562,48.69120711894578,0.0027449074074074094,0.9653696177248053,0.9724059021162774,154.0,154.0
9426,0.02079807476621494,50.015410259434724,0.0,1.0,1.0,0.0,0.0
9427,0.02079807476621494,50.015410259434724,7.486111111111114E-4,1.0,1.0,42.0,42.0
9428,0.050203093915545983,48.89004873779507,0.0041886574074074066,0.9679845843841295,0.9776358354349257,235.0,235.0
9429,0.050203093915545983,50.00861596457265,0.0,1.0,1.0,0.0,0.0
9430,0.05989455068712013,50.00472691874593,0.0,1.0,1.0,0.0,0.0
9431,0.05989455068712013,50.00472691874593,0.0,1.0,1.0,0.0,0.0
9432,0.017255481475824144,50.01588833572215,0.0,1.0,1.0,0.0,0.0
9433,0.017255481475824144,50.01588833572215,0.0,1.0,1.0,0.0,0.0
9434,0.01725548147582414,50.015888335722146,0.0,1.0,1.0,0.0,0.0
9435,0.01725548147582414,50.015888335722146,0.0,1.0,1.0,0.0,0.0
9436,0.05989455068712013,50.00472691874593,0.0,1.0,1.0,0.0,0.0
9437,0.05989455068712013,50.00472691874593,0.0,1.0,1.0,0.0,0.0
9438,0.007980040835123693,50.0490365965946,0.0,1.0,1.0,0.0,0.0
9439,0.007980040835123693,50.0490365965946,0.0,1.0,1.0,0.0,0.0
9440,0.04449535614926237,50.010390926426645,0.0,1.0,1.0,0.0,0.0
9441,0.04449535614926237,48.37427407952144,0.005757175925925928,0.9605715805418129,0.9672863221672515,323.0,323.0
9442,0.03987494480514964,47.95272326221417,0.006505787037037038,0.942857470754882,0.9587254932519038,365.0,365.0
9443,0.03987494480514964,50.01735236882881,0.0,1.0,1.0,0.0,0.0
9444,0.007980040835123693,50.0490365965946,0.0,1.0,1.0,0.0,0.0
9445,0.007980040835123693,50.0490365965946,0.0,1.0,1.0,0.0,0.0
9446,0.06451470725449072,50.00063425536419,0.0,1.0,1.0,0.0,0.0
9447,0.06451470725449072,50.00063425536419,0.0,1.0,1.0,0.0,0.0
9448,0.052755398773223695,48.0218118133165,0.008894212962962961,0.9436006321510939,0.9603392203967889,499.0,499.0
9449,0.052755398773223695,50.00511732059118,0.0,1.0,1.0,0.0,0.0
9450,0.08765955675804611,50.003866951190936,0.0,1.0,1.0,0.0,0.0
9451,0.08765955675804611,47.9316105832884,0.0082525462962963,0.9430517045042258,0.9585589007161066,463.0,463.0
9452,0.06451470725449072,50.00063425536419,0.0,1.0,1.0,0.0,0.0
9453,0.06451470725449072,50.00063425536419,0.0,1.0,1.0,0.0,0.0
9454,0.041135299980160515,50.01252277223164,8.912037037037032E-5,1.0,1.0,5.0,5.0
9455,0.041135299980160515,50.01252277223164,0.0,1.0,1.0,0.0,0.0
9456,0.040467398110553575,50.01120260830514,7.12962962962963E-5,1.0,1.0,4.0,4.0
9457,0.040467398110553575,50.01120260830514,0.0,1.0,1.0,0.0,0.0
9458,0.033088274726572955,47.37659613099641,0.02318912037037038,0.930017142619063,0.9473918957334151,1301.0,1301.0
9460,0.020392892951117507,50.00981922617372,0.0,1.0,1.0,0.0,0.0
9461,0.020392892951117507,50.00981922617372,0.0,1.0,1.0,0.0,0.0
9462,0.023382264015147376,50.015538000315246,0.0,1.0,1.0,0.0,0.0
9463,0.023382264015147376,50.015538000315246,0.0,1.0,1.0,0.0,0.0
9464,0.020392892951117503,50.00981922617372,0.0,1.0,1.0,0.0,0.0
9465,0.020392892951117503,50.00981922617372,0.0,1.0,1.0,0.0,0.0
9466,0.005847262083207158,50.00034085402796,0.0,1.0,1.0,0.0,0.0
9467,0.005847262083207158,50.00034085402796,0.0,1.0,1.0,0.0,0.0
9468,0.023382264015147376,50.015538000315246,0.0,1.0,1.0,0.0,0.0
9469,0.023382264015147376,50.015538000315246,0.0,1.0,1.0,0.0,0.0
9470,0.005499238057407585,50.1196379915628,0.0,1.0,1.0,0.0,0.0
9471,0.005499238057407585,50.1196379915628,0.0,1.0,1.0,0.0,0.0
9472,0.02037424657959729,50.032256266405355,0.0,1.0,1.0,0.0,0.0
9473,0.02037424657959729,50.032256266405355,0.0,1.0,1.0,0.0,0.0
9474,0.3679073434939955,47.59702425171347,0.024935879629629638,0.9312517887242291,0.9518934567254239,1399.0,1399.0
9476,0.02037424657959729,50.032256266405355,0.0,1.0,1.0,0.0,0.0
9477,0.02037424657959729,48.66469878513526,1.247685185185186E-4,0.9619189326491506,0.9726757305966025,7.0,7.0
9478,0.021594547416961544,50.02597857211168,0.0,1.0,1.0,0.0,0.0
9479,0.021594547416961544,50.02597857211168,0.0,1.0,1.0,0.0,0.0
9480,0.0316582932911766,50.008712526650186,0.0,1.0,1.0,0.0,0.0
9481,0.0316582932911766,50.008712526650186,0.0,1.0,1.0,0.0,0.0
9482,0.005847262083207158,50.00034085402796,0.0,1.0,1.0,0.0,0.0
9483,0.005847262083207158,50.00034085402796,0.0,1.0,1.0,0.0,0.0
9484,0.005499238057407585,49.17206358578481,1.247685185185186E-4,0.9640308214072918,0.9811232856291671,7.0,7.0
9485,0.005499238057407585,50.1196379915628,0.0,1.0,1.0,0.0,0.0
9486,0.021594547416961544,50.02597857211168,0.0,1.0,1.0,0.0,0.0
9487,0.021594547416961544,50.02597857211168,0.0,1.0,1.0,0.0,0.0
9488,0.0316582932911766,50.008712526650186,0.0,1.0,1.0,0.0,0.0
9489,0.0316582932911766,50.008712526650186,7.12962962962963E-5,1.0,1.0,4.0,4.0
9490,0.00749761024097929,50.07680309373923,0.0,1.0,1.0,0.0,0.0
9492,0.0428985881552277,49.536200014219865,1.0694444444444449E-4,0.9905072744497541,0.9905072744497541,6.0,6.0
9494,0.03214214663500285,50.005068230773674,0.0,1.0,1.0,0.0,0.0
9495,0.03214214663500285,50.005068230773674,0.0,1.0,1.0,0.0,0.0
9496,0.34870413120612465,50.0013890043037,0.0,1.0,1.0,0.0,0.0
9497,0.34870413120612465,50.0013890043037,0.0,1.0,1.0,0.0,0.0
9498,0.015886394937389324,50.03588956658054,0.0,1.0,1.0,0.0,0.0
9499,0.015886394937389324,50.03588956658054,0.0,1.0,1.0,0.0,0.0
9500,0.02584356475805796,50.01980275753153,0.0,1.0,1.0,0.0,0.0
9502,0.03679351071469341,50.00250606753352,0.0,1.0,1.0,0.0,0.0
9503,0.03679351071469341,50.00250606753352,0.0,1.0,1.0,0.0,0.0
9504,0.050606907864326124,50.00957131802747,0.0,1.0,1.0,0.0,0.0
9505,0.050606907864326124,50.00957131802747,0.0,1.0,1.0,0.0,0.0
9506,0.0367935107146934,50.00250606753351,0.0,1.0,1.0,0.0,0.0
9507,0.0367935107146934,50.00250606753351,0.0,1.0,1.0,0.0,0.0
9508,0.03917766706239105,50.01404305837156,0.0,1.0,1.0,0.0,0.0
9509,0.03917766706239105,50.01404305837156,0.0,1.0,1.0,0.0,0.0
9510,0.1743223642175501,50.00083747774523,0.0,1.0,1.0,0.0,0.0
9512,0.012229406843391175,50.02939163205481,0.0,1.0,1.0,0.0,0.0
9514,0.0056459338367049975,50.062467517581254,0.0,1.0,1.0,0.0,0.0
9516,0.03572440726170363,50.00305837563494,0.0,1.0,1.0,0.0,0.0
9518,0.024883006610238956,50.016093688922524,0.0,1.0,1.0,0.0,0.0
9520,0.05165931692839452,50.006329911863475,0.0,1.0,1.0,0.0,0.0
9522,0.01834426961438036,50.02982622103734,0.0,1.0,1.0,0.0,0.0
9524,0.36927654269141336,50.00171338206974,0.0,1.0,1.0,0.0,0.0
9525,0.36927654269141336,50.00171338206974,0.0,1.0,1.0,0.0,0.0
9526,0.10665764324127158,30.00214999754475,0.0,1.0,1.0,0.0,0.0
9527,0.10665764324127158,30.00214999754475,0.0014293981481481482,1.0,1.0,65.0,65.0
9528,0.10103543044175718,29.916390180406246,0.0014293981481481482,0.9971931142724707,0.9971931142724707,65.0,65.0
9529,0.10103543044175718,30.00062269798135,0.0,1.0,1.0,0.0,0.0
9530,0.13612528061614892,50.00010307296563,0.0,1.0,1.0,0.0,0.0
9531,0.13612528061614892,50.00010307296563,0.0,1.0,1.0,0.0,0.0
9532,0.08227101961523908,29.39764369195318,0.0036284722222222226,0.9691020408805832,0.979870748427833,165.0,165.0
9533,0.08227101961523908,30.00158737994942,0.0,1.0,1.0,0.0,0.0
9534,0.009407157711021514,30.0228437585793,0.0,1.0,1.0,0.0,0.0
9535,0.009407157711021514,29.41403892367482,0.0014293981481481482,0.9743870080425748,0.9797382329456553,65.0,65.0
9536,0.13612528061614892,50.00010307296563,0.0,1.0,1.0,0.0,0.0
9537,0.13612528061614892,50.00010307296563,0.0,1.0,1.0,0.0,0.0
9538,0.01613639574057852,50.035335629700846,0.0,1.0,1.0,0.0,0.0
9539,0.01613639574057852,50.035335629700846,0.0,1.0,1.0,0.0,0.0
9540,0.028638090502295294,50.02286550619266,0.0,1.0,1.0,0.0,0.0
9541,0.028638090502295294,50.02286550619266,8.377314814814818E-4,1.0,1.0,47.0,47.0
9542,0.03966049766043158,49.909020304558865,8.377314814814818E-4,0.9979938309937649,0.9979938309937649,47.0,47.0
9543,0.03966049766043158,50.009734352908474,0.0,1.0,1.0,0.0,0.0
9544,0.01613639574057852,50.035335629700846,0.0,1.0,1.0,0.0,0.0
9545,0.01613639574057852,50.035335629700846,0.0,1.0,1.0,0.0,0.0
9546,0.010335852827816584,50.01219110233831,0.0,1.0,1.0,0.0,0.0
9547,0.010335852827816584,50.01219110233831,0.0,1.0,1.0,0.0,0.0
9548,0.010171071783543826,50.02166450923193,0.0,1.0,1.0,0.0,0.0
9549,0.010171071783543826,50.02166450923193,0.0,1.0,1.0,0.0,0.0
9550,0.009177584427758878,50.059551424139336,0.0,1.0,1.0,0.0,0.0
9551,0.009177584427758878,50.059551424139336,0.0,1.0,1.0,0.0,0.0
9552,0.011862986069709208,50.00790380673671,0.0,1.0,1.0,0.0,0.0
9554,0.009177584427758878,50.059551424139336,0.0,1.0,1.0,0.0,0.0
9555,0.009177584427758878,50.059551424139336,0.0,1.0,1.0,0.0,0.0
9556,0.05559652471139725,49.595934285649896,1.0694444444444449E-4,0.9916912481601717,0.9916912481601717,6.0,6.0
9558,0.010171071783543826,50.02166450923193,0.0,1.0,1.0,0.0,0.0
9559,0.010171071783543826,50.02166450923193,0.0,1.0,1.0,0.0,0.0
9560,0.016431185080325712,49.15084143987794,1.0694444444444449E-4,0.9829801109538219,0.9829801109538219,6.0,6.0
9562,0.010335852827816584,50.01219110233831,0.0,1.0,1.0,0.0,0.0
9563,0.010335852827816584,50.01219110233831,0.0,1.0,1.0,0.0,0.0
9564,0.03642914768551987,50.017136410324774,0.0,1.0,1.0,0.0,0.0
9565,0.03642914768551987,50.017136410324774,0.0,1.0,1.0,0.0,0.0
9566,0.22826111249283051,47.59346686784105,0.021014583333333337,0.9312239586786373,0.951823694587802,1179.0,1179.0
9568,0.036429147685519865,50.01713641032476,0.0,1.0,1.0,0.0,0.0
9569,0.036429147685519865,50.01713641032476,0.0,1.0,1.0,0.0,0.0
9570,0.032142146635002845,50.00506823077366,0.0,1.0,1.0,0.0,0.0
9571,0.032142146635002845,50.00506823077366,0.0,1.0,1.0,0.0,0.0
9572,0.34870413120612465,50.0013890043037,0.0,1.0,1.0,0.0,0.0
9573,0.34870413120612465,50.0013890043037,0.0,1.0,1.0,0.0,0.0
9574,0.027611671654061917,50.00101506771775,0.0,1.0,1.0,0.0,0.0
9575,0.027611671654061917,50.00101506771775,0.0,1.0,1.0,0.0,0.0
9576,0.027611671654061917,50.00101506771775,0.0,1.0,1.0,0.0,0.0
9577,0.027611671654061917,50.00101506771775,0.0,1.0,1.0,0.0,0.0
9578,0.043797629480146205,47.52173752643699,0.016255555555555558,0.930681720862818,0.9500096268263702,912.0,912.0
9580,0.04888774405006351,50.013037391369316,0.0,1.0,1.0,0.0,0.0
9582,0.004397869100009658,50.10230620264168,0.0,1.0,1.0,0.0,0.0
9584,0.00830172723419371,50.06066673885654,0.0,1.0,1.0,0.0,0.0
9586,0.03218726400630873,50.01042314316418,0.0,1.0,1.0,0.0,0.0
9588,0.003047285060628037,50.09235716100883,0.0,1.0,1.0,0.0,0.0
9590,0.007228680856561354,50.044713622347835,0.0,1.0,1.0,0.0,0.0
9592,0.05128859454583847,50.010547227794824,0.0,1.0,1.0,0.0,0.0
9594,0.05043544183193702,50.00484455934268,0.0,1.0,1.0,0.0,0.0
9596,0.10028739706669763,47.57406020585311,0.016255555555555558,0.9310441808045449,0.9513912730918418,912.0,912.0
9598,0.05399868613706173,50.01164653805562,0.0,1.0,1.0,0.0,0.0
9600,0.026267241877396003,50.00638326738531,0.0,1.0,1.0,0.0,0.0
9602,0.051330694745511385,50.010961051107174,0.0,1.0,1.0,0.0,0.0
9604,0.005274213684123829,50.09807193363003,0.0,1.0,1.0,0.0,0.0
9605,0.005274213684123829,50.09807193363003,0.0,1.0,1.0,0.0,0.0
9606,0.022323427314848876,47.554632867161985,0.016255555555555554,0.9307375501330023,0.9503415093032029,912.0,912.0
9608,0.05663374354609366,50.00772057050213,0.0,1.0,1.0,0.0,0.0
9609,0.05663374354609366,50.00772057050213,0.0,1.0,1.0,0.0,0.0
9610,0.04550469884947201,50.00516357084836,0.0,1.0,1.0,0.0,0.0
9611,0.04550469884947201,50.00516357084836,0.0,1.0,1.0,0.0,0.0
9612,0.006323722614581535,50.03384925822753,0.0,1.0,1.0,0.0,0.0
9613,0.006323722614581535,50.03384925822753,0.0,1.0,1.0,0.0,0.0
9614,0.04550469884947202,50.005163570848374,0.0,1.0,1.0,0.0,0.0
9615,0.04550469884947202,50.005163570848374,0.0,1.0,1.0,0.0,0.0
9616,0.005274213684123829,50.09807193363003,0.0,1.0,1.0,0.0,0.0
9617,0.005274213684123829,50.09807193363003,0.0,1.0,1.0,0.0,0.0
9618,0.06119569253503093,50.001019774423824,0.0,1.0,1.0,0.0,0.0
9619,0.06119569253503093,50.001019774423824,0.0,1.0,1.0,0.0,0.0
9620,0.06119569253503093,50.001019774423824,0.0,1.0,1.0,0.0,0.0
9621,0.06119569253503093,50.001019774423824,0.0,1.0,1.0,0.0,0.0
9622,0.06251498040798052,50.000873021268575,0.0,1.0,1.0,0.0,0.0
9623,0.06251498040798052,50.000873021268575,0.0,1.0,1.0,0.0,0.0
9624,0.02565013205089252,50.02192599307317,0.0,1.0,1.0,0.0,0.0
9625,0.02565013205089252,50.02192599307317,0.0,1.0,1.0,0.0,0.0
9626,0.0558268918165902,30.001016650205216,8.576388888888886E-4,1.0,1.0,39.0,39.0
9628,0.049268160982462075,50.004335928069764,0.0,1.0,1.0,0.0,0.0
9629,0.049268160982462075,50.004335928069764,0.0,1.0,1.0,0.0,0.0
9630,0.04062342697515815,50.015163170509354,0.0,1.0,1.0,0.0,0.0
9631,0.04062342697515815,50.015163170509354,0.0,1.0,1.0,0.0,0.0
9632,0.049268160982462075,50.004335928069764,0.0,1.0,1.0,0.0,0.0
9633,0.049268160982462075,50.004335928069764,0.0,1.0,1.0,0.0,0.0
9634,0.04062342697515815,50.015163170509354,0.0,1.0,1.0,0.0,0.0
9635,0.04062342697515815,50.015163170509354,0.0,1.0,1.0,0.0,0.0
9636,0.006587082989540131,50.02847840157062,0.0,1.0,1.0,0.0,0.0
9637,0.006587082989540131,50.02847840157062,0.0,1.0,1.0,0.0,0.0
9638,0.006587082989540131,50.02847840157062,0.0,1.0,1.0,0.0,0.0
9639,0.006587082989540131,50.02847840157062,0.0,1.0,1.0,0.0,0.0
9640,0.04229843319744403,50.007999839342695,0.0,1.0,1.0,0.0,0.0
9642,0.012683079842489014,50.00995337673653,0.0,1.0,1.0,0.0,0.0
9644,0.006323722614581535,50.03384925822753,0.0,1.0,1.0,0.0,0.0
9645,0.006323722614581535,50.03384925822753,0.0,1.0,1.0,0.0,0.0
9646,0.025650132050892515,50.02192599307316,0.0,1.0,1.0,0.0,0.0
9647,0.025650132050892515,50.02192599307316,0.0,1.0,1.0,0.0,0.0
9648,0.05663374354609366,50.00772057050213,0.0,1.0,1.0,0.0,0.0
9649,0.05663374354609366,50.00772057050213,0.0,1.0,1.0,0.0,0.0
9650,0.07662662163561695,50.001058163534715,0.0,1.0,1.0,0.0,0.0
9652,0.01683415174956073,50.002430939289304,0.0,1.0,1.0,0.0,0.0
9654,0.02860094092145885,50.00650185393485,0.0,1.0,1.0,0.0,0.0
9655,0.02860094092145885,50.00650185393485,0.0,1.0,1.0,0.0,0.0
9656,0.036367436614016,50.00869817053385,0.0,1.0,1.0,0.0,0.0
9658,0.0494898959901081,50.003824183101074,0.0,1.0,1.0,0.0,0.0
9659,0.0494898959901081,50.003824183101074,0.0,1.0,1.0,0.0,0.0
9660,0.04715864803179856,50.006224717076535,0.0,1.0,1.0,0.0,0.0
9662,0.011879138742077583,50.01742628243193,0.0,1.0,1.0,0.0,0.0
9663,0.011879138742077583,50.01742628243193,0.0,1.0,1.0,0.0,0.0
9664,0.00754047137253502,50.0843116994946,0.0,1.0,1.0,0.0,0.0
9665,0.00754047137253502,50.0843116994946,0.0,1.0,1.0,0.0,0.0
9666,0.0494898959901081,50.003824183101074,0.0,1.0,1.0,0.0,0.0
9667,0.0494898959901081,50.003824183101074,0.0,1.0,1.0,0.0,0.0
9668,0.017059240492685642,50.0108027472869,0.0,1.0,1.0,0.0,0.0
9669,0.017059240492685642,50.0108027472869,0.0,1.0,1.0,0.0,0.0
9670,0.011879138742077583,50.01742628243193,0.0,1.0,1.0,0.0,0.0
9671,0.011879138742077583,50.01742628243193,0.0,1.0,1.0,0.0,0.0
9672,0.0034226281411148174,50.08724108948513,0.0,1.0,1.0,0.0,0.0
9673,0.0034226281411148174,50.08724108948513,0.0,1.0,1.0,0.0,0.0
9674,0.017059240492685642,50.0108027472869,0.0,1.0,1.0,0.0,0.0
9675,0.017059240492685642,50.0108027472869,0.0,1.0,1.0,0.0,0.0
9676,0.03603809280388979,50.014315379338186,0.0,1.0,1.0,0.0,0.0
9678,0.0034226281411148174,50.08724108948513,0.0,1.0,1.0,0.0,0.0
9679,0.0034226281411148174,50.08724108948513,0.0,1.0,1.0,0.0,0.0
9680,0.06660585648673809,50.00648245093996,0.0,1.0,1.0,0.0,0.0
9682,0.00754047137253502,50.0843116994946,0.0,1.0,1.0,0.0,0.0
9683,0.00754047137253502,50.0843116994946,0.0,1.0,1.0,0.0,0.0
9684,0.07862161437198978,50.00668051928679,0.0,1.0,1.0,0.0,0.0
9685,0.07862161437198978,50.00668051928679,0.0,1.0,1.0,0.0,0.0
9686,0.02954684578593278,50.008765787192296,0.0,1.0,1.0,0.0,0.0
9687,0.02954684578593278,50.008765787192296,0.0,1.0,1.0,0.0,0.0
9688,0.07862161437198976,50.006680519286775,0.0,1.0,1.0,0.0,0.0
9689,0.07862161437198976,50.006680519286775,0.0,1.0,1.0,0.0,0.0
9690,0.06251498040798052,50.000873021268575,0.0,1.0,1.0,0.0,0.0
9691,0.06251498040798052,50.000873021268575,0.0,1.0,1.0,0.0,0.0
9692,0.02954684578593278,50.008765787192296,0.0,1.0,1.0,0.0,0.0
9693,0.02954684578593278,50.008765787192296,0.0,1.0,1.0,0.0,0.0
9694,0.02673071535775686,50.01589152179039,8.912037037037032E-5,1.0,1.0,5.0,5.0
9695,0.02673071535775686,50.01589152179039,0.0,1.0,1.0,0.0,0.0
9696,0.03167003063900107,50.00531153526485,0.0,1.0,1.0,0.0,0.0
9697,0.03167003063900107,50.00531153526485,0.0,1.0,1.0,0.0,0.0
9698,0.06842995137841484,50.00970868093655,0.0,1.0,1.0,0.0,0.0
9699,0.06842995137841484,50.00970868093655,0.0,1.0,1.0,0.0,0.0
9700,0.031910297995461794,49.52347662565172,4.634259259259258E-4,0.9902436313287951,0.9902436313287951,26.0,26.0
9701,0.031910297995461794,50.011786148742914,0.0,1.0,1.0,0.0,0.0
9702,0.02434994013832985,50.00558157329577,0.0,1.0,1.0,0.0,0.0
9703,0.02434994013832985,49.74826118478319,4.634259259259258E-4,0.9948582435408281,0.9948582435408281,26.0,26.0
9704,0.06842995137841484,49.9788693605833,4.634259259259258E-4,0.9993913041603822,0.9993913041603822,26.0,26.0
9705,0.06842995137841484,50.00970868093655,0.0,1.0,1.0,0.0,0.0
9706,0.09875263792211765,50.00133565676843,0.0,1.0,1.0,0.0,0.0
9707,0.09875263792211765,50.00133565676843,0.0,1.0,1.0,0.0,0.0
9708,0.034815652416111405,50.01450466799724,0.0,1.0,1.0,0.0,0.0
9709,0.034815652416111405,50.01450466799724,0.0,1.0,1.0,0.0,0.0
9710,0.03167003063900107,50.00531153526485,0.0,1.0,1.0,0.0,0.0
9711,0.03167003063900107,50.00531153526485,0.0,1.0,1.0,0.0,0.0
9712,0.09875263792211765,50.00133565676843,0.0,1.0,1.0,0.0,0.0
9713,0.09875263792211765,50.00133565676843,0.0,1.0,1.0,0.0,0.0
9714,0.034815652416111405,50.01450466799724,0.0,1.0,1.0,0.0,0.0
9715,0.034815652416111405,50.01450466799724,0.0,1.0,1.0,0.0,0.0
9716,0.0059139018617481555,30.028274615364403,0.0,1.0,1.0,0.0,0.0
9717,0.0059139018617481555,30.028274615364403,0.0,1.0,1.0,0.0,0.0
9718,0.06957571647716501,30.000308937333102,0.0,1.0,1.0,0.0,0.0
9720,0.1261684266954498,50.00069750149927,0.0,1.0,1.0,0.0,0.0
9721,0.1261684266954498,50.00069750149927,0.0,1.0,1.0,0.0,0.0
9722,0.18517157919437477,50.001326515132696,0.0,1.0,1.0,0.0,0.0
9723,0.18517157919437477,50.001326515132696,0.0,1.0,1.0,0.0,0.0
9724,0.026566781412932578,50.0211365515467,0.0,1.0,1.0,0.0,0.0
9725,0.026566781412932578,50.0211365515467,0.0,1.0,1.0,0.0,0.0
9726,0.007863490279256997,30.01968717425789,0.0,1.0,1.0,0.0,0.0
9727,0.007863490279256997,30.01968717425789,0.0,1.0,1.0,0.0,0.0
9728,0.10070185579027333,29.83021527977579,1.9791666666666674E-4,0.9943224643608549,0.9943224643608549,9.0,9.0
9729,0.10070185579027333,30.00055286701291,0.0,1.0,1.0,0.0,0.0
9730,0.026566781412932578,50.0211365515467,0.0,1.0,1.0,0.0,0.0
9731,0.026566781412932578,49.97528384304111,1.6041666666666664E-4,0.9990917527263661,0.9990917527263661,9.0,9.0
9732,0.002567571324280975,50.235091127236466,0.0,1.0,1.0,0.0,0.0
9733,0.002567571324280975,50.235091127236466,0.0,1.0,1.0,0.0,0.0
9734,0.1261684266954498,50.00069750149927,0.0,1.0,1.0,0.0,0.0
9735,0.1261684266954498,50.00069750149927,0.0,1.0,1.0,0.0,0.0
9736,0.1851715791943748,50.00132651513271,8.912037037037032E-5,1.0,1.0,5.0,5.0
9737,0.1851715791943748,50.00132651513271,0.0,1.0,1.0,0.0,0.0
9738,0.002567571324280975,50.235091127236466,0.0,1.0,1.0,0.0,0.0
9739,0.002567571324280975,50.235091127236466,0.0,1.0,1.0,0.0,0.0
9740,0.011770745646849528,50.02914324516919,0.0,1.0,1.0,0.0,0.0
9741,0.011770745646849528,50.02914324516919,0.0,1.0,1.0,0.0,0.0
9742,0.028330944689864097,47.740158728392004,0.006951388888888889,0.953990298702466,0.953990298702466,390.0,390.0
9744,0.022241188569363565,50.01141714535218,0.0,1.0,1.0,0.0,0.0
9745,0.022241188569363565,50.01141714535218,0.0,1.0,1.0,0.0,0.0
9746,0.084295118211638,49.37858435379336,0.00834166666666667,0.9875345782755081,0.9875345782755081,468.0,468.0
9748,0.035752807673222704,50.00392681569609,0.0,1.0,1.0,0.0,0.0
9749,0.035752807673222704,50.00392681569609,0.0,1.0,1.0,0.0,0.0
9750,0.008729291626983899,49.65271117953692,5.3472222222222244E-5,0.9922606041071426,0.9922606041071426,3.0,3.0
9752,0.02504010115014032,49.973031501101694,3.564814814814815E-5,0.9989733712646359,0.9989733712646359,2.0,2.0
9754,0.014736151323445613,49.7556045241902,1.7824074074074075E-5,0.9951093900796254,0.9951093900796254,1.0,1.0
9756,0.017465680976821194,50.02104337037096,0.0,1.0,1.0,0.0,0.0
9758,0.05187385942158378,49.97764688826165,1.7824074074074075E-5,0.9993096819748803,0.9993096819748803,1.0,1.0
9760,0.002836488012299521,50.05567080528567,0.0,1.0,1.0,0.0,0.0
9762,0.011343629128247426,50.045422624621,0.0,1.0,1.0,0.0,0.0
9764,0.011956228882480845,50.049330205733774,0.0,1.0,1.0,0.0,0.0
9766,0.033070678347492756,49.03464203593045,0.007076157407407406,0.9806590262818587,0.9806590262818587,397.0,397.0
9768,0.058081226812708296,50.010145067148976,0.0,1.0,1.0,0.0,0.0
9770,0.08107043854857689,49.87225555148544,0.007432638888888889,0.9974339982500886,0.9974339982500886,417.0,417.0
9772,0.46938303066432185,49.97259211237209,0.007610879629629631,0.9994363369701227,0.9994363369701227,427.0,427.0
9774,0.018675372075720367,50.02331805996527,0.0,1.0,1.0,0.0,0.0
9775,0.018675372075720367,50.02331805996527,0.0,1.0,1.0,0.0,0.0
9776,0.2601991294939646,50.000900297761966,0.0,1.0,1.0,0.0,0.0
9777,0.2601991294939646,50.000900297761966,7.12962962962963E-5,1.0,1.0,4.0,4.0
9778,0.2228827408645458,50.00173659328004,0.0,1.0,1.0,0.0,0.0
9779,0.2228827408645458,49.972538275281636,3.564814814814815E-5,0.9994163954302986,0.9994163954302986,2.0,2.0
9780,0.018675372075720363,49.681492053222165,1.0694444444444449E-4,0.993173195723457,0.993173195723457,6.0,6.0
9781,0.018675372075720363,50.02331805996526,0.0,1.0,1.0,0.0,0.0
9782,0.011277374417996242,50.05986178148763,0.0,1.0,1.0,0.0,0.0
9783,0.011277374417996242,49.518092943818424,0.0027092592592592606,0.9892145080645222,0.9892145080645222,152.0,152.0
9784,0.04723385078697488,48.72279554230796,0.0027092592592592606,0.9623049798462505,0.9742199193850022,152.0,152.0
9785,0.04723385078697488,50.01231259797341,0.0,1.0,1.0,0.0,0.0
9786,0.007918646670613127,44.58455037906492,0.017325000000000007,0.8791112482830987,0.8914695597714968,972.0,972.0
9788,0.052081000095016206,44.80309215664092,0.02352777777777779,0.8802024853910744,0.8958653446735094,1320.0,1320.0
9790,0.009648816438468382,29.494980777151262,6.377314814814811E-4,0.9824553744295043,0.9824553744295043,29.0,29.0
9792,0.009597009672345226,29.4857908162956,0.001407407407407408,0.9823258575141964,0.9823258575141964,64.0,64.0
9794,0.125825772120634,48.79720860253225,0.0021745370370370373,0.9627239939548988,0.9758959758195952,122.0,122.0
9796,0.005708829187866335,50.00434325138396,0.0,1.0,1.0,0.0,0.0
9797,0.005708829187866335,50.00434325138396,0.0,1.0,1.0,0.0,0.0
9798,0.03303537502612689,47.309259621117825,0.03577291666666666,0.923992984782702,0.9459719391308077,2007.0,2007.0
9800,0.005708829187866335,50.00434325138396,0.0,1.0,1.0,0.0,0.0
9801,0.005708829187866335,50.00434325138396,0.0,1.0,1.0,0.0,0.0
9802,0.00881562109902353,50.05715450549638,0.0,1.0,1.0,0.0,0.0
9803,0.00881562109902353,50.05715450549638,0.0,1.0,1.0,0.0,0.0
9804,0.002907615402375937,50.08332750504007,0.0,1.0,1.0,0.0,0.0
9805,0.002907615402375937,50.08332750504007,0.0,1.0,1.0,0.0,0.0
9806,0.00881562109902353,50.05715450549638,0.0,1.0,1.0,0.0,0.0
9807,0.00881562109902353,50.05715450549638,0.0,1.0,1.0,0.0,0.0
9808,0.004566178439333149,30.05163141060207,0.0,1.0,1.0,0.0,0.0
9809,0.004566178439333149,30.05163141060207,5.71759259259259E-4,1.0,1.0,26.0,26.0
9810,0.059977809316946316,30.00140524399149,0.0,1.0,1.0,0.0,0.0
9811,0.059977809316946316,30.00140524399149,0.0,1.0,1.0,0.0,0.0
9812,0.019452160832502865,50.01984214072166,0.0,1.0,1.0,0.0,0.0
9813,0.019452160832502865,50.01984214072166,0.0,1.0,1.0,0.0,0.0
9814,0.03143806412874588,29.951069532677515,5.71759259259259E-4,0.9982231851206993,0.9982231851206993,26.0,26.0
9816,0.019452160832502865,49.55090612065239,4.634259259259258E-4,0.9906336809365657,0.9906336809365657,26.0,26.0
9817,0.019452160832502865,50.01984214072166,0.0,1.0,1.0,0.0,0.0
9818,0.002907615402375937,50.08332750504007,0.0,1.0,1.0,0.0,0.0
9819,0.002907615402375937,50.08332750504007,0.0,1.0,1.0,0.0,0.0
9820,0.016890206086762234,50.00389959896714,0.0,1.0,1.0,0.0,0.0
9821,0.016890206086762234,50.00389959896714,0.0,1.0,1.0,0.0,0.0
9822,0.016890206086762234,50.00389959896714,4.634259259259258E-4,1.0,1.0,26.0,26.0
9823,0.016890206086762234,50.00389959896714,0.0,1.0,1.0,0.0,0.0
9824,0.0060443558798157,50.02225555709545,0.0,1.0,1.0,0.0,0.0
9825,0.0060443558798157,50.02225555709545,0.0,1.0,1.0,0.0,0.0
9826,0.0060443558798157,50.02225555709545,0.0,1.0,1.0,0.0,0.0
9827,0.0060443558798157,50.02225555709545,0.0,1.0,1.0,0.0,0.0
9828,0.10518679477145773,29.962922504960265,0.001781250000000001,0.9987325460732036,0.9987325460732036,81.0,81.0
9829,0.10518679477145773,30.00098725853651,0.0,1.0,1.0,0.0,0.0
9830,0.027342094525711538,30.00046945826319,0.0,1.0,1.0,0.0,0.0
9831,0.027342094525711538,30.00046945826319,6.817129629629625E-4,1.0,1.0,31.0,31.0
9832,0.008595782249183335,50.07251795640778,0.0,1.0,1.0,0.0,0.0
9833,0.008595782249183335,50.07251795640778,0.0,1.0,1.0,0.0,0.0
9834,0.059977809316946316,30.00140524399149,0.0,1.0,1.0,0.0,0.0
9835,0.059977809316946316,29.875930616851253,5.71759259259259E-4,0.9958194641564247,0.9958194641564247,26.0,26.0
9836,0.022294315227587794,29.572045087407908,0.0012534722222222222,0.9787990629935039,0.9856209728802275,57.0,57.0
9837,0.022294315227587794,30.00356441843591,0.0,1.0,1.0,0.0,0.0
9838,0.008595782249183335,50.07251795640778,0.0,1.0,1.0,0.0,0.0
9839,0.008595782249183335,50.07251795640778,0.0,1.0,1.0,0.0,0.0
9840,0.013836270104582184,50.01061483583922,0.0,1.0,1.0,0.0,0.0
9841,0.013836270104582184,50.01061483583922,0.0,1.0,1.0,0.0,0.0
9842,0.023237048061263976,50.03192166300857,0.0,1.0,1.0,0.0,0.0
9843,0.023237048061263976,50.03192166300857,0.0,1.0,1.0,0.0,0.0
9844,0.20512160357586742,49.88223909684092,2.1388888888888898E-4,0.9975952255028564,0.9975952255028564,12.0,12.0
9845,0.20512160357586742,49.681708005858624,0.010088425925925923,0.993587268007617,0.993587268007617,566.0,566.0
9846,0.013836270104582184,50.01061483583922,0.0,1.0,1.0,0.0,0.0
9847,0.013836270104582184,50.01061483583922,0.0,1.0,1.0,0.0,0.0
9848,0.24504331826820863,49.920295542826814,0.010088425925925923,0.9983477727560696,0.9983477727560696,566.0,566.0
9849,0.24504331826820863,49.97209280925779,2.1388888888888898E-4,0.9993804147835261,0.9993804147835261,12.0,12.0
9850,0.1453132156850389,50.00263586944562,0.0,1.0,1.0,0.0,0.0
9851,0.1453132156850389,50.00263586944562,0.0,1.0,1.0,0.0,0.0
9852,0.008074663581685695,50.03233888824184,0.0,1.0,1.0,0.0,0.0
9853,0.008074663581685695,50.03233888824184,0.0,1.0,1.0,0.0,0.0
9854,0.008074663581685695,50.03233888824184,0.0,1.0,1.0,0.0,0.0
9855,0.008074663581685695,50.03233888824184,0.0,1.0,1.0,0.0,0.0
9856,0.023237048061263976,49.77550806448565,2.1388888888888898E-4,0.994891679068922,0.994891679068922,12.0,12.0
9857,0.023237048061263976,49.34815206694745,0.010088425925925923,0.9863778108504586,0.9863778108504586,566.0,566.0
9858,0.1453132156850389,49.46857993911779,0.010088425925925923,0.9893232745091861,0.9893232745091861,566.0,566.0
9859,0.1453132156850389,49.80236489557268,2.1388888888888898E-4,0.9959962279409448,0.9959962279409448,12.0,12.0
9860,0.011381363516055077,50.027971499143206,0.0,1.0,1.0,0.0,0.0
9861,0.011381363516055077,50.027971499143206,0.0,1.0,1.0,0.0,0.0
9862,0.011381363516055077,50.027971499143206,0.0,1.0,1.0,0.0,0.0
9863,0.011381363516055077,50.027971499143206,0.0,1.0,1.0,0.0,0.0
9864,0.013383454387706092,50.031605187686324,0.0,1.0,1.0,0.0,0.0
9865,0.013383454387706092,50.031605187686324,0.0,1.0,1.0,0.0,0.0
9866,0.08185483026199009,49.921046187599686,0.007682175925925923,0.9983366840447389,0.9983366840447389,431.0,431.0
9868,0.013383454387706092,50.031605187686324,0.0,1.0,1.0,0.0,0.0
9869,0.013383454387706092,50.031605187686324,0.0,1.0,1.0,0.0,0.0
9870,0.012579559746823064,50.040237666920476,0.0,1.0,1.0,0.0,0.0
9871,0.012579559746823064,50.040237666920476,0.0,1.0,1.0,0.0,0.0
9872,0.010999902825349168,50.062768863788875,0.0,1.0,1.0,0.0,0.0
9873,0.010999902825349168,50.062768863788875,0.0,1.0,1.0,0.0,0.0
9874,0.03170032321190358,50.00927412920811,0.0,1.0,1.0,0.0,0.0
9875,0.03170032321190358,50.00927412920811,0.0,1.0,1.0,0.0,0.0
9876,0.03170032321190358,50.0092741292081,0.0,1.0,1.0,0.0,0.0
9877,0.03170032321190358,50.0092741292081,0.0,1.0,1.0,0.0,0.0
9878,0.012579559746823064,50.040237666920476,0.0,1.0,1.0,0.0,0.0
9879,0.012579559746823064,50.040237666920476,0.0,1.0,1.0,0.0,0.0
9880,0.049943544372434756,49.80201450920968,0.0013902777777777776,0.9957909916126594,0.9957909916126594,78.0,78.0
9882,0.007628086077448076,50.020236573430005,0.0,1.0,1.0,0.0,0.0
9884,0.021765931233484984,50.00469204884872,0.0,1.0,1.0,0.0,0.0
9886,0.04212190161591257,29.598852125694755,0.009741898148148144,0.9865144658405872,0.9865144658405872,443.0,443.0
9888,0.030573422996376748,50.0065073997984,0.0,1.0,1.0,0.0,0.0
9889,0.030573422996376748,50.0065073997984,0.0,1.0,1.0,0.0,0.0
9890,0.030573422996376748,50.0065073997984,7.486111111111114E-4,1.0,1.0,42.0,42.0
9891,0.030573422996376748,50.0065073997984,0.0,1.0,1.0,0.0,0.0
9892,0.4361335529943737,50.002572954768965,0.0,1.0,1.0,0.0,0.0
9893,0.4361335529943737,49.934106872245394,0.0021745370370370373,0.9986328224785027,0.9986328224785027,122.0,122.0
9894,0.035577659323018554,48.38412198014103,0.0021745370370370373,0.9605216684988549,0.9670866739954196,122.0,122.0
9895,0.035577659323018554,50.03108342299484,0.0,1.0,1.0,0.0,0.0
9896,0.07584998481588719,30.003290334819674,2.858796296296295E-4,1.0,1.0,13.0,13.0
9898,0.017959341001483338,50.00280557257542,0.0,1.0,1.0,0.0,0.0
9900,0.011243565102842296,50.03316980251208,0.0,1.0,1.0,0.0,0.0
9902,0.022863591782505376,47.012496367432085,0.013635416666666664,0.9225373322600694,0.9401493290402777,765.0,765.0
9904,0.017483150459492492,50.03127317501826,0.0,1.0,1.0,0.0,0.0
9906,0.0031142591755209583,50.050593892301116,0.0,1.0,1.0,0.0,0.0
9907,0.0031142591755209583,48.02771572248728,0.002655787037037036,0.9418559374528972,0.9595951385748702,149.0,149.0
9908,0.009537839960758193,49.23423255253623,0.002655787037037036,0.9836835665195098,0.9836835665195098,149.0,149.0
9909,0.009537839960758193,50.052804458789346,0.0,1.0,1.0,0.0,0.0
9910,0.02448826101518386,50.0043900480215,0.0,1.0,1.0,0.0,0.0
9911,0.02448826101518386,50.0043900480215,0.0,1.0,1.0,0.0,0.0
9912,0.02448826101518386,50.0043900480215,0.0,1.0,1.0,0.0,0.0
9913,0.02448826101518386,50.0043900480215,0.0,1.0,1.0,0.0,0.0
9914,0.01785896704806968,50.03290379225747,0.0,1.0,1.0,0.0,0.0
9915,0.01785896704806968,50.03290379225747,0.0,1.0,1.0,0.0,0.0
9916,0.04853682005832931,50.00931660274342,0.0,1.0,1.0,0.0,0.0
9918,0.08114239673463267,49.93265422155988,0.002655787037037036,0.9986121035219175,0.9986121035219175,149.0,149.0
9919,0.08114239673463267,50.002161630379604,0.0,1.0,1.0,0.0,0.0
9920,0.07390374091231373,50.00065162268924,0.0,1.0,1.0,0.0,0.0
9921,0.07390374091231373,50.00065162268924,6.416666666666666E-4,1.0,1.0,36.0,36.0
9922,0.045152075503499416,50.01460671156859,0.0,1.0,1.0,0.0,0.0
9923,0.045152075503499416,50.01460671156859,0.0,1.0,1.0,0.0,0.0
9924,0.12511063047343515,50.00535913227119,0.0,1.0,1.0,0.0,0.0
9925,0.12511063047343515,50.00535913227119,0.0,1.0,1.0,0.0,0.0
9926,0.07003963739414543,46.01159802086457,0.08746273148148145,0.8828819025920156,0.9200820098930078,4907.0,4907.0
9928,0.12511063047343515,50.00535913227119,0.0,1.0,1.0,0.0,0.0
9929,0.12511063047343515,49.16592061373158,6.951388888888888E-4,0.9769951050129086,0.9832156955727671,39.0,39.0
9930,0.023607743681719816,50.022293851790074,0.0,1.0,1.0,0.0,0.0
9931,0.023607743681719816,50.022293851790074,0.0,1.0,1.0,0.0,0.0
9932,0.023607743681719816,50.022293851790074,0.0,1.0,1.0,0.0,0.0
9933,0.023607743681719816,50.022293851790074,1.0694444444444449E-4,1.0,1.0,6.0,6.0
9934,0.20393984306924293,30.00095762705437,0.0,1.0,1.0,0.0,0.0
9935,0.20393984306924293,30.00095762705437,0.0,1.0,1.0,0.0,0.0
9936,0.10136180644310365,30.00349475375539,0.0,1.0,1.0,0.0,0.0
9937,0.10136180644310365,30.00349475375539,0.0,1.0,1.0,0.0,0.0
9938,0.026678557504032727,50.02229532006137,0.0,1.0,1.0,0.0,0.0
9939,0.026678557504032727,50.02229532006137,5.347222222222221E-4,1.0,1.0,30.0,30.0
9940,0.024174869618343347,49.74604636119446,5.347222222222221E-4,0.9945956377608484,0.9945956377608484,30.0,30.0
9941,0.024174869618343347,50.01697162415865,0.0,1.0,1.0,0.0,0.0
9942,0.051480923448615865,50.00845235159663,0.0,1.0,1.0,0.0,0.0
9943,0.051480923448615865,50.00845235159663,0.0,1.0,1.0,0.0,0.0
9944,0.051480923448615865,50.00845235159663,0.0,1.0,1.0,0.0,0.0
9945,0.051480923448615865,50.00845235159663,0.0,1.0,1.0,0.0,0.0
9946,0.008975859817217248,50.02027142721686,0.0,1.0,1.0,0.0,0.0
9947,0.008975859817217248,50.02027142721686,0.0,1.0,1.0,0.0,0.0
9948,0.1868323985752304,50.00346701887067,0.0,1.0,1.0,0.0,0.0
9949,0.1868323985752304,50.00346701887067,9.268518518518516E-4,1.0,1.0,52.0,52.0
9950,0.025679112416632708,48.65935778145911,0.0014081018518518522,0.9619306151048528,0.9727224604194112,79.0,79.0
9951,0.025679112416632708,50.02424496746631,0.0,1.0,1.0,0.0,0.0
9952,0.008975859817217248,50.02027142721686,0.0,1.0,1.0,0.0,0.0
9953,0.008975859817217248,50.02027142721686,0.0,1.0,1.0,0.0,0.0
9954,0.06321612444839317,30.003697826528075,0.0,1.0,1.0,0.0,0.0
9955,0.06321612444839317,27.948361930850293,0.01642708333333333,0.919317798088033,0.931499075217763,747.0,747.0
9956,0.05709055731723278,27.98160906659015,0.017350694444444443,0.9193959495215197,0.9326042966388045,789.0,789.0
9957,0.05709055731723278,30.003796546282924,0.0,1.0,1.0,0.0,0.0
9958,0.009097056942625598,50.07554280344366,0.0,1.0,1.0,0.0,0.0
9959,0.009097056942625598,50.07554280344366,0.0,1.0,1.0,0.0,0.0
9960,0.009097056942625598,50.07554280344366,4.812499999999999E-4,1.0,1.0,27.0,27.0
9961,0.009097056942625598,50.07554280344366,0.0,1.0,1.0,0.0,0.0
9962,0.019109504827560617,50.03215809397689,0.0,1.0,1.0,0.0,0.0
9963,0.019109504827560617,50.03215809397689,0.0,1.0,1.0,0.0,0.0
9964,0.022749502387956283,49.331897958765765,7.129629629629626E-4,0.9791384682146745,0.9860735131751217,40.0,40.0
9965,0.022749502387956283,50.02944935653184,0.0,1.0,1.0,0.0,0.0
9966,0.08098839183507729,50.00140809574314,0.0,1.0,1.0,0.0,0.0
9967,0.08098839183507729,50.00140809574314,0.0,1.0,1.0,0.0,0.0
9968,0.08098839183507729,50.00140809574314,7.129629629629626E-4,1.0,1.0,40.0,40.0
9969,0.08098839183507729,50.00140809574314,0.0,1.0,1.0,0.0,0.0
9970,0.005139540090491798,50.00633601559587,0.0,1.0,1.0,0.0,0.0
9971,0.005139540090491798,50.00633601559587,0.0,1.0,1.0,0.0,0.0
9972,0.016828628484800892,30.00646980945181,0.0,1.0,1.0,0.0,0.0
9973,0.016828628484800892,30.00646980945181,0.0,1.0,1.0,0.0,0.0
9974,0.005139540090491798,50.00633601559587,0.0,1.0,1.0,0.0,0.0
9975,0.005139540090491798,50.00633601559587,0.0,1.0,1.0,0.0,0.0
9976,0.10751164587620073,29.991404834836494,0.0012534722222222222,0.9996839663626413,0.9996839663626413,57.0,57.0
9977,0.10751164587620073,30.00092435891192,0.0,1.0,1.0,0.0,0.0
9978,0.004836985555069498,50.03778160416723,0.0,1.0,1.0,0.0,0.0
9979,0.004836985555069498,50.03778160416723,0.0,1.0,1.0,0.0,0.0
9980,0.014134108604070121,30.00164562184696,0.0,1.0,1.0,0.0,0.0
9981,0.014134108604070121,30.00164562184696,6.157407407407405E-4,1.0,1.0,28.0,28.0
9982,0.016828628484800892,29.59763165829803,0.0012534722222222222,0.9863810474746681,0.9863810474746681,57.0,57.0
9983,0.016828628484800892,30.00646980945181,0.0,1.0,1.0,0.0,0.0
9984,0.004836985555069498,50.03778160416723,0.0,1.0,1.0,0.0,0.0
9985,0.004836985555069498,50.03778160416723,5.168981481481481E-4,1.0,1.0,29.0,29.0
9986,0.02448138111885429,50.01871284215406,0.0,1.0,1.0,0.0,0.0
9987,0.02448138111885429,50.01871284215406,0.0,1.0,1.0,0.0,0.0
9988,0.004998421063462245,29.538665778792705,0.002331018518518519,0.9833254386506446,0.9833254386506446,106.0,106.0
9990,0.02448138111885429,50.01871284215406,0.0,1.0,1.0,0.0,0.0
9991,0.02448138111885429,50.01871284215406,3.743055555555557E-4,1.0,1.0,21.0,21.0
9992,0.13069437986867927,49.66665978467656,0.05564675925925927,0.9932395300583271,0.9932395300583271,3122.0,3122.0
9993,0.13069437986867927,50.00528935351741,0.0,1.0,1.0,0.0,0.0
9994,0.011692783561630072,47.89068555390467,0.016362500000000002,0.9414405659763467,0.9568431767077318,918.0,918.0
9996,0.0670106338969876,48.09513315506698,0.016362500000000002,0.9440875753436426,0.9617555211809578,918.0,918.0
9997,0.0670106338969876,49.934590771596035,3.564814814814813E-4,0.9985397136715259,0.9985397136715259,20.0,20.0
9998,0.012158460999941351,48.54936789688045,3.564814814814813E-4,0.9613847988188918,0.9705391952755671,20.0,20.0
10000,0.063730075521233,50.006162135230774,0.0,1.0,1.0,0.0,0.0
10001,0.063730075521233,46.59127522122529,0.03151296296296297,0.8960397776185662,0.9317163832797941,1768.0,1768.0
10002,0.013484907547544575,46.09878731658314,0.03186944444444445,0.8915084868773038,0.9211420458272299,1788.0,1788.0
10004,0.2036852818157982,50.00116021390205,0.0,1.0,1.0,0.0,0.0
10005,0.2036852818157982,46.71271441737375,0.0393199074074074,0.9149884850249118,0.9342337428929597,2206.0,2206.0
10006,0.014108098478983496,46.03687677949189,0.07200925925925929,0.8807957729039443,0.9200544209410385,4040.0,4040.0
10008,0.02986508744578387,50.00665804875439,6.773148148148152E-4,1.0,1.0,38.0,38.0
10009,0.02986508744578387,50.00665804875439,0.0,1.0,1.0,0.0,0.0
10010,0.04318877633564345,50.00951907633207,0.0,1.0,1.0,0.0,0.0
10011,0.04318877633564345,50.00951907633207,0.0,1.0,1.0,0.0,0.0
10012,0.059285906129493984,50.006856154212365,0.0,1.0,1.0,0.0,0.0
10013,0.059285906129493984,49.70181433167167,3.208333333333333E-4,0.9939048770110297,0.9939048770110297,18.0,18.0
10014,0.05431629610252392,49.96300472371869,3.386574074074076E-4,0.9990705554102263,0.9990705554102263,19.0,19.0
10015,0.05431629610252392,50.00988899465118,0.0,1.0,1.0,0.0,0.0
10016,0.04318877633564345,50.00951907633207,0.0,1.0,1.0,0.0,0.0
10017,0.04318877633564345,50.00951907633207,0.0,1.0,1.0,0.0,0.0
10018,0.09501710552016224,50.001692716354924,0.0,1.0,1.0,0.0,0.0
10019,0.09501710552016224,47.9101883061197,0.016415972222222224,0.9415228730835822,0.9581723803399798,921.0,921.0
10020,0.05891841275248144,47.221436365810526,0.018091435185185183,0.9236003129447918,0.9444012517791674,1015.0,1015.0
10021,0.05891841275248144,50.001481826716926,0.0,1.0,1.0,0.0,0.0
10022,0.05180151446485377,50.009507126166156,0.0,1.0,1.0,0.0,0.0
10023,0.05180151446485377,50.009507126166156,0.0,1.0,1.0,0.0,0.0
10024,0.05180151446485377,50.009507126166156,0.0016041666666666663,1.0,1.0,90.0,90.0
10025,0.05180151446485377,50.009507126166156,0.0,1.0,1.0,0.0,0.0
10026,0.07244914110411779,50.00324155959049,0.0017467592592592589,1.0,1.0,98.0,98.0
10027,0.07244914110411779,50.00324155959049,0.0,1.0,1.0,0.0,0.0
10028,0.061559707950901,50.00337288430586,0.0,1.0,1.0,0.0,0.0
10029,0.061559707950901,50.00337288430586,0.0,1.0,1.0,0.0,0.0
10030,0.05831238802433159,50.005859191899404,0.0,1.0,1.0,0.0,0.0
10031,0.05831238802433159,50.005859191899404,0.0,1.0,1.0,0.0,0.0
10032,0.07840440776854414,50.00103949809725,0.0,1.0,1.0,0.0,0.0
10033,0.07840440776854414,50.00103949809725,0.0,1.0,1.0,0.0,0.0
10034,0.061559707950901,50.00337288430586,0.0,1.0,1.0,0.0,0.0
10035,0.061559707950901,50.00337288430586,0.0,1.0,1.0,0.0,0.0
10036,0.06364275193711517,50.00303513173606,0.0,1.0,1.0,0.0,0.0
10037,0.06364275193711517,50.00303513173606,0.0,1.0,1.0,0.0,0.0
10038,0.015833501059853834,48.27936832206285,0.004616435185185184,0.9601443036432278,0.965577214572911,259.0,259.0
10040,0.015315241356675892,50.03164145556553,0.0,1.0,1.0,0.0,0.0
10042,0.09790247857931235,50.006941385573846,5.703703703703704E-4,1.0,1.0,32.0,32.0
10044,0.018626777239333484,50.00477111230466,0.0,1.0,1.0,0.0,0.0
10046,0.017122219308820345,48.75685422432436,5.703703703703704E-4,0.9664241433084747,0.974514953283616,32.0,32.0
10048,0.09487592649742739,48.55305241197513,0.004616435185185184,0.9615129224199075,0.9710516896796301,259.0,259.0
10050,0.017989088257575413,50.00827623727528,0.0,1.0,1.0,0.0,0.0
10051,0.017989088257575413,50.00827623727528,0.0,1.0,1.0,0.0,0.0
10052,0.008951958215131903,50.042002444836726,0.0,1.0,1.0,0.0,0.0
10053,0.008951958215131903,50.042002444836726,0.0,1.0,1.0,0.0,0.0
10054,0.02519223913951519,50.023199615143234,0.0,1.0,1.0,0.0,0.0
10055,0.02519223913951519,46.477803753365194,0.014936574074074083,0.9193313027595138,0.9291307487896779,838.0,838.0
10056,0.13010482334236348,50.002921322996535,0.0,1.0,1.0,0.0,0.0
10058,0.008951958215131903,50.042002444836726,0.0,1.0,1.0,0.0,0.0
10059,0.008951958215131903,46.27353428677863,0.01577430555555556,0.9184048113427494,0.924700640913566,885.0,885.0
10060,0.03824993664739945,46.548520138713315,0.01577430555555556,0.9195658898433272,0.9306389514865692,885.0,885.0
10061,0.03824993664739945,50.01807916114712,0.0,1.0,1.0,0.0,0.0
10062,0.014800096512712383,50.02849525423905,0.0,1.0,1.0,0.0,0.0
10064,0.04920152437376836,49.79301138740847,0.0010159722222222221,0.9957208079089985,0.9957208079089985,57.0,57.0
10065,0.04920152437376836,50.00719586266688,0.0,1.0,1.0,0.0,0.0
10066,0.049584396827795675,50.0010724313906,0.0,1.0,1.0,0.0,0.0
10067,0.049584396827795675,49.77710929445833,8.555555555555559E-4,0.9955216309541801,0.9955216309541801,48.0,48.0
10068,0.0124902100281322,49.85854959936737,4.4560185185185214E-4,0.9968529725632974,0.9968529725632974,25.0,25.0
10070,0.013633768729612033,49.992570016028466,4.4560185185185214E-4,0.9992346395221694,0.9992346395221694,25.0,25.0
10072,0.051370468330788094,49.851788922928876,4.812499999999999E-4,0.9968611845814244,0.9968611845814244,27.0,27.0
10074,0.01241622956490652,50.05422892907443,3.564814814814815E-5,1.0,1.0,2.0,2.0
10076,0.04995267207192434,50.00823677945707,0.0,1.0,1.0,0.0,0.0
10078,0.010981700737478124,49.93372374887799,7.12962962962963E-5,0.9978196088864419,0.9978196088864419,4.0,4.0
10080,0.0041476297893671835,50.105594770878724,0.0,1.0,1.0,0.0,0.0
10082,0.002134512520777121,46.67868993504058,0.010837037037037043,0.9193294014193251,0.9294237283617736,608.0,608.0
10084,0.016601109102683153,46.73524921821896,0.011246990740740747,0.9211219680009761,0.9344878720039045,631.0,631.0
10086,0.32673951086685993,50.002645771156935,0.0,1.0,1.0,0.0,0.0
10088,0.013136522723106213,47.040583712431484,0.011246990740740747,0.922499441904131,0.9399977676165242,631.0,631.0
10090,0.008052942867863235,50.070111095522705,0.0,1.0,1.0,0.0,0.0
10092,0.4446726460213312,46.94151930302025,0.011246990740740748,0.922204479933362,0.938817919733448,631.0,631.0
10093,0.4446726460213312,50.00067234122915,0.0,1.0,1.0,0.0,0.0
10094,0.01170278972763448,50.03568054570562,0.0,1.0,1.0,0.0,0.0
10096,0.027117408043924433,50.01161319576227,0.0,1.0,1.0,0.0,0.0
10097,0.027117408043924433,46.902402878062915,0.010837037037037043,0.9219581823891249,0.9378327295564994,608.0,608.0
10098,0.034435300400440204,46.98292894701608,0.010837037037037043,0.9223827045983266,0.9395308183933064,608.0,608.0
10100,0.008549671066410268,50.04685502288937,0.0,1.0,1.0,0.0,0.0
10102,0.03543809320484148,50.010637215770025,0.0,1.0,1.0,0.0,0.0
10104,0.02748410658260544,50.02162977622831,6.951388888888888E-4,1.0,1.0,39.0,39.0
10106,0.07255881927560467,50.00224911795115,0.0,1.0,1.0,0.0,0.0
10107,0.07255881927560467,50.00224911795115,0.0,1.0,1.0,0.0,0.0
10108,0.025650578794175437,29.708965219394912,0.0013854166666666663,0.9902772157828922,0.9902772157828922,63.0,63.0
10110,0.026374501252937922,30.008914194240365,0.0,1.0,1.0,0.0,0.0
10111,0.026374501252937922,30.008914194240365,0.0,1.0,1.0,0.0,0.0
10112,0.004677478198042704,30.01590287514035,0.0,1.0,1.0,0.0,0.0
10113,0.004677478198042704,30.01590287514035,0.0,1.0,1.0,0.0,0.0
10114,0.004677478198042704,30.01590287514035,0.0,1.0,1.0,0.0,0.0
10115,0.004677478198042704,30.01590287514035,0.0,1.0,1.0,0.0,0.0
10116,0.020954804982113058,30.006880642643996,0.0,1.0,1.0,0.0,0.0
10117,0.020954804982113058,30.006880642643996,0.0,1.0,1.0,0.0,0.0
10118,0.056022231094102225,50.00744655064914,0.0,1.0,1.0,0.0,0.0
10119,0.056022231094102225,50.00744655064914,0.0,1.0,1.0,0.0,0.0
10120,0.056022231094102225,50.00744655064914,3.208333333333333E-4,1.0,1.0,18.0,18.0
10121,0.056022231094102225,50.00744655064914,0.0,1.0,1.0,0.0,0.0
10122,0.020954804982113058,30.006880642643996,0.0,1.0,1.0,0.0,0.0
10123,0.020954804982113058,29.804334198306147,3.958333333333335E-4,0.9932580083035217,0.9932580083035217,18.0,18.0
10124,0.026374501252937922,29.74758656646552,3.958333333333335E-4,0.9913014598995057,0.9913014598995057,18.0,18.0
10125,0.026374501252937922,30.008914194240365,0.0,1.0,1.0,0.0,0.0
10126,0.037731141290095055,50.01182203399933,0.0,1.0,1.0,0.0,0.0
10127,0.037731141290095055,50.01182203399933,0.0,1.0,1.0,0.0,0.0
10128,0.037731141290095055,50.01182203399933,0.0,1.0,1.0,0.0,0.0
10129,0.037731141290095055,50.01182203399933,0.0,1.0,1.0,0.0,0.0
10130,0.13249405315201493,49.563507011385205,0.019178703703703705,0.9912164384100819,0.9912164384100819,1076.0,1076.0
10132,0.07027303755003493,50.00651021548246,0.0,1.0,1.0,0.0,0.0
10133,0.07027303755003493,50.00651021548246,0.0,1.0,1.0,0.0,0.0
10134,0.07027303755003493,50.00651021548246,0.0,1.0,1.0,0.0,0.0
10135,0.07027303755003493,50.00651021548246,0.0,1.0,1.0,0.0,0.0
10136,0.0625907024425522,50.00588743745849,0.0,1.0,1.0,0.0,0.0
10137,0.0625907024425522,50.00588743745849,0.0,1.0,1.0,0.0,0.0
10138,0.0625907024425522,50.00588743745849,0.0,1.0,1.0,0.0,0.0
10139,0.0625907024425522,50.00588743745849,0.0,1.0,1.0,0.0,0.0
10140,0.03811563913095839,29.89898087342721,0.003936342592592589,0.9964489724642918,0.9964489724642918,179.0,179.0
10141,0.03811563913095839,30.005751338607087,0.0,1.0,1.0,0.0,0.0
10142,0.11823116145662504,30.00156349079088,0.0,1.0,1.0,0.0,0.0
10143,0.11823116145662504,29.93353434443855,0.0033425925925925923,0.997734533303243,0.997734533303243,152.0,152.0
10144,0.0625984298051253,50.00096456588663,0.0,1.0,1.0,0.0,0.0
10145,0.0625984298051253,50.00096456588663,0.0,1.0,1.0,0.0,0.0
10146,0.005197189921566894,29.55785372783835,0.0025729166666666656,0.9842422494937138,0.9842422494937138,117.0,117.0
10147,0.005197189921566894,30.031916079680283,0.0,1.0,1.0,0.0,0.0
10148,0.04429495654728452,50.00371388216503,0.0,1.0,1.0,0.0,0.0
10149,0.04429495654728452,50.00371388216503,0.0,1.0,1.0,0.0,0.0
10150,0.031275656802120376,30.000630026014747,0.0,1.0,1.0,0.0,0.0
10151,0.031275656802120376,29.923440905010313,0.002331018518518519,0.9974279043359838,0.9974279043359838,106.0,106.0
10152,0.04429495654728452,50.00371388216503,0.0,1.0,1.0,0.0,0.0
10153,0.04429495654728452,50.00371388216503,0.0,1.0,1.0,0.0,0.0
10154,0.009225697846161545,29.444102197773162,0.002331018518518519,0.9813975779487372,0.9813975779487372,106.0,106.0
10155,0.009225697846161545,30.002269418411526,0.0,1.0,1.0,0.0,0.0
10156,0.0422181689795662,30.00106757331984,0.0,1.0,1.0,0.0,0.0
10157,0.0422181689795662,29.805426066359757,0.002331018518518519,0.9934800991753858,0.9934800991753858,106.0,106.0
10158,0.043719082510564104,50.01229648491605,0.0,1.0,1.0,0.0,0.0
10159,0.043719082510564104,50.01229648491605,0.0,1.0,1.0,0.0,0.0
10160,0.043719082510564104,50.01229648491605,0.0,1.0,1.0,0.0,0.0
10161,0.043719082510564104,50.01229648491605,0.0,1.0,1.0,0.0,0.0
10162,0.05526852309596849,50.004192798564105,3.386574074074076E-4,1.0,1.0,19.0,19.0
10163,0.05526852309596849,50.004192798564105,0.0,1.0,1.0,0.0,0.0
10164,0.03786251316691708,50.00185157773348,0.0,1.0,1.0,0.0,0.0
10166,0.046733013651570864,48.671760884505964,0.023242592592592596,0.9670232237550108,0.9732283071095642,1304.0,1304.0
10168,0.09154160030341234,48.98963938131863,0.02361689814814814,0.9671695019135587,0.9796574988701618,1325.0,1325.0
10170,0.03576226754844758,50.0171574104162,0.0,1.0,1.0,0.0,0.0
10171,0.03576226754844758,50.0171574104162,0.0,1.0,1.0,0.0,0.0
10172,0.04112439644720581,50.01615784119626,0.0,1.0,1.0,0.0,0.0
10173,0.04112439644720581,49.98837108684004,0.0028696759259259257,0.9994577297805392,0.9994577297805392,161.0,161.0
10174,0.03272829482099326,50.009279013402264,0.0,1.0,1.0,0.0,0.0
10175,0.03272829482099326,50.009279013402264,0.0,1.0,1.0,0.0,0.0
10176,0.00223325988638796,50.248347443729095,0.0,1.0,1.0,0.0,0.0
10177,0.00223325988638796,50.248347443729095,0.0,1.0,1.0,0.0,0.0
10178,0.03576226754844758,50.0171574104162,0.0,1.0,1.0,0.0,0.0
10179,0.03576226754844758,49.72122256240458,0.0028696759259259257,0.994095600881781,0.994095600881781,161.0,161.0
10180,0.036708363303094,50.00004082146743,0.0,1.0,1.0,0.0,0.0
10181,0.036708363303094,50.00004082146743,0.0,1.0,1.0,0.0,0.0
10182,0.026634878412747545,50.01855100985455,0.0,1.0,1.0,0.0,0.0
10183,0.026634878412747545,50.01855100985455,0.0,1.0,1.0,0.0,0.0
10184,0.026634878412747545,50.01855100985455,0.0,1.0,1.0,0.0,0.0
10185,0.026634878412747545,50.01855100985455,0.0,1.0,1.0,0.0,0.0
10186,0.036708363303094,50.00004082146743,0.0,1.0,1.0,0.0,0.0
10187,0.036708363303094,49.75212395239432,0.0028696759259259257,0.9950416966364274,0.9950416966364274,161.0,161.0
10188,0.21159733832167146,49.90041800441362,0.0028696759259259257,0.9980078342686467,0.9980078342686467,161.0,161.0
10189,0.21159733832167146,50.00002743406743,0.0,1.0,1.0,0.0,0.0
10190,0.03224072463495687,50.007155831902075,0.0,1.0,1.0,0.0,0.0
10191,0.03224072463495687,50.007155831902075,0.0,1.0,1.0,0.0,0.0
10192,0.001877183599446598,50.05822931857594,0.0,1.0,1.0,0.0,0.0
10193,0.001877183599446598,50.05822931857594,0.0,1.0,1.0,0.0,0.0
10194,0.0027248693845172405,50.04862134827585,0.0,1.0,1.0,0.0,0.0
10195,0.0027248693845172405,50.04862134827585,0.0,1.0,1.0,0.0,0.0
10196,0.006967745164838064,48.51670079258704,0.0032974537037037044,0.9610094438961555,0.9690377755846222,185.0,185.0
10197,0.006967745164838064,50.067629926980096,0.0,1.0,1.0,0.0,0.0
10198,0.03968959340570247,50.01138826059814,0.0,1.0,1.0,0.0,0.0
10199,0.03968959340570247,50.01138826059814,0.0,1.0,1.0,0.0,0.0
10200,0.033908401624122564,50.00829407900091,0.0,1.0,1.0,0.0,0.0
10201,0.033908401624122564,50.00829407900091,0.0,1.0,1.0,0.0,0.0
10202,0.028979973442681065,50.01337698641028,0.0,1.0,1.0,0.0,0.0
10203,0.028979973442681065,50.01337698641028,0.0,1.0,1.0,0.0,0.0
10204,0.03968959340570247,49.45848175011604,0.0032974537037037044,0.9812968533389758,0.9889513600075232,185.0,185.0
10205,0.03968959340570247,50.01138826059814,0.0,1.0,1.0,0.0,0.0
10206,0.04062061551977698,50.011701734335546,0.0,1.0,1.0,0.0,0.0
10207,0.04062061551977698,50.011701734335546,0.0,1.0,1.0,0.0,0.0
10208,0.028979973442681065,50.01337698641028,0.0,1.0,1.0,0.0,0.0
10209,0.028979973442681065,50.01337698641028,0.0,1.0,1.0,0.0,0.0
10210,0.00350845441059424,50.12077729420343,0.0,1.0,1.0,0.0,0.0
10211,0.00350845441059424,50.12077729420343,0.0,1.0,1.0,0.0,0.0
10212,0.04062061551977698,49.95140779644141,0.0029766203703703695,0.9988038726873969,0.9988038726873969,167.0,167.0
10213,0.04062061551977698,50.011701734335546,0.0,1.0,1.0,0.0,0.0
10214,0.18194865376233446,50.001156759114814,0.0,1.0,1.0,0.0,0.0
10215,0.18194865376233446,49.86421518402856,0.0026736111111111105,0.9972621324642039,0.9972621324642039,150.0,150.0
10216,0.03371292750232905,50.006814589363245,0.0,1.0,1.0,0.0,0.0
10217,0.03371292750232905,50.006814589363245,0.0,1.0,1.0,0.0,0.0
10218,0.0027248693845172405,50.04862134827585,0.0,1.0,1.0,0.0,0.0
10219,0.0027248693845172405,50.04862134827585,0.0,1.0,1.0,0.0,0.0
10220,0.03137276102799946,50.01857382674848,0.0,1.0,1.0,0.0,0.0
10221,0.03137276102799946,50.01857382674848,0.0,1.0,1.0,0.0,0.0
10222,0.033908401624122564,50.00829407900091,0.0,1.0,1.0,0.0,0.0
10223,0.033908401624122564,50.00829407900091,0.0,1.0,1.0,0.0,0.0
10224,0.03137276102799946,50.01857382674848,0.0,1.0,1.0,0.0,0.0
10225,0.03137276102799946,50.01857382674848,0.0,1.0,1.0,0.0,0.0
10226,0.032625572154878275,50.000876865713835,0.0,1.0,1.0,0.0,0.0
10227,0.032625572154878275,50.000876865713835,0.0,1.0,1.0,0.0,0.0
10228,0.00350845441059424,50.12077729420343,0.0,1.0,1.0,0.0,0.0
10229,0.00350845441059424,50.12077729420343,0.0,1.0,1.0,0.0,0.0
10230,0.03164140900944518,50.003982631256655,0.0,1.0,1.0,0.0,0.0
10231,0.03164140900944518,50.003982631256655,0.0,1.0,1.0,0.0,0.0
10232,0.032625572154878275,50.000876865713835,0.0,1.0,1.0,0.0,0.0
10233,0.032625572154878275,50.000876865713835,0.0,1.0,1.0,0.0,0.0
10234,0.03371292750232905,50.006814589363245,0.0,1.0,1.0,0.0,0.0
10235,0.03371292750232905,50.006814589363245,0.0,1.0,1.0,0.0,0.0
10236,0.03164140900944518,50.003982631256655,0.0,1.0,1.0,0.0,0.0
10237,0.03164140900944518,50.003982631256655,0.0,1.0,1.0,0.0,0.0
10238,0.027798606837388728,50.01248606426758,0.0,1.0,1.0,0.0,0.0
10239,0.027798606837388728,50.01248606426758,0.0,1.0,1.0,0.0,0.0
10240,0.00223325988638796,50.248347443729095,0.0,1.0,1.0,0.0,0.0
10241,0.00223325988638796,50.248347443729095,0.0,1.0,1.0,0.0,0.0
10242,0.030748743903008618,50.020550407063276,0.0,1.0,1.0,0.0,0.0
10243,0.030748743903008618,50.020550407063276,0.0,1.0,1.0,0.0,0.0
10244,0.027798606837388728,50.01248606426758,0.0,1.0,1.0,0.0,0.0
10245,0.027798606837388728,50.01248606426758,0.0,1.0,1.0,0.0,0.0
10246,0.03272829482099326,50.009279013402264,0.0,1.0,1.0,0.0,0.0
10247,0.03272829482099326,50.009279013402264,0.0,1.0,1.0,0.0,0.0
10248,0.030748743903008618,50.020550407063276,0.0,1.0,1.0,0.0,0.0
10249,0.030748743903008618,50.020550407063276,0.0,1.0,1.0,0.0,0.0
10250,0.031184593279681167,50.00647474692748,0.0,1.0,1.0,0.0,0.0
10251,0.031184593279681167,50.00647474692748,0.0,1.0,1.0,0.0,0.0
10252,0.001877183599446598,50.05822931857594,0.0,1.0,1.0,0.0,0.0
10253,0.001877183599446598,50.05822931857594,0.0,1.0,1.0,0.0,0.0
10254,0.030858140619145727,50.01769753666124,0.0,1.0,1.0,0.0,0.0
10255,0.030858140619145727,50.01769753666124,0.0,1.0,1.0,0.0,0.0
10256,0.031184593279681167,50.00647474692748,0.0,1.0,1.0,0.0,0.0
10257,0.031184593279681167,50.00647474692748,0.0,1.0,1.0,0.0,0.0
10258,0.03224072463495687,50.007155831902075,0.0,1.0,1.0,0.0,0.0
10259,0.03224072463495687,50.007155831902075,0.0,1.0,1.0,0.0,0.0
10260,0.030858140619145727,50.01769753666124,0.0,1.0,1.0,0.0,0.0
10261,0.030858140619145727,50.01769753666124,0.0,1.0,1.0,0.0,0.0
10262,0.1457844334854445,50.00228282656252,0.0,1.0,1.0,0.0,0.0
10263,0.1457844334854445,50.00228282656252,0.0,1.0,1.0,0.0,0.0
10264,0.01612358938382706,50.03872567394605,0.0,1.0,1.0,0.0,0.0
10266,0.01931653124175077,30.01273736310003,0.0,1.0,1.0,0.0,0.0
10267,0.01931653124175077,29.72803320172507,9.45601851851852E-4,0.9905275520695846,0.9905275520695846,43.0,43.0
10268,0.04299887766765396,50.014849629581335,0.0,1.0,1.0,0.0,0.0
10269,0.04299887766765396,50.014849629581335,0.0,1.0,1.0,0.0,0.0
10270,0.02773586533624437,29.315439983251007,0.0015613425925925918,0.9630234596710143,0.9770938386840571,71.0,71.0
10271,0.02773586533624437,30.002738945456656,0.0,1.0,1.0,0.0,0.0
10272,0.04299887766765396,50.014849629581335,4.990740740740744E-4,1.0,1.0,28.0,28.0
10273,0.04299887766765396,50.014849629581335,0.0,1.0,1.0,0.0,0.0
10274,0.057078860174253676,50.0082493617214,3.743055555555557E-4,1.0,1.0,21.0,21.0
10275,0.057078860174253676,50.0082493617214,0.0,1.0,1.0,0.0,0.0
10276,0.048886709629789624,48.779299229605115,2.851851851851852E-4,0.962589096001998,0.9753563840079922,16.0,16.0
10277,0.048886709629789624,50.011979160910094,0.0,1.0,1.0,0.0,0.0
10278,0.05007862543619321,50.00916825805702,0.0,1.0,1.0,0.0,0.0
10279,0.05007862543619321,50.00916825805702,0.0,1.0,1.0,0.0,0.0
10280,0.039971132693646466,50.01601588360351,0.0,1.0,1.0,0.0,0.0
10281,0.039971132693646466,50.01601588360351,0.0,1.0,1.0,0.0,0.0
10282,0.039971132693646466,50.01601588360351,4.812499999999999E-4,1.0,1.0,27.0,27.0
10283,0.039971132693646466,50.01601588360351,0.0,1.0,1.0,0.0,0.0
10284,0.05007862543619321,50.00916825805702,0.0,1.0,1.0,0.0,0.0
10285,0.05007862543619321,49.85484309038567,5.881944444444444E-4,0.9969192268078587,0.9969192268078587,33.0,33.0
10286,0.05065776726003426,49.86702097355219,5.881944444444444E-4,0.9972449940837693,0.9972449940837693,33.0,33.0
10287,0.05065776726003426,50.00492518127868,0.0,1.0,1.0,0.0,0.0
10288,0.04073421557857482,50.014725812711234,0.0,1.0,1.0,0.0,0.0
10289,0.04073421557857482,50.014725812711234,0.0,1.0,1.0,0.0,0.0
10290,0.04073421557857482,50.014725812711234,0.0,1.0,1.0,0.0,0.0
10291,0.04073421557857482,50.014725812711234,0.0,1.0,1.0,0.0,0.0
10292,0.03238443293373042,50.01456823742149,0.0,1.0,1.0,0.0,0.0
10293,0.03238443293373042,50.01456823742149,0.0,1.0,1.0,0.0,0.0
10294,0.1457844334854445,50.00228282656252,0.0,1.0,1.0,0.0,0.0
10295,0.1457844334854445,50.00228282656252,0.0,1.0,1.0,0.0,0.0
10296,0.20738043311103996,70.00183396153248,0.0,1.0,1.0,0.0,0.0
10297,0.20738043311103996,70.00183396153248,0.0,1.0,1.0,0.0,0.0
10298,0.1281165146828927,30.00191588228802,0.001363425925925925,1.0,1.0,62.0,62.0
10299,0.1281165146828927,30.00191588228802,0.0,1.0,1.0,0.0,0.0
10300,0.05020701909603311,50.012525939601325,0.0,1.0,1.0,0.0,0.0
10301,0.05020701909603311,50.012525939601325,0.0,1.0,1.0,0.0,0.0
10302,0.03898640153139488,48.94492485916786,0.03591550925925928,0.9729145601517442,0.978891746230911,2015.0,2015.0
10304,0.167938612372843,49.67461870562159,0.035915509259259286,0.9934488948858993,0.9934488948858993,2015.0,2015.0
10305,0.167938612372843,50.00239885387766,0.0,1.0,1.0,0.0,0.0
10306,0.04040471878218271,50.002402068015726,0.0,1.0,1.0,0.0,0.0
10308,0.040919830646931374,49.91948484649451,0.03591550925925927,0.9983196189555956,0.9983196189555956,2015.0,2015.0
10310,0.018294506097377195,50.00776154180554,0.0,1.0,1.0,0.0,0.0
10312,0.022169876686730455,49.58634637131686,0.005774999999999998,0.991588148363429,0.991588148363429,324.0,324.0
10314,0.016300688273775617,48.58437269628171,0.019659953703703697,0.9583127034383768,0.9711625394455099,1103.0,1103.0
10316,0.014122224175379797,50.03937699937723,0.0,1.0,1.0,0.0,0.0
10318,0.007460691565814684,48.518419359886785,0.025434953703703706,0.9576513059323685,0.9700686677063908,1427.0,1427.0
10320,0.021525335729891463,29.14448456136634,0.009280092592592588,0.961616967847089,0.9714678713883561,422.0,422.0
10322,0.05085122627460676,50.00393733640654,0.0,1.0,1.0,0.0,0.0
10323,0.05085122627460676,50.00393733640654,0.0,1.0,1.0,0.0,0.0
10324,0.05085122627460676,50.00393733640654,0.0024418981481481475,1.0,1.0,137.0,137.0
10325,0.05085122627460676,50.00393733640654,0.0,1.0,1.0,0.0,0.0
10326,0.013153855090684079,29.14672037233091,0.00626736111111111,0.961569099517734,0.971276398070936,285.0,285.0
10328,0.03228198502133054,50.00651724474611,0.0,1.0,1.0,0.0,0.0
10329,0.03228198502133054,50.00651724474611,0.0,1.0,1.0,0.0,0.0
10330,0.03228198502133054,50.00651724474611,0.0028340277777777786,1.0,1.0,159.0,159.0
10331,0.03228198502133054,50.00651724474611,0.0,1.0,1.0,0.0,0.0
10332,0.011706191885449252,29.736353778246176,2.858796296296295E-4,0.9906991097852174,0.9906991097852174,13.0,13.0
10334,0.034946133610727,50.00241693108792,0.0,1.0,1.0,0.0,0.0
10335,0.034946133610727,50.00241693108792,0.0,1.0,1.0,0.0,0.0
10336,0.034946133610727,50.00241693108792,0.0,1.0,1.0,0.0,0.0
10337,0.034946133610727,50.00241693108792,0.0,1.0,1.0,0.0,0.0
10338,0.01212292435334934,50.04877026612113,0.0,1.0,1.0,0.0,0.0
10339,0.01212292435334934,50.04877026612113,0.0,1.0,1.0,0.0,0.0
10340,0.011594686561609635,50.049006740761016,0.0,1.0,1.0,0.0,0.0
10341,0.011594686561609635,50.049006740761016,0.0,1.0,1.0,0.0,0.0
10342,0.03139765775283623,50.013968101863036,0.0,1.0,1.0,0.0,0.0
10343,0.03139765775283623,50.013968101863036,0.0,1.0,1.0,0.0,0.0
10344,0.011835757200697053,50.010241693086144,0.0,1.0,1.0,0.0,0.0
10345,0.011835757200697053,50.010241693086144,0.0,1.0,1.0,0.0,0.0
10346,0.020630187065279467,50.0125747037078,0.0,1.0,1.0,0.0,0.0
10347,0.020630187065279467,50.0125747037078,0.0,1.0,1.0,0.0,0.0
10348,0.01855634525636844,50.00212793632213,0.0,1.0,1.0,0.0,0.0
10349,0.01855634525636844,50.00212793632213,0.0,1.0,1.0,0.0,0.0
10350,0.015971091544459796,50.03997350744584,0.0,1.0,1.0,0.0,0.0
10351,0.015971091544459796,50.03997350744584,0.0,1.0,1.0,0.0,0.0
10352,0.010519227141285446,50.025386669257074,0.0,1.0,1.0,0.0,0.0
10353,0.010519227141285446,50.025386669257074,0.0,1.0,1.0,0.0,0.0
10354,0.020630187065279467,50.0125747037078,0.0,1.0,1.0,0.0,0.0
10355,0.020630187065279467,49.4759814542826,2.1388888888888898E-4,0.9892786139312525,0.9892786139312525,12.0,12.0
10356,0.012110823248225967,50.05621549209355,0.0,1.0,1.0,0.0,0.0
10357,0.012110823248225967,50.05621549209355,0.0,1.0,1.0,0.0,0.0
10358,0.015971091544459796,50.03997350744584,0.0,1.0,1.0,0.0,0.0
10359,0.015971091544459796,50.03997350744584,0.0,1.0,1.0,0.0,0.0
10360,0.0074116444172514714,50.059887245976164,0.0,1.0,1.0,0.0,0.0
10361,0.0074116444172514714,50.059887245976164,0.0,1.0,1.0,0.0,0.0
10362,0.011594686561609635,50.049006740761016,0.0,1.0,1.0,0.0,0.0
10363,0.011594686561609635,50.049006740761016,0.0,1.0,1.0,0.0,0.0
10364,0.03250154795449773,50.002381468458054,0.0,1.0,1.0,0.0,0.0
10366,0.042227641937188115,50.006418083512244,0.0,1.0,1.0,0.0,0.0
10368,0.011835757200697053,50.010241693086144,2.1388888888888898E-4,1.0,1.0,12.0,12.0
10369,0.011835757200697053,50.010241693086144,0.0,1.0,1.0,0.0,0.0
10370,0.010519227141285446,50.025386669257074,0.0,1.0,1.0,0.0,0.0
10371,0.010519227141285446,48.44304958069029,2.1388888888888898E-4,0.9608436034465946,0.9683744137863786,12.0,12.0
10372,0.034270903595602566,45.38058399343214,0.056252777777777783,0.8817831469146332,0.9074304121130704,3156.0,3156.0
10374,0.035135785175621055,45.5550624109446,0.056038888888888895,0.88252802330741,0.9108293799129046,3144.0,3144.0
10376,0.0111805444886321,50.06213950133776,0.0,1.0,1.0,0.0,0.0
10377,0.0111805444886321,50.06213950133776,0.0,1.0,1.0,0.0,0.0
10378,0.007246674136243772,50.07298827346944,0.0,1.0,1.0,0.0,0.0
10379,0.007246674136243772,50.07298827346944,0.0,1.0,1.0,0.0,0.0
10380,0.0111805444886321,50.06213950133776,0.0,1.0,1.0,0.0,0.0
10381,0.0111805444886321,50.06213950133776,0.0,1.0,1.0,0.0,0.0
10382,0.03139765775283624,50.01396810186304,0.0,1.0,1.0,0.0,0.0
10383,0.03139765775283624,50.01396810186304,0.0,1.0,1.0,0.0,0.0
10384,0.007246674136243772,50.07298827346944,0.0,1.0,1.0,0.0,0.0
10385,0.007246674136243772,50.07298827346944,0.0,1.0,1.0,0.0,0.0
10386,0.012110823248225967,50.05621549209355,0.0,1.0,1.0,0.0,0.0
10387,0.012110823248225967,50.05621549209355,0.0,1.0,1.0,0.0,0.0
10388,0.007430933221643731,50.00254130451856,0.0,1.0,1.0,0.0,0.0
10389,0.007430933221643731,50.00254130451856,0.0,1.0,1.0,0.0,0.0
10390,0.011918895384016229,50.00935126160656,0.0,1.0,1.0,0.0,0.0
10391,0.011918895384016229,50.00935126160656,0.0,1.0,1.0,0.0,0.0
10392,0.01212292435334934,50.04877026612113,0.0,1.0,1.0,0.0,0.0
10393,0.01212292435334934,50.04877026612113,0.0,1.0,1.0,0.0,0.0
10394,0.011726219753413189,50.01705108090933,0.0,1.0,1.0,0.0,0.0
10395,0.011726219753413189,50.01705108090933,0.0,1.0,1.0,0.0,0.0
10396,0.011918895384016229,50.00935126160656,0.0,1.0,1.0,0.0,0.0
10397,0.011918895384016229,50.00935126160656,0.0,1.0,1.0,0.0,0.0
10398,0.012079666508242999,50.042346869591256,0.0,1.0,1.0,0.0,0.0
10399,0.012079666508242999,50.042346869591256,0.0,1.0,1.0,0.0,0.0
10400,0.01855634525636844,50.00212793632213,0.0,1.0,1.0,0.0,0.0
10401,0.01855634525636844,50.00212793632213,0.0,1.0,1.0,0.0,0.0
10402,0.011726219753413189,50.01705108090933,0.0,1.0,1.0,0.0,0.0
10403,0.011726219753413189,50.01705108090933,0.0,1.0,1.0,0.0,0.0
10404,0.007430933221643731,50.00254130451856,0.0,1.0,1.0,0.0,0.0
10405,0.007430933221643731,50.00254130451856,0.0,1.0,1.0,0.0,0.0
10406,0.01203522729005437,50.03096794941771,0.0,1.0,1.0,0.0,0.0
10407,0.01203522729005437,50.03096794941771,0.0,1.0,1.0,0.0,0.0
10408,0.012079666508242999,50.042346869591256,0.0,1.0,1.0,0.0,0.0
10409,0.012079666508242999,50.042346869591256,0.0,1.0,1.0,0.0,0.0
10410,0.0074116444172514714,50.059887245976164,0.0,1.0,1.0,0.0,0.0
10411,0.0074116444172514714,50.059887245976164,0.0,1.0,1.0,0.0,0.0
10412,0.01203522729005437,50.03096794941771,0.0,1.0,1.0,0.0,0.0
10413,0.01203522729005437,50.03096794941771,0.0,1.0,1.0,0.0,0.0
10414,0.015774541994451642,48.00507577380908,0.03621851851851851,0.9594890792312742,0.9594890792312742,2032.0,2032.0
10416,0.015972142488503822,49.15604087405136,0.0014793981481481479,0.9822915470660891,0.9822915470660891,83.0,83.0
10418,0.016220842876317483,49.170211821803775,0.0014793981481481479,0.9826645976478096,0.9826645976478096,83.0,83.0
10420,0.02054498653047083,50.008080804391476,0.0,1.0,1.0,0.0,0.0
10422,0.03268935161983334,49.56403115448297,0.0014793981481481479,0.9910226849531667,0.9910226849531667,83.0,83.0
10424,0.021508064673014447,48.94328572108393,0.02980185185185184,0.978525779076593,0.978525779076593,1672.0,1672.0
10426,0.042851933478559874,50.00549773835188,0.0,1.0,1.0,0.0,0.0
10428,0.017635366256099353,48.12688976275865,0.03769791666666668,0.9563326618381799,0.9620047785408444,2115.0,2115.0
10430,0.09909084864349044,49.778254480195805,0.0014793981481481479,0.9954924015746422,0.9954924015746422,83.0,83.0
10431,0.09909084864349044,49.552716541472975,0.02980185185185185,0.9909848031492845,0.9909848031492845,1672.0,1672.0
10432,0.03382175400680067,49.120541759928194,0.029801851851851864,0.9823489465153015,0.9823489465153015,1672.0,1672.0
10434,0.012330724256521552,49.86905636005249,3.208333333333333E-4,0.9964941295771735,0.9964941295771735,18.0,18.0
10436,0.013828641963656442,50.02545975684285,4.990740740740744E-4,0.999864444418227,0.999864444418227,28.0,28.0
10438,0.00337101100075416,48.1674986125322,9.446759259259264E-4,0.9420003603545909,0.9605579579194947,53.0,53.0
10440,0.01350326099800952,49.939143490323794,0.0035469907407407407,0.9985538954092024,0.9985538954092024,199.0,199.0
10442,0.01921875270657394,50.027122012773816,0.0,1.0,1.0,0.0,0.0
10444,0.014992783555365808,49.30241047845388,8.912037037037032E-5,0.9856168814997865,0.9856168814997865,5.0,5.0
10446,0.02925478678249012,49.23201386775537,8.555555555555559E-4,0.9844851501447793,0.9844851501447793,48.0,48.0
10448,0.001715760778203244,47.92360478508847,0.0035469907407407407,0.941069282104406,0.9543507695849288,199.0,199.0
10450,0.026181848723382452,49.912621522677696,5.525462962962965E-4,0.9982045798138053,0.9982045798138053,31.0,31.0
10452,0.18547882609959954,50.00178028744634,0.0,1.0,1.0,0.0,0.0
10453,0.18547882609959954,50.00178028744634,0.0,1.0,1.0,0.0,0.0
10454,0.07699927160849086,49.807292466286725,0.0010337962962962961,0.9959838063984084,0.9959838063984084,58.0,58.0
10455,0.07699927160849086,49.81016271746497,0.003333101851851852,0.9960412114219734,0.9960412114219734,187.0,187.0
10456,0.027764480159947074,49.99976270925186,0.00345787037037037,0.9999750669665675,0.9999750669665675,194.0,194.0
10458,0.015145860349239421,50.02302500666231,0.0,1.0,1.0,0.0,0.0
10460,0.026937783689945184,49.93397154890449,0.0035469907407407407,0.9984250110853139,0.9984250110853139,199.0,199.0
10462,0.0018912280491286781,47.809132594885256,0.0035469907407407407,0.9411679824443016,0.9550087718508992,199.0,199.0
10464,0.020790026858686944,50.02947639790976,0.0,1.0,1.0,0.0,0.0
10466,0.07570503488101014,50.006995517731475,0.0,1.0,1.0,0.0,0.0
10467,0.07570503488101014,50.006995517731475,0.0,1.0,1.0,0.0,0.0
10468,0.15488934786077713,30.001164978951774,0.0,1.0,1.0,0.0,0.0
10469,0.15488934786077713,30.001164978951774,0.0,1.0,1.0,0.0,0.0
10470,0.2844290723470234,50.00218089897862,0.0,1.0,1.0,0.0,0.0
10471,0.2844290723470234,50.00218089897862,0.0,1.0,1.0,0.0,0.0
10472,0.07570503488101014,50.006995517731475,0.0,1.0,1.0,0.0,0.0
10473,0.07570503488101014,50.006995517731475,0.0,1.0,1.0,0.0,0.0
10474,0.052605853978286536,30.003338770885858,0.0,1.0,1.0,0.0,0.0
10475,0.052605853978286536,30.003338770885858,0.0,1.0,1.0,0.0,0.0
10476,0.06901280996826344,30.00556955141889,0.0,1.0,1.0,0.0,0.0
10477,0.06901280996826344,30.00556955141889,0.0,1.0,1.0,0.0,0.0
10478,0.6287750164866783,30.000398390394448,0.0,1.0,1.0,0.0,0.0
10479,0.6287750164866783,30.000398390394448,0.0,1.0,1.0,0.0,0.0
10480,0.2844290723470234,50.00218089897862,0.0,1.0,1.0,0.0,0.0
10481,0.2844290723470234,50.00218089897862,0.0,1.0,1.0,0.0,0.0
10482,0.017358540268302004,50.03262207036606,1.7824074074074075E-5,1.0,1.0,1.0,1.0
10484,0.006703884897999538,50.07050961161481,0.0,1.0,1.0,0.0,0.0
10486,0.01379298170381379,50.00476750627355,0.0,1.0,1.0,0.0,0.0
10488,0.018391350472943147,50.00669312884844,0.0,1.0,1.0,0.0,0.0
10490,0.013484828464208716,49.86993847574579,7.842592592592596E-4,0.996502036837526,0.996502036837526,44.0,44.0
10492,0.027357705225966526,50.019166487292786,0.0,1.0,1.0,0.0,0.0
10494,0.005065599044578751,48.436983573673395,0.004776851851851853,0.9429535661292422,0.9668565172816187,268.0,268.0
10496,0.012644802296227218,49.788909041394675,0.004776851851851853,0.9953346752775187,0.9953346752775187,268.0,268.0
10498,0.01850171972746551,50.00464791206894,0.0,1.0,1.0,0.0,0.0
10500,0.002745938554025038,48.08093107081088,0.0047946759259259245,0.9416487571033058,0.9582139362442605,269.0,269.0
10502,0.010157849619315113,50.02497760538223,0.0,1.0,1.0,0.0,0.0
10504,0.02887548229940996,49.20134263011836,0.0047946759259259245,0.9840110195409291,0.9840110195409291,269.0,269.0
10506,0.1577201441270734,50.003744505280864,0.0,1.0,1.0,0.0,0.0
10507,0.1577201441270734,50.003744505280864,0.0,1.0,1.0,0.0,0.0
10508,0.028961334311283827,50.005181544662726,0.0,1.0,1.0,0.0,0.0
10510,0.18547882609959954,50.00178028744634,8.912037037037032E-5,1.0,1.0,5.0,5.0
10511,0.18547882609959954,49.87875440487907,0.0037787037037037064,0.9975413368147446,0.9975413368147446,212.0,212.0
10512,0.027404056214519905,49.951267263719735,0.003992592592592595,0.9989811216009784,0.9989811216009784,224.0,224.0
10514,0.17211748540737595,50.00185179684905,0.0,1.0,1.0,0.0,0.0
10515,0.17211748540737595,49.92877216729981,4.990740740740744E-4,0.9985395647820459,0.9985395647820459,28.0,28.0
10516,0.016716447768451846,49.19367107320652,7.842592592592596E-4,0.9834080049860111,0.9834080049860111,44.0,44.0
10518,0.07824216108156724,50.00386648209517,0.0,1.0,1.0,0.0,0.0
10519,0.07824216108156724,50.00386648209517,4.2777777777777795E-4,1.0,1.0,24.0,24.0
10520,0.02009491861867025,49.45142680401601,0.0010337962962962961,0.9884757112613387,0.9884757112613387,58.0,58.0
10522,0.026455116320643315,49.920137561348376,2.1388888888888898E-4,0.9980160078142983,0.9980160078142983,12.0,12.0
10524,0.043131809018939295,49.07545564823998,0.01967777777777777,0.9813643801950755,0.9813643801950755,1104.0,1104.0
10526,0.18037006544121778,30.00056531086602,0.0,1.0,1.0,0.0,0.0
10528,0.010870829012782128,49.45673882541072,5.347222222222221E-4,0.9882773145960657,0.9882773145960657,30.0,30.0
10530,0.001447971982332144,48.246498822879346,0.0028340277777777786,0.9583333333333334,0.9625895907436323,159.0,159.0
10532,0.002091854951596252,48.42393615607221,0.0034222222222222236,0.9583333333333334,0.9645587787205016,192.0,192.0
10534,0.0067130500812276365,50.03515588492648,0.0,1.0,1.0,0.0,0.0
10535,0.0067130500812276365,50.03515588492648,5.525462962962965E-4,1.0,1.0,31.0,31.0
10536,0.01745444467876782,49.25321881408352,5.525462962962965E-4,0.9845150003514851,0.9845150003514851,31.0,31.0
10537,0.01745444467876782,50.028663092009666,0.0,1.0,1.0,0.0,0.0
10538,0.026353028837743774,50.011019407420974,0.0,1.0,1.0,0.0,0.0
10540,0.007245633998693709,49.06020296179412,0.0028340277777777786,0.9799428706692812,0.9799428706692812,159.0,159.0
10542,0.01726629435824581,49.21831522726911,0.0034222222222222236,0.984232774870702,0.984232774870702,192.0,192.0
10544,0.010454349078396092,50.047415800832354,0.0,1.0,1.0,0.0,0.0
10546,0.01313299740967165,50.03046632255867,0.0,1.0,1.0,0.0,0.0
10547,0.01313299740967165,50.03046632255867,5.347222222222221E-4,1.0,1.0,30.0,30.0
10548,0.043101301279148116,49.53750067133608,5.347222222222221E-4,0.9906593092926944,0.9906593092926944,30.0,30.0
10550,0.04683116913389636,49.68265067927091,0.003475694444444445,0.9934130243916531,0.9934130243916531,195.0,195.0
10552,0.025867609381362424,50.012563787811345,0.0,1.0,1.0,0.0,0.0
10554,0.007580893172825077,50.075624627835374,0.0,1.0,1.0,0.0,0.0
10555,0.007580893172825077,50.075624627835374,0.0,1.0,1.0,0.0,0.0
10556,0.05167000135039499,50.00322711328547,0.0,1.0,1.0,0.0,0.0
10558,0.007580893172825077,50.075624627835374,0.0,1.0,1.0,0.0,0.0
10559,0.007580893172825077,50.075624627835374,0.0,1.0,1.0,0.0,0.0
10560,0.007832665556703452,50.084539971816035,0.0,1.0,1.0,0.0,0.0
10561,0.007832665556703452,50.084539971816035,0.0,1.0,1.0,0.0,0.0
10562,0.011800738499305411,50.03846713486393,0.0,1.0,1.0,0.0,0.0
10564,0.0062709933201837735,50.05670942940485,0.0,1.0,1.0,0.0,0.0
10565,0.0062709933201837735,50.05670942940485,0.0,1.0,1.0,0.0,0.0
10566,0.007832665556703452,50.084539971816035,0.0,1.0,1.0,0.0,0.0
10567,0.007832665556703452,50.084539971816035,5.881944444444444E-4,1.0,1.0,33.0,33.0
10568,0.006337566732684346,50.03342157382379,0.0,1.0,1.0,0.0,0.0
10569,0.006337566732684346,50.03342157382379,0.0,1.0,1.0,0.0,0.0
10570,0.011856218456927458,50.037967696294075,0.0,1.0,1.0,0.0,0.0
10572,0.006337566732684346,50.03342157382379,0.0,1.0,1.0,0.0,0.0
10573,0.006337566732684346,50.03342157382379,0.0,1.0,1.0,0.0,0.0
10574,0.0062709933201837735,50.05670942940485,0.0,1.0,1.0,0.0,0.0
10575,0.0062709933201837735,48.911662201207214,5.881944444444444E-4,0.9583333333333334,0.9771463132938847,33.0,33.0
10576,0.02673445776105742,29.743015890846227,7.256944444444444E-4,0.9913935546777494,0.9913935546777494,33.0,33.0
10578,0.11061177271967183,50.00029906966582,0.0,1.0,1.0,0.0,0.0
10579,0.11061177271967183,50.00029906966582,0.0,1.0,1.0,0.0,0.0
10580,0.09869810147443367,50.001852703062376,0.0,1.0,1.0,0.0,0.0
10581,0.09869810147443367,50.001852703062376,0.0,1.0,1.0,0.0,0.0
10582,0.6078773236217168,50.00019112660635,0.0,1.0,1.0,0.0,0.0
10583,0.6078773236217168,50.00019112660635,0.0,1.0,1.0,0.0,0.0
10584,0.11061177271967183,50.00029906966582,0.0,1.0,1.0,0.0,0.0
10585,0.11061177271967183,50.00029906966582,0.0,1.0,1.0,0.0,0.0
10586,0.023585396486833866,50.00437417703293,0.0,1.0,1.0,0.0,0.0
10587,0.023585396486833866,50.00437417703293,0.0,1.0,1.0,0.0,0.0
10588,0.010756823725018703,50.03173825590095,0.0,1.0,1.0,0.0,0.0
10589,0.010756823725018703,50.03173825590095,1.6041666666666664E-4,1.0,1.0,9.0,9.0
10590,0.04458235847329182,49.602388998328614,1.6041666666666664E-4,0.9917701021883022,0.9917701021883022,9.0,9.0
10591,0.04458235847329182,50.01448753625757,0.0,1.0,1.0,0.0,0.0
10592,0.023585396486833866,50.00437417703293,0.0,1.0,1.0,0.0,0.0
10593,0.023585396486833866,50.00437417703293,0.0,1.0,1.0,0.0,0.0
10594,0.16168969760707344,50.007122971259825,0.0,1.0,1.0,0.0,0.0
10595,0.16168969760707344,49.94461406754575,3.208333333333333E-4,0.9987557577351017,0.9987557577351017,18.0,18.0
10596,0.02013012219044976,49.43862152249745,5.168981481481481E-4,0.988528516619008,0.988528516619008,29.0,29.0
10598,0.11395475642693813,50.00452500450722,3.564814814814813E-4,1.0,1.0,20.0,20.0
10599,0.11395475642693813,50.00452500450722,0.0,1.0,1.0,0.0,0.0
10600,0.06477093288212142,48.945434866261444,0.0012833333333333332,0.9634511162392504,0.9788044649570016,72.0,72.0
10601,0.06477093288212142,50.0054382105162,0.0,1.0,1.0,0.0,0.0
10602,0.0034295586672287025,50.188663422859065,0.0,1.0,1.0,0.0,0.0
10603,0.0034295586672287025,50.188663422859065,6.238425925925927E-4,1.0,1.0,35.0,35.0
10604,0.0029953929431682973,50.155416722818,0.0,1.0,1.0,0.0,0.0
10605,0.0029953929431682973,50.155416722818,0.0,1.0,1.0,0.0,0.0
10606,0.0029953929431682973,50.155416722818,6.594907407407404E-4,1.0,1.0,37.0,37.0
10607,0.0029953929431682973,50.155416722818,0.0,1.0,1.0,0.0,0.0
10608,0.11408609541875248,50.0012105560639,0.0,1.0,1.0,0.0,0.0
10609,0.11408609541875248,50.0012105560639,0.0,1.0,1.0,0.0,0.0
10610,0.14977874140841335,49.5540044071609,0.0032974537037037044,0.9828887751932144,0.9910739224798415,185.0,185.0
10611,0.14977874140841335,50.000321686784865,0.0,1.0,1.0,0.0,0.0
10612,0.05976866704687217,50.003997529337624,0.0,1.0,1.0,0.0,0.0
10613,0.05976866704687217,50.003997529337624,0.0,1.0,1.0,0.0,0.0
10614,0.05976866704687217,50.003997529337624,0.001301157407407408,1.0,1.0,73.0,73.0
10615,0.05976866704687217,50.003997529337624,0.0,1.0,1.0,0.0,0.0
10616,0.11408609541875248,50.0012105560639,6.060185185185188E-4,1.0,1.0,34.0,34.0
10617,0.11408609541875248,50.0012105560639,0.0,1.0,1.0,0.0,0.0
10618,0.007424674178379,50.05398322502697,0.0,1.0,1.0,0.0,0.0
10619,0.007424674178379,50.05398322502697,0.0,1.0,1.0,0.0,0.0
10620,0.018963456677311606,50.01351211598665,0.0,1.0,1.0,0.0,0.0
10621,0.018963456677311606,50.01351211598665,0.0,1.0,1.0,0.0,0.0
10622,0.007424674178379,50.05398322502697,0.0,1.0,1.0,0.0,0.0
10623,0.007424674178379,50.05398322502697,0.0,1.0,1.0,0.0,0.0
10624,0.06300292922269861,50.00232477991954,0.0,1.0,1.0,0.0,0.0
10625,0.06300292922269861,50.00232477991954,0.0,1.0,1.0,0.0,0.0
10626,0.06300292922269862,50.00232477991954,0.0,1.0,1.0,0.0,0.0
10627,0.06300292922269862,50.00232477991954,0.0,1.0,1.0,0.0,0.0
10628,0.2256103161246637,49.840545816610586,0.0215849537037037,0.9967571074306559,0.9967571074306559,1211.0,1211.0
10630,0.06779080720153953,50.009611869988184,0.0,1.0,1.0,0.0,0.0
10631,0.06779080720153953,50.009611869988184,0.0,1.0,1.0,0.0,0.0
10632,0.06779080720153953,50.009611869988184,4.2777777777777795E-4,1.0,1.0,24.0,24.0
10633,0.06779080720153953,50.009611869988184,0.0,1.0,1.0,0.0,0.0
10634,0.0735253588986574,50.007801253573895,0.0,1.0,1.0,0.0,0.0
10635,0.0735253588986574,50.007801253573895,0.0,1.0,1.0,0.0,0.0
10636,0.06910561499250202,50.00607316040348,0.0,1.0,1.0,0.0,0.0
10637,0.06910561499250202,50.00607316040348,0.0,1.0,1.0,0.0,0.0
10638,0.0735253588986574,50.007801253573895,0.0,1.0,1.0,0.0,0.0
10639,0.0735253588986574,50.007801253573895,0.0,1.0,1.0,0.0,0.0
10640,0.13401667154856192,50.00103819824054,0.0,1.0,1.0,0.0,0.0
10641,0.13401667154856192,50.00103819824054,0.0,1.0,1.0,0.0,0.0
10642,0.14431654753324982,49.88826947429697,0.0020141203703703714,0.9976923917514924,0.9976923917514924,113.0,113.0
10643,0.14431654753324982,49.88826947429697,0.001301157407407408,0.9976923917514924,0.9976923917514924,73.0,73.0
10644,0.024986708221624482,48.754724745237894,0.0018537037037037031,0.9625178982362752,0.9750715929451009,104.0,104.0
10645,0.024986708221624482,49.79181488127135,0.0017467592592592589,0.9958133956657701,0.9958133956657701,98.0,98.0
10646,0.069105614992502,50.006073160403474,0.0,1.0,1.0,0.0,0.0
10647,0.069105614992502,50.006073160403474,0.0,1.0,1.0,0.0,0.0
10648,0.040743104514577126,50.0085837887752,0.0,1.0,1.0,0.0,0.0
10649,0.040743104514577126,50.0085837887752,0.0,1.0,1.0,0.0,0.0
10650,0.09287563255873993,46.880876820082285,0.009268518518518521,0.9218681402091004,0.9374725608364014,520.0,520.0
10651,0.09287563255873993,50.00781890688958,0.0,1.0,1.0,0.0,0.0
10652,0.4204003910948222,50.001368043523186,0.0,1.0,1.0,0.0,0.0
10653,0.4204003910948222,46.94506256324441,0.009268518518518521,0.922218971364474,0.9388758854578958,520.0,520.0
10654,0.05071757169162748,50.009109309739515,0.0,1.0,1.0,0.0,0.0
10655,0.05071757169162748,50.009109309739515,0.0,1.0,1.0,0.0,0.0
10656,0.040743104514577126,50.0085837887752,0.0,1.0,1.0,0.0,0.0
10657,0.040743104514577126,50.0085837887752,0.0,1.0,1.0,0.0,0.0
10658,0.010334217947219497,50.00428038977176,0.0,1.0,1.0,0.0,0.0
10659,0.010334217947219497,50.00428038977176,0.0,1.0,1.0,0.0,0.0
10660,0.05071757169162748,50.009109309739515,0.0,1.0,1.0,0.0,0.0
10661,0.05071757169162748,50.009109309739515,0.0,1.0,1.0,0.0,0.0
10662,0.08581920680342828,50.007954757582034,0.0,1.0,1.0,0.0,0.0
10663,0.08581920680342828,50.007954757582034,0.0,1.0,1.0,0.0,0.0
10664,0.010334217947219497,50.00428038977176,0.0,1.0,1.0,0.0,0.0
10665,0.010334217947219497,50.00428038977176,0.0,1.0,1.0,0.0,0.0
10666,0.08581920680342828,50.007954757582034,0.0,1.0,1.0,0.0,0.0
10667,0.08581920680342828,50.007954757582034,0.0,1.0,1.0,0.0,0.0
10668,0.13401667154856192,50.00103819824054,0.0,1.0,1.0,0.0,0.0
10669,0.13401667154856192,50.00103819824054,0.0,1.0,1.0,0.0,0.0
10670,0.09752082302394503,50.003555460219644,0.0,1.0,1.0,0.0,0.0
10672,0.02382402113033071,50.00960703742889,0.0,1.0,1.0,0.0,0.0
10673,0.02382402113033071,50.00960703742889,0.0,1.0,1.0,0.0,0.0
10674,0.09129289581287758,50.00067319737705,0.0,1.0,1.0,0.0,0.0
10675,0.09129289581287758,50.00067319737705,0.0,1.0,1.0,0.0,0.0
10676,0.09928924458490372,50.00577511271033,0.0,1.0,1.0,0.0,0.0
10677,0.09928924458490372,50.00577511271033,0.0,1.0,1.0,0.0,0.0
10678,0.02382402113033071,50.00960703742889,0.0,1.0,1.0,0.0,0.0
10679,0.02382402113033071,50.00960703742889,0.0,1.0,1.0,0.0,0.0
10680,0.09129289581287757,50.00067319737703,0.0,1.0,1.0,0.0,0.0
10681,0.09129289581287757,50.00067319737703,0.0,1.0,1.0,0.0,0.0
10682,0.05291088435291612,50.007661766998694,0.0,1.0,1.0,0.0,0.0
10683,0.05291088435291612,50.007661766998694,0.0,1.0,1.0,0.0,0.0
10684,0.006500672429721101,50.00517253631615,0.0,1.0,1.0,0.0,0.0
10685,0.006500672429721101,50.00517253631615,0.0,1.0,1.0,0.0,0.0
10686,0.051665358372531216,29.142115967154265,0.001429398148148148,0.9478432011979715,0.971274957972396,65.0,65.0
10688,0.006500672429721101,50.00517253631615,0.0,1.0,1.0,0.0,0.0
10689,0.006500672429721101,50.00517253631615,0.0,1.0,1.0,0.0,0.0
10690,0.019180420846758618,47.60502625746229,0.011585648148148144,0.9310453749115328,0.9514277663404004,650.0,650.0
10692,0.06918961305540454,50.006546275739076,0.0,1.0,1.0,0.0,0.0
10694,0.06485022999456051,49.79543452659003,0.004063888888888889,0.9958652069951045,0.9958652069951045,228.0,228.0
10696,0.043916491202587296,47.82420690971646,0.010017129629629628,0.9364289841807918,0.9561913016949168,562.0,562.0
10698,0.010071278367817751,48.627348975781636,0.002334953703703703,0.9618431101503709,0.9723724406014835,131.0,131.0
10699,0.010071278367817751,50.00910637812952,0.0,1.0,1.0,0.0,0.0
10700,0.08786161544787524,50.00028700795935,0.0,1.0,1.0,0.0,0.0
10701,0.08786161544787524,49.59525071234091,0.0017467592592592589,0.9918995132609307,0.9918995132609307,98.0,98.0
10702,0.03698900680537414,30.004602185522064,2.6388888888888876E-4,1.0,1.0,12.0,12.0
10703,0.03698900680537414,30.004602185522064,0.0,1.0,1.0,0.0,0.0
10704,0.01494983398962531,49.05282227265707,0.0018893518518518532,0.980710833355112,0.980710833355112,106.0,106.0
10706,0.05948760963675138,50.001259559258685,0.0,1.0,1.0,0.0,0.0
10708,0.008568373787612342,50.07491174578642,0.0018893518518518532,1.0,1.0,106.0,106.0
10710,0.08629404573838939,30.000827103640926,0.0,1.0,1.0,0.0,0.0
10712,0.05101027062296478,50.010069238200764,0.0,1.0,1.0,0.0,0.0
10714,0.02487075822473606,49.80056713240794,2.851851851851852E-4,0.9956394706704375,0.9956394706704375,16.0,16.0
10716,0.009230141154249992,50.04293396882526,0.0,1.0,1.0,0.0,0.0
10718,0.02264889688765178,50.02210355554995,0.0,1.0,1.0,0.0,0.0
10720,0.04703180190069297,50.004278453188036,0.0,1.0,1.0,0.0,0.0
10721,0.04703180190069297,50.004278453188036,0.0,1.0,1.0,0.0,0.0
10722,0.48559484770810757,50.000054643740214,2.6736111111111107E-4,0.9999778744255856,0.9999778744255856,15.0,15.0
10723,0.48559484770810757,50.00118562293883,0.0,1.0,1.0,0.0,0.0
10724,0.06426324906957748,50.01031055998248,0.0,1.0,1.0,0.0,0.0
10725,0.06426324906957748,50.01031055998248,0.0,1.0,1.0,0.0,0.0
10726,0.09068102852239911,50.000260787354385,0.0,1.0,1.0,0.0,0.0
10727,0.09068102852239911,50.000260787354385,0.0,1.0,1.0,0.0,0.0
10728,0.04735122616053049,50.004228271607445,0.0,1.0,1.0,0.0,0.0
10729,0.04735122616053049,50.004228271607445,0.0,1.0,1.0,0.0,0.0
10730,0.04735122616053049,50.004228271607445,0.0,1.0,1.0,0.0,0.0
10731,0.04735122616053049,50.004228271607445,1.247685185185186E-4,1.0,1.0,7.0,7.0
10732,0.09068102852239911,50.000260787354385,0.0,1.0,1.0,0.0,0.0
10733,0.09068102852239911,50.000260787354385,7.12962962962963E-5,1.0,1.0,4.0,4.0
10734,0.06426324906957748,49.9323778260265,1.960648148148149E-4,0.9984456413875399,0.9984456413875399,11.0,11.0
10735,0.06426324906957748,50.01031055998248,0.0,1.0,1.0,0.0,0.0
10736,0.10521742283437094,30.000215603020386,0.0,1.0,1.0,0.0,0.0
10737,0.10521742283437094,30.000215603020386,0.0,1.0,1.0,0.0,0.0
10738,0.06145815361894503,30.00398061136454,0.0,1.0,1.0,0.0,0.0
10739,0.06145815361894503,30.00398061136454,0.0,1.0,1.0,0.0,0.0
10740,0.026038451353649093,50.02050420124692,0.0,1.0,1.0,0.0,0.0
10741,0.026038451353649093,50.02050420124692,0.0,1.0,1.0,0.0,0.0
10742,0.026038451353649093,50.02050420124692,1.6041666666666664E-4,1.0,1.0,9.0,9.0
10743,0.026038451353649093,50.02050420124692,0.0,1.0,1.0,0.0,0.0
10744,0.06145815361894503,29.88083709302555,0.00301273148148148,0.995902126838986,0.995902126838986,137.0,137.0
10745,0.06145815361894503,30.00398061136454,0.0,1.0,1.0,0.0,0.0
10746,0.054635541717008254,30.00121265729556,0.0,1.0,1.0,0.0,0.0
10747,0.054635541717008254,30.00121265729556,0.0,1.0,1.0,0.0,0.0
10748,0.0685681943075213,50.00921789041262,0.0,1.0,1.0,0.0,0.0
10749,0.0685681943075213,50.00921789041262,0.0,1.0,1.0,0.0,0.0
10750,0.0685681943075213,50.00921789041262,1.6041666666666664E-4,1.0,1.0,9.0,9.0
10751,0.0685681943075213,50.00921789041262,0.0,1.0,1.0,0.0,0.0
10752,0.10521742283437094,30.000215603020386,0.0,1.0,1.0,0.0,0.0
10753,0.10521742283437094,29.95526335688445,0.003210648148148148,0.9985019661062681,0.9985019661062681,146.0,146.0
10754,0.08732346996659451,29.653978179419965,0.003870370370370369,0.9807540086757721,0.9883920821497696,176.0,176.0
10755,0.08732346996659451,30.002337457505277,0.0,1.0,1.0,0.0,0.0
10756,0.028442785773178214,50.02150893182294,0.0,1.0,1.0,0.0,0.0
10757,0.028442785773178214,50.02150893182294,0.0,1.0,1.0,0.0,0.0
10758,0.028442785773178214,50.02150893182294,2.317129629629629E-4,1.0,1.0,13.0,13.0
10759,0.028442785773178214,50.02150893182294,0.0,1.0,1.0,0.0,0.0
10760,0.018966912596956955,50.022626629337026,0.0,1.0,1.0,0.0,0.0
10761,0.018966912596956955,50.022626629337026,0.0,1.0,1.0,0.0,0.0
10762,0.018671606616705687,50.013232009033096,0.0,1.0,1.0,0.0,0.0
10763,0.018671606616705687,50.013232009033096,0.0,1.0,1.0,0.0,0.0
10764,0.06867929932910105,30.001878119738357,0.0,1.0,1.0,0.0,0.0
10765,0.06867929932910105,30.001878119738357,0.0,1.0,1.0,0.0,0.0
10766,0.018831774033712483,30.010795272848583,0.0,1.0,1.0,0.0,0.0
10767,0.018831774033712483,29.70193417149885,0.0012534722222222222,0.9897196233895208,0.9897196233895208,57.0,57.0
10768,0.018966912596956955,50.022626629337026,0.0,1.0,1.0,0.0,0.0
10769,0.018966912596956955,50.022626629337026,1.960648148148149E-4,1.0,1.0,11.0,11.0
10770,0.06867929932910105,30.001878119738357,0.0,1.0,1.0,0.0,0.0
10771,0.06867929932910105,29.8944969908081,0.0018472222222222219,0.9964232375352947,0.9964232375352947,84.0,84.0
10772,0.054635541717008254,29.902101508338422,0.0024189814814814825,0.9966984003425668,0.9966984003425668,110.0,110.0
10773,0.054635541717008254,30.00121265729556,0.0,1.0,1.0,0.0,0.0
10774,0.018671606616705687,50.013232009033096,0.0,1.0,1.0,0.0,0.0
10775,0.018671606616705687,50.013232009033096,1.6041666666666664E-4,1.0,1.0,9.0,9.0
10776,0.10567570308500085,30.00019959829691,6.377314814814811E-4,1.0,1.0,29.0,29.0
10777,0.10567570308500085,30.00019959829691,0.0,1.0,1.0,0.0,0.0
10778,0.003913483489695848,50.13715502813185,0.0,1.0,1.0,0.0,0.0
10779,0.003913483489695848,50.13715502813185,0.0,1.0,1.0,0.0,0.0
10780,0.04703180190069297,50.004278453188036,0.0,1.0,1.0,0.0,0.0
10781,0.04703180190069297,50.004278453188036,0.0,1.0,1.0,0.0,0.0
10782,0.09190436717775691,50.00086471813887,0.0,1.0,1.0,0.0,0.0
10783,0.09190436717775691,50.00086471813887,0.0,1.0,1.0,0.0,0.0
10784,0.09190436717775691,50.00086471813887,0.0,1.0,1.0,0.0,0.0
10785,0.09190436717775691,50.00086471813887,0.0,1.0,1.0,0.0,0.0
10786,0.0833124660812067,29.538691093156558,0.001781250000000001,0.9714544144545414,0.9845754955757495,81.0,81.0
10788,0.04232093722005291,50.00176369943895,0.0,1.0,1.0,0.0,0.0
10789,0.04232093722005291,50.00176369943895,0.0,1.0,1.0,0.0,0.0
10790,0.04232093722005291,50.00176369943895,0.0011229166666666664,1.0,1.0,63.0,63.0
10791,0.04232093722005291,50.00176369943895,0.0,1.0,1.0,0.0,0.0
10792,0.0817181093933713,50.005982290691264,0.0018358796296296298,1.0,1.0,103.0,103.0
10794,0.03926739289830697,49.325256562843634,0.0035826388888888874,0.979398038695908,0.9864196071500996,201.0,201.0
10796,0.0323777057746073,48.802001279397494,0.010819212962962966,0.969233653767149,0.9759634142091073,607.0,607.0
10798,0.0238874298371078,49.41716835084097,0.0035113425925925945,0.9804666619290899,0.9878444381276754,197.0,197.0
10800,0.04874661323500806,50.01077447877715,0.0,1.0,1.0,0.0,0.0
10802,0.07093585268578444,50.0037340256166,0.0,1.0,1.0,0.0,0.0
10803,0.07093585268578444,49.64489005172626,0.0035291666666666674,0.992826232210207,0.992826232210207,198.0,198.0
10804,0.09180746763897753,49.51550023658088,0.014401851851851855,0.9902909128245297,0.9902909128245297,808.0,808.0
10806,0.013544135003969194,50.00911386080933,0.0,1.0,1.0,0.0,0.0
10807,0.013544135003969194,50.00911386080933,0.0,1.0,1.0,0.0,0.0
10808,0.11681063286178178,50.002173401000526,0.0,1.0,1.0,0.0,0.0
10809,0.11681063286178178,47.760899728831305,0.05455949074074075,0.932294655585435,0.9551776960997413,3061.0,3061.0
10810,0.1074574922530008,47.93001685706076,0.05491597222222222,0.9334056879795101,0.9584877542532707,3081.0,3081.0
10811,0.1074574922530008,50.006071886091384,0.0,1.0,1.0,0.0,0.0
10812,0.013544135003969195,50.009113860809336,0.0,1.0,1.0,0.0,0.0
10813,0.013544135003969195,50.009113860809336,3.564814814814813E-4,1.0,1.0,20.0,20.0
10814,0.022238773587811535,50.03724057257596,0.0,1.0,1.0,0.0,0.0
10815,0.022238773587811535,46.39109331121797,0.01901828703703703,0.9188200334212138,0.9271391223938001,1067.0,1067.0
10816,0.0401179608925528,46.609980766459444,0.01901828703703703,0.9195740841004947,0.9320430760026128,1067.0,1067.0
10818,0.006748345379570844,50.09081106485575,0.0,1.0,1.0,0.0,0.0
10819,0.006748345379570844,50.09081106485575,0.0,1.0,1.0,0.0,0.0
10820,0.08702220002709189,50.004775753795826,0.0,1.0,1.0,0.0,0.0
10822,0.058911252380066136,50.00719372040512,0.0,1.0,1.0,0.0,0.0
10824,0.05666140420182258,50.007613416661265,0.0,1.0,1.0,0.0,0.0
10826,0.006569332418773247,50.105077770304426,0.0,1.0,1.0,0.0,0.0
10827,0.006569332418773247,50.105077770304426,0.0,1.0,1.0,0.0,0.0
10828,0.06068027286172309,50.011213897024525,0.0,1.0,1.0,0.0,0.0
10829,0.06068027286172309,48.42844708535369,0.006060185185185187,0.9608385021701926,0.9683540086807704,340.0,340.0
10830,0.048727048335050364,50.00495268135157,0.0,1.0,1.0,0.0,0.0
10832,0.04708243817726228,46.50921973226999,0.02012337962962964,0.9190210545120615,0.9299313446701927,1129.0,1129.0
10834,0.006748345379570844,50.09081106485575,0.0,1.0,1.0,0.0,0.0
10835,0.006748345379570844,45.956088129689974,0.02308217592592593,0.900931550115643,0.917475812043289,1295.0,1295.0
10836,0.006569332418773247,50.105077770304426,0.0,1.0,1.0,0.0,0.0
10837,0.006569332418773247,48.20598867329515,0.006060185185185187,0.9583333333333334,0.9621057828684015,340.0,340.0
10838,0.003923521020397537,45.870022774288465,0.04926574074074074,0.899894252854108,0.9158144747022966,2764.0,2764.0
10840,0.007716699948715889,50.054269937616574,0.0,1.0,1.0,0.0,0.0
10842,0.13265600237278855,46.75267887249178,0.04926574074074074,0.9051300206383464,0.9350315478378103,2764.0,2764.0
10844,0.28225481593939505,30.00051188018371,0.0,1.0,1.0,0.0,0.0
10845,0.28225481593939505,30.00051188018371,0.0,1.0,1.0,0.0,0.0
10846,0.05221505766807924,50.006439905582674,0.0,1.0,1.0,0.0,0.0
10847,0.05221505766807924,50.006439905582674,0.0,1.0,1.0,0.0,0.0
10848,0.05221505766807924,50.006439905582674,0.0,1.0,1.0,0.0,0.0
10849,0.05221505766807924,50.006439905582674,0.0,1.0,1.0,0.0,0.0
10850,0.04134757844536973,30.004289942215483,0.0,1.0,1.0,0.0,0.0
10852,0.20497378364898317,50.000380887406116,0.0,1.0,1.0,0.0,0.0
10854,0.026434645310958852,50.00773679424692,0.0015150462962962969,1.0,1.0,85.0,85.0
10855,0.026434645310958852,50.00773679424692,0.0,1.0,1.0,0.0,0.0
10856,0.07407600435599945,50.0044282170632,0.0,1.0,1.0,0.0,0.0
10858,0.05275236159114981,50.00223847502351,0.0,1.0,1.0,0.0,0.0
10859,0.05275236159114981,50.00223847502351,0.0,1.0,1.0,0.0,0.0
10860,0.10397422609872177,50.00096365955095,0.002655787037037037,1.0,1.0,149.0,149.0
10861,0.10397422609872177,50.00096365955095,0.0,1.0,1.0,0.0,0.0
10862,0.04619717262237883,50.00295292861208,0.0011407407407407408,1.0,1.0,64.0,64.0
10863,0.04619717262237883,50.00295292861208,0.0,1.0,1.0,0.0,0.0
10864,0.13320727222787795,50.004815434865556,0.0,1.0,1.0,0.0,0.0
10866,0.03734071990936666,50.00989273575892,7.12962962962963E-5,1.0,1.0,4.0,4.0
10867,0.03734071990936666,50.00989273575892,0.0,1.0,1.0,0.0,0.0
10868,0.011770745646849528,50.02914324516919,0.0,1.0,1.0,0.0,0.0
10869,0.011770745646849528,50.02914324516919,1.7824074074074064E-4,1.0,1.0,10.0,10.0
10870,0.03722342243883663,50.001612231273086,0.0,1.0,1.0,0.0,0.0
10871,0.03722342243883663,50.001612231273086,0.0,1.0,1.0,0.0,0.0
10872,0.022241188569363565,49.69962721658663,2.317129629629629E-4,0.993771337140534,0.993771337140534,13.0,13.0
10873,0.022241188569363565,50.01141714535218,0.0,1.0,1.0,0.0,0.0
10874,0.03722342243883663,50.001612231273086,5.3472222222222244E-5,1.0,1.0,3.0,3.0
10875,0.03722342243883663,50.001612231273086,0.0,1.0,1.0,0.0,0.0
10876,0.0298346698211204,50.00223992366548,0.0,1.0,1.0,0.0,0.0
10877,0.0298346698211204,50.00223992366548,0.0,1.0,1.0,0.0,0.0
10878,0.6913948195278298,50.00042889313353,0.0,1.0,1.0,0.0,0.0
10879,0.6913948195278298,49.978995534359186,0.010088425925925923,0.9995721369991384,0.9995721369991384,566.0,566.0
10880,0.0298346698211204,50.00223992366548,0.0,1.0,1.0,0.0,0.0
10881,0.0298346698211204,50.00223992366548,1.6041666666666664E-4,1.0,1.0,9.0,9.0
10882,0.19462891497780646,50.00457421639332,0.0,1.0,1.0,0.0,0.0
10883,0.19462891497780646,50.00457421639332,0.0,1.0,1.0,0.0,0.0
10884,0.02671912266040551,50.02019842821625,0.0,1.0,1.0,0.0,0.0
10885,0.02671912266040551,50.02019842821625,0.0,1.0,1.0,0.0,0.0
10886,0.10294267555075765,49.66684540473643,0.010427083333333333,0.9931078824959517,0.9931078824959517,585.0,585.0
10887,0.10294267555075765,50.01263589510493,0.0,1.0,1.0,0.0,0.0
10888,0.02671912266040551,50.02019842821625,0.0,1.0,1.0,0.0,0.0
10889,0.02671912266040551,50.02019842821625,1.425925925925926E-4,1.0,1.0,8.0,8.0
10890,0.19462891497780646,50.00457421639332,0.0,1.0,1.0,0.0,0.0
10891,0.19462891497780646,49.42209905891956,0.010266666666666665,0.9883590735062621,0.9883590735062621,576.0,576.0
10892,0.026545590446147096,50.007391735284955,0.0,1.0,1.0,0.0,0.0
10894,0.02276198735353307,48.927401348488715,0.020533333333333324,0.971251176962386,0.9780650200508594,1152.0,1152.0
10896,0.02373705481717006,49.698850860402274,6.060185185185188E-4,0.9939389155590884,0.9939389155590884,34.0,34.0
10898,0.01987097607393088,49.325451790445186,8.555555555555559E-4,0.9860330341064113,0.9860330341064113,48.0,48.0
10900,0.04154699360363188,50.0017234579517,0.001461574074074075,0.9999102452027239,0.9999102452027239,82.0,82.0
10902,0.004271521094393366,47.14431990828856,0.02532800925925926,0.9166666666666667,0.9412455982853298,1421.0,1421.0
10904,0.011978748128724,49.451940940692836,0.025149768518518523,0.9885391554390106,0.9885391554390106,1411.0,1411.0
10906,0.009087385977010507,49.48144192367384,1.7824074074074064E-4,0.9891966184482737,0.9891966184482737,10.0,10.0
10908,0.165136397502242,49.96490684708575,0.025149768518518523,0.9992348654177876,0.9992348654177876,1411.0,1411.0
10909,0.165136397502242,50.0034511740324,0.0,1.0,1.0,0.0,0.0
10910,0.00938011101978976,50.02725877221205,0.0,1.0,1.0,0.0,0.0
10912,0.16565176609635052,49.9910389118919,6.060185185185188E-4,0.999746274857421,0.999746274857421,34.0,34.0
10913,0.16565176609635052,49.97587164862196,0.01967777777777777,0.9994461688694317,0.9994461688694317,1104.0,1104.0
10914,0.024793826347130014,49.46111715240397,0.01967777777777777,0.9891424893166614,0.9891424893166614,1104.0,1104.0
10916,0.05019163479602562,50.01103937605653,0.0,1.0,1.0,0.0,0.0
10917,0.05019163479602562,50.01103937605653,0.0,1.0,1.0,0.0,0.0
10918,0.023122956998095603,49.25416247434281,0.0047946759259259245,0.9845973830285079,0.9845973830285079,269.0,269.0
10920,0.032712734732768,50.00672825391286,0.0,1.0,1.0,0.0,0.0
10921,0.032712734732768,50.00672825391286,0.0,1.0,1.0,0.0,0.0
10922,0.030522637004625104,50.01433464572161,0.0,1.0,1.0,0.0,0.0
10923,0.030522637004625104,50.01433464572161,0.0,1.0,1.0,0.0,0.0
10924,0.0323703356250837,50.01425246794048,0.0,1.0,1.0,0.0,0.0
10925,0.0323703356250837,50.01425246794048,0.0,1.0,1.0,0.0,0.0
10926,0.05019163479602562,49.75903062295062,0.0047946759259259245,0.9949713242879407,0.9949713242879407,269.0,269.0
10927,0.05019163479602562,50.01103937605653,0.0,1.0,1.0,0.0,0.0
10928,0.1577201441270734,50.003744505280864,0.0,1.0,1.0,0.0,0.0
10929,0.1577201441270734,49.86376006428301,0.0047946759259259245,0.9972042117063771,0.9972042117063771,269.0,269.0
10930,0.0323703356250837,50.01425246794048,0.0,1.0,1.0,0.0,0.0
10931,0.0323703356250837,50.01425246794048,0.0,1.0,1.0,0.0,0.0
10932,0.03721193859853714,50.004844701281726,0.0,1.0,1.0,0.0,0.0
10933,0.03721193859853714,50.004844701281726,0.0,1.0,1.0,0.0,0.0
10934,0.05000721306890027,29.448314352666312,0.0034525462962962973,0.9699027806341443,0.9814722279349551,157.0,157.0
10936,0.05486920441974899,50.007376180024394,0.0,1.0,1.0,0.0,0.0
10937,0.05486920441974899,50.007376180024394,0.0,1.0,1.0,0.0,0.0
10938,0.05486920441974899,50.007376180024394,6.416666666666666E-4,1.0,1.0,36.0,36.0
10939,0.05486920441974899,50.007376180024394,0.0,1.0,1.0,0.0,0.0
10940,0.019109504827560617,50.03215809397689,0.0,1.0,1.0,0.0,0.0
10941,0.019109504827560617,50.03215809397689,0.0,1.0,1.0,0.0,0.0
10942,0.007330672682397737,29.87186569675351,0.0019571759259259264,0.994986696745322,0.994986696745322,89.0,89.0
10944,0.09497899271155848,50.00356445767922,0.0,1.0,1.0,0.0,0.0
10945,0.09497899271155848,50.00356445767922,0.0,1.0,1.0,0.0,0.0
10946,0.09497899271155846,50.00356445767922,5.525462962962965E-4,1.0,1.0,31.0,31.0
10947,0.09497899271155846,50.00356445767922,0.0,1.0,1.0,0.0,0.0
10948,0.1513606097931344,50.004422800338055,0.0,1.0,1.0,0.0,0.0
10949,0.1513606097931344,50.004422800338055,0.0,1.0,1.0,0.0,0.0
10950,0.0028789479145746714,50.06865938390733,0.0,1.0,1.0,0.0,0.0
10951,0.0028789479145746714,50.06865938390733,0.0,1.0,1.0,0.0,0.0
10952,0.14626996278471152,50.0020763483963,0.0,1.0,1.0,0.0,0.0
10953,0.14626996278471152,48.906670784983135,0.00292314814814815,0.9682134761777001,0.9780936190220669,164.0,164.0
10954,0.043528569978971775,48.42313729758772,0.0034043981481481473,0.9608613260952786,0.9684453043811144,191.0,191.0
10955,0.043528569978971775,50.00090999498992,0.0,1.0,1.0,0.0,0.0
10956,0.03386811888810855,50.01034782493469,0.0,1.0,1.0,0.0,0.0
10957,0.03386811888810855,49.71757891370955,2.6736111111111107E-4,0.9941510891660814,0.9941510891660814,15.0,15.0
10958,0.06922376537909122,49.99444782450771,3.921296296296298E-4,0.999867592560788,0.999867592560788,22.0,22.0
10959,0.06922376537909122,50.001114639793016,0.0,1.0,1.0,0.0,0.0
10960,0.0697989589614472,50.00522433058904,0.0,1.0,1.0,0.0,0.0
10961,0.0697989589614472,50.00522433058904,0.0,1.0,1.0,0.0,0.0
10962,0.0697989589614472,50.00522433058904,1.247685185185186E-4,1.0,1.0,7.0,7.0
10963,0.0697989589614472,50.00522433058904,0.0,1.0,1.0,0.0,0.0
10964,0.00881327124026165,50.043811458898965,0.0,1.0,1.0,0.0,0.0
10965,0.00881327124026165,50.043811458898965,0.0,1.0,1.0,0.0,0.0
10966,0.014866551380230198,48.1250273726314,0.011514351851851855,0.9556571024838519,0.9621535396326488,646.0,646.0
10968,0.04979772650398822,50.00608519228943,0.0,1.0,1.0,0.0,0.0
10969,0.04979772650398822,50.00608519228943,0.0,1.0,1.0,0.0,0.0
10970,0.08154319853455565,50.00093931602798,0.0,1.0,1.0,0.0,0.0
10971,0.08154319853455565,50.00093931602798,0.0,1.0,1.0,0.0,0.0
10972,0.00881327124026165,50.043811458898965,0.0,1.0,1.0,0.0,0.0
10973,0.00881327124026165,50.043811458898965,3.743055555555557E-4,1.0,1.0,21.0,21.0
10974,0.04979772650398822,49.06172640902426,8.377314814814818E-4,0.9754217548295365,0.981117895328271,47.0,47.0
10975,0.04979772650398822,50.00608519228943,0.0,1.0,1.0,0.0,0.0
10976,0.08154319853455566,50.000939316027996,0.0,1.0,1.0,0.0,0.0
10977,0.08154319853455566,50.000939316027996,4.634259259259258E-4,1.0,1.0,26.0,26.0
10978,0.048299557985031466,30.010080901987106,0.0,1.0,1.0,0.0,0.0
10979,0.048299557985031466,30.010080901987106,0.0,1.0,1.0,0.0,0.0
10980,0.06901280996826344,30.00556955141889,0.0,1.0,1.0,0.0,0.0
10981,0.06901280996826344,30.00556955141889,0.0,1.0,1.0,0.0,0.0
10982,0.05436066472354928,50.01236723863465,0.0,1.0,1.0,0.0,0.0
10983,0.05436066472354928,50.01236723863465,0.0,1.0,1.0,0.0,0.0
10984,0.016544292806604185,50.00793795447109,0.0,1.0,1.0,0.0,0.0
10985,0.016544292806604185,50.00793795447109,0.0,1.0,1.0,0.0,0.0
10986,0.019379141633302045,50.010688085940764,0.0,1.0,1.0,0.0,0.0
10987,0.019379141633302045,47.335823901420405,0.07632268518518519,0.9208804144662648,0.9465205297861607,4282.0,4282.0
10988,0.04696235294929935,50.00427998150774,0.0,1.0,1.0,0.0,0.0
10989,0.04696235294929935,50.00427998150774,0.0,1.0,1.0,0.0,0.0
10990,0.04696235294929936,50.00427998150775,0.0,1.0,1.0,0.0,0.0
10991,0.04696235294929936,50.00427998150775,0.0,1.0,1.0,0.0,0.0
10992,0.05793330960325403,50.002377025105375,0.0,1.0,1.0,0.0,0.0
10993,0.05793330960325403,50.002377025105375,0.0,1.0,1.0,0.0,0.0
10994,0.014262680133524285,48.013519408557045,0.07632268518518519,0.9594547070672396,0.9594547070672396,4282.0,4282.0
10995,0.014262680133524285,50.044491696576436,0.0,1.0,1.0,0.0,0.0
10996,0.050539659089076885,50.01175720744277,0.0,1.0,1.0,0.0,0.0
10997,0.050539659089076885,49.63458520516997,0.07632268518518519,0.992476155300282,0.992476155300282,4282.0,4282.0
10998,0.05793330960325403,50.002377025105375,0.0,1.0,1.0,0.0,0.0
10999,0.05793330960325403,50.002377025105375,0.0,1.0,1.0,0.0,0.0
11000,0.024042554874280725,50.0018472255405,0.0,1.0,1.0,0.0,0.0
11002,0.05824576025656797,50.0202139607931,0.0,1.0,1.0,0.0,0.0
11003,0.05824576025656797,50.0202139607931,0.0,1.0,1.0,0.0,0.0
11004,0.36275191840705884,50.00026442550777,0.0,1.0,1.0,0.0,0.0
11005,0.36275191840705884,50.00026442550777,0.0,1.0,1.0,0.0,0.0
11006,0.36275191840705884,50.00026442550777,0.0,1.0,1.0,0.0,0.0
11007,0.36275191840705884,50.00026442550777,0.0,1.0,1.0,0.0,0.0
11008,0.06403608208466502,50.00648492511802,0.0,1.0,1.0,0.0,0.0
11009,0.06403608208466502,50.00648492511802,0.0,1.0,1.0,0.0,0.0
11010,0.14146740199349028,50.003205417433975,0.0,1.0,1.0,0.0,0.0
11011,0.14146740199349028,50.003205417433975,0.0,1.0,1.0,0.0,0.0
11012,0.14146740199349025,50.00320541743396,0.0,1.0,1.0,0.0,0.0
11013,0.14146740199349025,50.00320541743396,0.0,1.0,1.0,0.0,0.0
11014,0.011659487549527945,50.0287904389757,0.0,1.0,1.0,0.0,0.0
11015,0.011659487549527945,50.0287904389757,0.0,1.0,1.0,0.0,0.0
11016,0.016544292806604185,50.00793795447109,0.0,1.0,1.0,0.0,0.0
11017,0.016544292806604185,48.322253712589124,0.07632268518518519,0.9662995450864792,0.9662995450864792,4282.0,4282.0
11018,0.0210753357708183,49.0074493726764,0.07632268518518519,0.9798926739791216,0.9798926739791216,4282.0,4282.0
11019,0.0210753357708183,50.01398073496762,0.0,1.0,1.0,0.0,0.0
11020,0.011659487549527945,50.0287904389757,0.0,1.0,1.0,0.0,0.0
11021,0.011659487549527945,50.0287904389757,0.0,1.0,1.0,0.0,0.0
11022,0.10136180644310366,30.003494753755398,0.0,1.0,1.0,0.0,0.0
11023,0.10136180644310366,29.83936849376313,1.3194444444444438E-4,0.9945339784915846,0.9945339784915846,6.0,6.0
11024,0.026293973102283253,29.738546084165172,1.3194444444444438E-4,0.9912007997111874,0.9912007997111874,6.0,6.0
11026,0.28652249862710716,50.00392646197333,0.0,1.0,1.0,0.0,0.0
11027,0.28652249862710716,50.00392646197333,0.0,1.0,1.0,0.0,0.0
11028,0.030663545086748567,50.017563349476596,2.851851851851852E-4,1.0,1.0,16.0,16.0
11030,0.013522724466257685,49.97640395111956,3.386574074074076E-4,0.9989015067321064,0.9989015067321064,19.0,19.0
11032,0.046589640157145916,50.006769399441055,0.0,1.0,1.0,0.0,0.0
11034,0.005137491872895707,48.47463749380101,0.0022993055555555566,0.9429940058451705,0.9671822611900256,129.0,129.0
11036,0.007050940225449473,48.780302809720155,0.002406250000000001,0.9743576925121022,0.9743576925121022,135.0,135.0
11038,0.010589847862254555,50.03077730199002,0.0,1.0,1.0,0.0,0.0
11040,0.03490961200595045,49.58696454675309,0.002406250000000001,0.9915536816741047,0.9915536816741047,135.0,135.0
11042,0.008114307120241563,50.01970142614662,5.3472222222222244E-5,1.0,1.0,3.0,3.0
11044,0.0061336555390618,48.904428398349545,3.386574074074076E-4,0.9583333333333334,0.9767342999505187,19.0,19.0
11046,0.012347792972266868,49.94449607639332,5.3472222222222244E-5,0.9988441780625334,0.9988441780625334,3.0,3.0
11048,0.031117608970138457,50.01044298772251,0.0,1.0,1.0,0.0,0.0
11050,0.01644746401520469,50.009181127311564,0.0,1.0,1.0,0.0,0.0
11052,0.01785896704806968,49.10130154716726,0.002406250000000001,0.9814022298817973,0.9814022298817973,135.0,135.0
11053,0.01785896704806968,50.03290379225747,0.0,1.0,1.0,0.0,0.0
11054,0.012510525881900906,49.78146757173069,0.0022993055555555566,0.994831138723795,0.994831138723795,129.0,129.0
11056,0.02685280408610629,30.003133057102,0.0,1.0,1.0,0.0,0.0
11058,0.04003241909188747,50.005797616514535,0.0,1.0,1.0,0.0,0.0
11059,0.04003241909188747,49.96482064346767,2.317129629629629E-4,0.9991828762126104,0.9991828762126104,13.0,13.0
11060,0.02604954867353914,49.91744764566938,2.317129629629629E-4,0.9980557422577315,0.9980557422577315,13.0,13.0
11062,0.01872914557106276,49.50892629229021,2.317129629629629E-4,0.9898202887674457,0.9898202887674457,13.0,13.0
11064,0.24101255224270995,50.00260419973235,1.6041666666666664E-4,1.0,1.0,9.0,9.0
11065,0.24101255224270995,50.00260419973235,0.0,1.0,1.0,0.0,0.0
11066,0.08846088223432831,50.00929272041173,3.564814814814813E-4,1.0,1.0,20.0,20.0
11067,0.08846088223432831,50.00929272041173,0.0,1.0,1.0,0.0,0.0
11068,0.06717863934392106,50.008912662968534,0.0,1.0,1.0,0.0,0.0
11069,0.06717863934392106,50.008912662968534,0.0,1.0,1.0,0.0,0.0
11070,0.06717863934392106,50.008912662968534,0.0,1.0,1.0,0.0,0.0
11071,0.06717863934392106,50.008912662968534,0.0,1.0,1.0,0.0,0.0
11072,0.006827452098101059,30.010778453191467,0.0,1.0,1.0,0.0,0.0
11073,0.006827452098101059,30.010778453191467,8.7962962962963E-5,1.0,1.0,4.0,4.0
11074,0.04148816784909242,30.003496234779572,0.0,1.0,1.0,0.0,0.0
11075,0.04148816784909242,30.003496234779572,0.0,1.0,1.0,0.0,0.0
11076,0.050562643194171655,29.919246686656464,8.7962962962963E-5,0.997224753521728,0.997224753521728,4.0,4.0
11077,0.050562643194171655,30.002557359323873,0.0,1.0,1.0,0.0,0.0
11078,0.06097880566061321,50.00539871940946,1.7824074074074075E-5,1.0,1.0,1.0,1.0
11079,0.06097880566061321,50.00539871940946,0.0,1.0,1.0,0.0,0.0
11080,0.03270110413868178,50.01018474904606,0.0,1.0,1.0,0.0,0.0
11081,0.03270110413868178,50.01018474904606,0.0,1.0,1.0,0.0,0.0
11082,0.0378729712039835,27.546585422621607,0.016559027777777777,0.9012982264571047,0.9180686297490932,753.0,753.0
11084,0.03270110413868178,50.01018474904606,0.0,1.0,1.0,0.0,0.0
11085,0.03270110413868178,50.01018474904606,3.743055555555557E-4,1.0,1.0,21.0,21.0
11086,0.05436066472354928,50.01236723863465,0.0,1.0,1.0,0.0,0.0
11087,0.05436066472354928,50.01236723863465,0.0,1.0,1.0,0.0,0.0
11088,0.14393261373834879,30.00332423034485,0.0,1.0,1.0,0.0,0.0
11089,0.14393261373834879,30.00332423034485,0.0,1.0,1.0,0.0,0.0
11090,0.11404804541040116,30.003870467512733,0.0,1.0,1.0,0.0,0.0
11091,0.11404804541040116,30.003870467512733,0.0,1.0,1.0,0.0,0.0
11092,0.054515125942956696,50.00113462283926,0.0,1.0,1.0,0.0,0.0
11093,0.054515125942956696,50.00113462283926,0.0,1.0,1.0,0.0,0.0
11094,0.054515125942956696,50.00113462283926,0.0,1.0,1.0,0.0,0.0
11095,0.054515125942956696,50.00113462283926,0.0,1.0,1.0,0.0,0.0
11096,0.052605853978286536,30.003338770885858,0.0,1.0,1.0,0.0,0.0
11097,0.052605853978286536,30.003338770885858,0.0,1.0,1.0,0.0,0.0
11098,0.11404804541040114,30.003870467512726,0.0,1.0,1.0,0.0,0.0
11099,0.11404804541040114,30.003870467512726,0.0,1.0,1.0,0.0,0.0
11100,0.039655214758916535,50.00307290091052,0.0,1.0,1.0,0.0,0.0
11101,0.039655214758916535,50.00307290091052,0.0,1.0,1.0,0.0,0.0
11102,0.039655214758916535,50.00307290091052,0.0,1.0,1.0,0.0,0.0
11103,0.039655214758916535,50.00307290091052,0.0,1.0,1.0,0.0,0.0
11104,0.030522637004625104,50.01433464572161,0.0,1.0,1.0,0.0,0.0
11105,0.030522637004625104,50.01433464572161,0.0,1.0,1.0,0.0,0.0
11106,0.039516273088455636,50.00301691333578,0.0,1.0,1.0,0.0,0.0
11107,0.039516273088455636,50.00301691333578,0.0,1.0,1.0,0.0,0.0
11108,0.6287750164866782,30.000398390394444,0.0,1.0,1.0,0.0,0.0
11109,0.6287750164866782,30.000398390394444,0.0,1.0,1.0,0.0,0.0
11110,0.10820242920909352,30.000673533020386,0.0,1.0,1.0,0.0,0.0
11111,0.10820242920909352,30.000673533020386,0.0,1.0,1.0,0.0,0.0
11112,0.039516273088455636,50.00301691333578,0.0,1.0,1.0,0.0,0.0
11113,0.039516273088455636,50.00301691333578,0.0,1.0,1.0,0.0,0.0
11114,0.054800471370347596,50.00803471058336,0.0,1.0,1.0,0.0,0.0
11115,0.054800471370347596,50.00803471058336,0.0,1.0,1.0,0.0,0.0
11116,0.10820242920909352,30.000673533020386,0.0,1.0,1.0,0.0,0.0
11117,0.10820242920909352,30.000673533020386,0.0,1.0,1.0,0.0,0.0
11118,0.14393261373834879,30.00332423034485,0.0,1.0,1.0,0.0,0.0
11119,0.14393261373834879,30.00332423034485,0.0,1.0,1.0,0.0,0.0
11120,0.054800471370347596,50.00803471058336,0.0,1.0,1.0,0.0,0.0
11121,0.054800471370347596,50.00803471058336,0.0,1.0,1.0,0.0,0.0
11122,0.048299557985031466,30.010080901987106,0.0,1.0,1.0,0.0,0.0
11123,0.048299557985031466,30.010080901987106,0.0,1.0,1.0,0.0,0.0
11124,0.15488934786077715,30.00116497895178,0.0,1.0,1.0,0.0,0.0
11125,0.15488934786077715,30.00116497895178,0.0,1.0,1.0,0.0,0.0
11126,0.03489689832777136,50.01147849521373,0.0,1.0,1.0,0.0,0.0
11127,0.03489689832777136,50.01147849521373,0.0,1.0,1.0,0.0,0.0
11128,0.03489689832777136,50.01147849521373,0.0,1.0,1.0,0.0,0.0
11129,0.03489689832777136,50.01147849521373,0.0,1.0,1.0,0.0,0.0
11130,0.04346365258972585,50.006119949828395,0.0,1.0,1.0,0.0,0.0
11131,0.04346365258972585,50.006119949828395,0.0,1.0,1.0,0.0,0.0
11132,0.02348679573439942,50.00145750670486,0.0,1.0,1.0,0.0,0.0
11134,0.005321602185829844,50.02028164226485,0.0,1.0,1.0,0.0,0.0
11136,0.04927726077393985,49.954571305140725,1.7824074074074075E-5,0.998822819728447,0.998822819728447,1.0,1.0
11138,0.04517685156001568,50.01127478968525,0.0,1.0,1.0,0.0,0.0
11140,0.020469252493384105,50.02668633820962,1.7824074074074075E-5,1.0,1.0,1.0,1.0
11142,0.0063916123920649895,49.73994447933619,1.7824074074074075E-5,0.9853661153038699,0.994377042627382,1.0,1.0
11144,0.07586239219509555,50.000844361469056,0.0,1.0,1.0,0.0,0.0
11145,0.07586239219509555,50.000844361469056,0.0,1.0,1.0,0.0,0.0
11146,0.012818239903697029,49.8868657770456,0.005774999999999998,0.9967880530444244,0.9967880530444244,324.0,324.0
11148,0.07586239219509555,50.000844361469056,0.0,1.0,1.0,0.0,0.0
11149,0.07586239219509555,50.000844361469056,0.0,1.0,1.0,0.0,0.0
11150,0.03428961285672918,50.017263486314846,0.0,1.0,1.0,0.0,0.0
11151,0.03428961285672918,50.017263486314846,0.0,1.0,1.0,0.0,0.0
